[2112月2025 13:19:28.271] [main/INFO] [cpw.mods.modlauncher.Launcher/MODLAUNCHER]: ModLauncher running: args [--launchTarget, forgeserver, --fml.forgeVersion, 47.4.10, --fml.mcVersion, 1.20.1, --fml.forgeGroup, net.minecraftforge, --fml.mcpVersion, 20230612.114412, -, nogui]
[2112月2025 13:19:28.274] [main/INFO] [cpw.mods.modlauncher.Launcher/MODLAUNCHER]: ModLauncher 10.0.9+10.0.9+main.dcd20f30 starting: java version 21.0.9 by Oracle Corporation; OS Windows 11 arch amd64 version 10.0
[2112月2025 13:19:28.308] [main/DEBUG] [cpw.mods.modlauncher.LaunchServiceHandler/MODLAUNCHER]: Found launch services [fmlclientdev,forgeclient,minecraft,forgegametestserverdev,fmlserveruserdev,fmlclient,fmldatauserdev,forgeserverdev,forgeserveruserdev,forgeclientdev,forgeclientuserdev,forgeserver,forgedatadev,fmlserver,fmlclientuserdev,fmlserverdev,forgedatauserdev,testharness,forgegametestserveruserdev]
[2112月2025 13:19:28.319] [main/DEBUG] [cpw.mods.modlauncher.NameMappingServiceHandler/MODLAUNCHER]: Found naming services : [srgtomcp]
[2112月2025 13:19:28.332] [main/DEBUG] [cpw.mods.modlauncher.LaunchPluginHandler/MODLAUNCHER]: Found launch plugins: [mixin,eventbus,slf4jfixer,object_holder_definalize,runtime_enum_extender,capability_token_subclass,accesstransformer,runtimedistcleaner]
[2112月2025 13:19:28.339] [main/DEBUG] [cpw.mods.modlauncher.TransformationServicesHandler/MODLAUNCHER]: Discovering transformation services
[2112月2025 13:19:28.344] [main/DEBUG] [net.minecraftforge.fml.loading.FMLPaths/CORE]: Path GAMEDIR is D:\Desktop\Dreamingfish_Server_github\EconomySystem\server
[2112月2025 13:19:28.344] [main/DEBUG] [net.minecraftforge.fml.loading.FMLPaths/CORE]: Path MODSDIR is D:\Desktop\Dreamingfish_Server_github\EconomySystem\server\mods
[2112月2025 13:19:28.344] [main/DEBUG] [net.minecraftforge.fml.loading.FMLPaths/CORE]: Path CONFIGDIR is D:\Desktop\Dreamingfish_Server_github\EconomySystem\server\config
[2112月2025 13:19:28.344] [main/DEBUG] [net.minecraftforge.fml.loading.FMLPaths/CORE]: Path FMLCONFIG is D:\Desktop\Dreamingfish_Server_github\EconomySystem\server\config\fml.toml
[2112月2025 13:19:28.613] [main/DEBUG] [cpw.mods.modlauncher.TransformationServicesHandler/MODLAUNCHER]: Found additional transformation services from discovery services: 
[2112月2025 13:19:28.628] [main/INFO] [net.minecraftforge.fml.loading.ImmediateWindowHandler/]: ImmediateWindowProvider not loading because launch target is forgeserver
[2112月2025 13:19:28.652] [main/DEBUG] [cpw.mods.modlauncher.TransformationServicesHandler/MODLAUNCHER]: Found transformer services : [mixin,fml]
[2112月2025 13:19:28.652] [main/DEBUG] [cpw.mods.modlauncher.TransformationServicesHandler/MODLAUNCHER]: Transformation services loading
[2112月2025 13:19:28.653] [main/DEBUG] [cpw.mods.modlauncher.TransformationServiceDecorator/MODLAUNCHER]: Loading service mixin
[2112月2025 13:19:28.653] [main/DEBUG] [cpw.mods.modlauncher.TransformationServiceDecorator/MODLAUNCHER]: Loaded service mixin
[2112月2025 13:19:28.653] [main/DEBUG] [cpw.mods.modlauncher.TransformationServiceDecorator/MODLAUNCHER]: Loading service fml
[2112月2025 13:19:28.656] [main/DEBUG] [net.minecraftforge.fml.loading.LauncherVersion/CORE]: Found FMLLauncher version 1.0
[2112月2025 13:19:28.656] [main/DEBUG] [net.minecraftforge.fml.loading.FMLLoader/CORE]: FML 1.0 loading
[2112月2025 13:19:28.656] [main/DEBUG] [net.minecraftforge.fml.loading.FMLLoader/CORE]: FML found ModLauncher version : 10.0.9+10.0.9+main.dcd20f30
[2112月2025 13:19:28.656] [main/DEBUG] [net.minecraftforge.fml.loading.FMLLoader/CORE]: Requesting CoreMods to not apply the fix for ASMAPI.findFirstInstructionBefore by default
[2112月2025 13:19:28.657] [main/DEBUG] [net.minecraftforge.fml.loading.FMLLoader/CORE]: FML found AccessTransformer version : 8.0.4+66+master.c09db6d7
[2112月2025 13:19:28.657] [main/DEBUG] [net.minecraftforge.fml.loading.FMLLoader/CORE]: FML found EventBus version : 6.0.5+6.0.5+master.eb8e549b
[2112月2025 13:19:28.658] [main/DEBUG] [net.minecraftforge.fml.loading.FMLLoader/CORE]: Found Runtime Dist Cleaner
[2112月2025 13:19:28.663] [main/DEBUG] [net.minecraftforge.coremod.CoreModEngine/]: CoreMods will preserve legacy behavior of ASMAPI.findFirstInstructionBefore for backwards-compatibility
[2112月2025 13:19:28.663] [main/DEBUG] [net.minecraftforge.fml.loading.FMLLoader/CORE]: FML found CoreMod version : 5.2.4
[2112月2025 13:19:28.664] [main/DEBUG] [net.minecraftforge.fml.loading.FMLLoader/CORE]: Found ForgeSPI package implementation version 7.0.1+7.0.1+master.d2b38bf6
[2112月2025 13:19:28.664] [main/DEBUG] [net.minecraftforge.fml.loading.FMLLoader/CORE]: Found ForgeSPI package specification 5
[2112月2025 13:19:28.665] [main/DEBUG] [cpw.mods.modlauncher.TransformationServiceDecorator/MODLAUNCHER]: Loaded service fml
[2112月2025 13:19:28.666] [main/DEBUG] [cpw.mods.modlauncher.TransformationServicesHandler/MODLAUNCHER]: Configuring option handling for services
[2112月2025 13:19:28.678] [main/DEBUG] [cpw.mods.modlauncher.TransformationServicesHandler/MODLAUNCHER]: Transformation services initializing
[2112月2025 13:19:28.679] [main/DEBUG] [cpw.mods.modlauncher.TransformationServiceDecorator/MODLAUNCHER]: Initializing transformation service mixin
[2112月2025 13:19:28.716] [main/DEBUG] [mixin/]: MixinService [ModLauncher] was successfully booted in cpw.mods.cl.ModuleClassLoader@7e9a5fbe
[2112月2025 13:19:28.767] [main/INFO] [mixin/]: SpongePowered MIXIN Subsystem Version=0.8.5 Source=union:/D:/Desktop/Dreamingfish_Server_github/EconomySystem/server/libraries/org/spongepowered/mixin/0.8.5/mixin-0.8.5.jar%2365!/ Service=ModLauncher Env=SERVER
[2112月2025 13:19:28.778] [main/DEBUG] [mixin/]: Initialising Mixin Platform Manager
[2112月2025 13:19:28.778] [main/DEBUG] [mixin/]: Adding mixin platform agents for container ModLauncher Root Container(ModLauncher:4f56a0a2)
[2112月2025 13:19:28.780] [main/DEBUG] [mixin/]: Instancing new MixinPlatformAgentMinecraftForge for ModLauncher Root Container(ModLauncher:4f56a0a2)
[2112月2025 13:19:28.781] [main/DEBUG] [mixin/]: MixinPlatformAgentMinecraftForge rejected container ModLauncher Root Container(ModLauncher:4f56a0a2)
[2112月2025 13:19:28.782] [main/DEBUG] [mixin/]: Instancing new MixinPlatformAgentDefault for ModLauncher Root Container(ModLauncher:4f56a0a2)
[2112月2025 13:19:28.782] [main/DEBUG] [mixin/]: MixinPlatformAgentDefault accepted container ModLauncher Root Container(ModLauncher:4f56a0a2)
[2112月2025 13:19:28.791] [main/DEBUG] [cpw.mods.modlauncher.TransformationServiceDecorator/MODLAUNCHER]: Initialized transformation service mixin
[2112月2025 13:19:28.791] [main/DEBUG] [cpw.mods.modlauncher.TransformationServiceDecorator/MODLAUNCHER]: Initializing transformation service fml
[2112月2025 13:19:28.791] [main/DEBUG] [net.minecraftforge.fml.loading.FMLServiceProvider/CORE]: Setting up basic FML game directories
[2112月2025 13:19:28.792] [main/DEBUG] [net.minecraftforge.fml.loading.FMLPaths/CORE]: Path GAMEDIR is D:\Desktop\Dreamingfish_Server_github\EconomySystem\server
[2112月2025 13:19:28.792] [main/DEBUG] [net.minecraftforge.fml.loading.FMLPaths/CORE]: Path MODSDIR is D:\Desktop\Dreamingfish_Server_github\EconomySystem\server\mods
[2112月2025 13:19:28.792] [main/DEBUG] [net.minecraftforge.fml.loading.FMLPaths/CORE]: Path CONFIGDIR is D:\Desktop\Dreamingfish_Server_github\EconomySystem\server\config
[2112月2025 13:19:28.792] [main/DEBUG] [net.minecraftforge.fml.loading.FMLPaths/CORE]: Path FMLCONFIG is D:\Desktop\Dreamingfish_Server_github\EconomySystem\server\config\fml.toml
[2112月2025 13:19:28.792] [main/DEBUG] [net.minecraftforge.fml.loading.FMLServiceProvider/CORE]: Loading configuration
[2112月2025 13:19:28.795] [main/DEBUG] [net.minecraftforge.fml.loading.FMLServiceProvider/CORE]: Preparing ModFile
[2112月2025 13:19:28.802] [main/DEBUG] [net.minecraftforge.fml.loading.FMLServiceProvider/CORE]: Preparing launch handler
[2112月2025 13:19:28.803] [main/DEBUG] [net.minecraftforge.fml.loading.FMLLoader/CORE]: Using forgeserver as launch service
[2112月2025 13:19:28.833] [main/DEBUG] [net.minecraftforge.fml.loading.FMLLoader/CORE]: Received command line version data  : VersionInfo[forgeVersion=47.4.10, mcVersion=1.20.1, mcpVersion=20230612.114412, forgeGroup=net.minecraftforge]
[2112月2025 13:19:28.837] [main/DEBUG] [cpw.mods.modlauncher.TransformationServiceDecorator/MODLAUNCHER]: Initialized transformation service fml
[2112月2025 13:19:28.837] [main/DEBUG] [cpw.mods.modlauncher.NameMappingServiceHandler/MODLAUNCHER]: Current naming domain is 'srg'
[2112月2025 13:19:28.838] [main/DEBUG] [cpw.mods.modlauncher.NameMappingServiceHandler/MODLAUNCHER]: Identified name mapping providers {}
[2112月2025 13:19:28.838] [main/DEBUG] [cpw.mods.modlauncher.TransformationServicesHandler/MODLAUNCHER]: Transformation services begin scanning
[2112月2025 13:19:28.840] [main/DEBUG] [cpw.mods.modlauncher.TransformationServiceDecorator/MODLAUNCHER]: Beginning scan trigger - transformation service mixin
[2112月2025 13:19:28.840] [main/DEBUG] [cpw.mods.modlauncher.TransformationServiceDecorator/MODLAUNCHER]: End scan trigger - transformation service mixin
[2112月2025 13:19:28.840] [main/DEBUG] [cpw.mods.modlauncher.TransformationServiceDecorator/MODLAUNCHER]: Beginning scan trigger - transformation service fml
[2112月2025 13:19:28.840] [main/DEBUG] [net.minecraftforge.fml.loading.FMLServiceProvider/CORE]: Initiating mod scan
[2112月2025 13:19:28.864] [main/DEBUG] [net.minecraftforge.fml.loading.moddiscovery.ModListHandler/CORE]: Found mod coordinates from lists: []
[2112月2025 13:19:28.869] [main/DEBUG] [net.minecraftforge.fml.loading.moddiscovery.ModDiscoverer/CORE]: Found Mod Locators : (mods folder:null),(maven libs:null),(exploded directory:null),(minecraft:null),(userdev classpath:null)
[2112月2025 13:19:28.870] [main/DEBUG] [net.minecraftforge.fml.loading.moddiscovery.ModDiscoverer/CORE]: Found Dependency Locators : (JarInJar:null)
[2112月2025 13:19:28.889] [main/DEBUG] [net.minecraftforge.fml.loading.moddiscovery.ModFileParser/LOADING]: Considering mod file candidate D:\Desktop\Dreamingfish_Server_github\EconomySystem\server\mods\[GD656击杀图标] gd656killicon-1.0.0RC5-1.20.1-forge.jar
[2112月2025 13:19:28.996] [main/DEBUG] [net.minecraftforge.fml.loading.moddiscovery.ModFileInfo/LOADING]: Found valid mod file [GD656击杀图标] gd656killicon-1.0.0RC5-1.20.1-forge.jar with {gd656killicon} mods - versions {1.0.0RC5-1.20.1-forge}
[2112月2025 13:19:28.999] [main/DEBUG] [net.minecraftforge.fml.loading.moddiscovery.ModFileParser/LOADING]: Considering mod file candidate D:\Desktop\Dreamingfish_Server_github\EconomySystem\server\mods\[JEI物品管理器] jei-1.20.1-forge-15.20.0.112.jar
[2112月2025 13:19:29.002] [main/DEBUG] [net.minecraftforge.fml.loading.moddiscovery.ModFileInfo/LOADING]: Found valid mod file [JEI物品管理器] jei-1.20.1-forge-15.20.0.112.jar with {jei} mods - versions {15.20.0.112}
[2112月2025 13:19:29.004] [main/DEBUG] [net.minecraftforge.fml.loading.moddiscovery.ModFileParser/LOADING]: Considering mod file candidate D:\Desktop\Dreamingfish_Server_github\EconomySystem\server\mods\[Xaero的世界地图] XaerosWorldMap_1.39.12_Forge_1.20.jar
[2112月2025 13:19:29.004] [main/DEBUG] [net.minecraftforge.fml.loading.moddiscovery.ModFileInfo/LOADING]: Found valid mod file [Xaero的世界地图] XaerosWorldMap_1.39.12_Forge_1.20.jar with {xaeroworldmap} mods - versions {1.39.12}
[2112月2025 13:19:29.006] [main/DEBUG] [net.minecraftforge.fml.loading.moddiscovery.ModFileParser/LOADING]: Considering mod file candidate D:\Desktop\Dreamingfish_Server_github\EconomySystem\server\mods\[Xaero的小地图] Xaeros_Minimap_25.2.10_Forge_1.20.jar
[2112月2025 13:19:29.006] [main/DEBUG] [net.minecraftforge.fml.loading.moddiscovery.ModFileInfo/LOADING]: Found valid mod file [Xaero的小地图] Xaeros_Minimap_25.2.10_Forge_1.20.jar with {xaerominimap} mods - versions {25.2.10}
[2112月2025 13:19:29.008] [main/DEBUG] [net.minecraftforge.fml.loading.moddiscovery.ModFileParser/LOADING]: Considering mod file candidate D:\Desktop\Dreamingfish_Server_github\EconomySystem\server\mods\[优化-动态tps]tt20-0.7.1+mc1.20.1.jar
[2112月2025 13:19:29.009] [main/DEBUG] [net.minecraftforge.fml.loading.moddiscovery.ModFileInfo/LOADING]: Found valid mod file [优化-动态tps]tt20-0.7.1+mc1.20.1.jar with {tt20} mods - versions {0.7.1}
[2112月2025 13:19:29.010] [main/DEBUG] [net.minecraftforge.fml.loading.moddiscovery.ModFileParser/LOADING]: Considering mod file candidate D:\Desktop\Dreamingfish_Server_github\EconomySystem\server\mods\[优化-现代化修复] modernfix-forge-5.25.2+mc1.20.1.jar
[2112月2025 13:19:29.011] [main/DEBUG] [net.minecraftforge.fml.loading.moddiscovery.ModFileInfo/LOADING]: Found valid mod file [优化-现代化修复] modernfix-forge-5.25.2+mc1.20.1.jar with {modernfix} mods - versions {5.25.2+mc1.20.1}
[2112月2025 13:19:29.014] [main/DEBUG] [net.minecraftforge.fml.loading.moddiscovery.ModFileParser/LOADING]: Considering mod file candidate D:\Desktop\Dreamingfish_Server_github\EconomySystem\server\mods\[优化-铁氧体磁芯] ferritecore-6.0.1-forge.jar
[2112月2025 13:19:29.021] [main/DEBUG] [net.minecraftforge.fml.loading.moddiscovery.ModFileInfo/LOADING]: Found valid mod file [优化-铁氧体磁芯] ferritecore-6.0.1-forge.jar with {ferritecore} mods - versions {6.0.1}
[2112月2025 13:19:29.023] [main/DEBUG] [net.minecraftforge.fml.loading.moddiscovery.ModFileParser/LOADING]: Considering mod file candidate D:\Desktop\Dreamingfish_Server_github\EconomySystem\server\mods\[优化-镭] radium-mc1.20.1-0.12.4+git.26c9d8e.jar
[2112月2025 13:19:29.024] [main/DEBUG] [net.minecraftforge.fml.loading.moddiscovery.ModFileInfo/LOADING]: Found valid mod file [优化-镭] radium-mc1.20.1-0.12.4+git.26c9d8e.jar with {radium} mods - versions {0.12.4+git.26c9d8e}
[2112月2025 13:19:29.025] [main/DEBUG] [net.minecraftforge.fml.loading.moddiscovery.ModFileParser/LOADING]: Considering mod file candidate D:\Desktop\Dreamingfish_Server_github\EconomySystem\server\mods\[优化]servercore-forge-1.5.2+1.20.1.jar
[2112月2025 13:19:29.026] [main/DEBUG] [net.minecraftforge.fml.loading.moddiscovery.ModFileInfo/LOADING]: Found valid mod file [优化]servercore-forge-1.5.2+1.20.1.jar with {servercore} mods - versions {1.5.2+1.20.1}
[2112月2025 13:19:29.026] [main/DEBUG] [net.minecraftforge.fml.loading.moddiscovery.ModFileParser/LOADING]: Considering mod file candidate D:\Desktop\Dreamingfish_Server_github\EconomySystem\server\mods\[优化]tritium-forge-1.20.1-1.3.2.jar
[2112月2025 13:19:29.028] [main/DEBUG] [net.minecraftforge.fml.loading.moddiscovery.ModFileInfo/LOADING]: Found valid mod file [优化]tritium-forge-1.20.1-1.3.2.jar with {tritium} mods - versions {1.3.2}
[2112月2025 13:19:29.029] [main/DEBUG] [net.minecraftforge.fml.loading.moddiscovery.ModFileParser/LOADING]: Considering mod file candidate D:\Desktop\Dreamingfish_Server_github\EconomySystem\server\mods\[优化星光] starlight-1.1.2+forge.1cda73c.jar
[2112月2025 13:19:29.030] [main/DEBUG] [net.minecraftforge.fml.loading.moddiscovery.ModFileInfo/LOADING]: Found valid mod file [优化星光] starlight-1.1.2+forge.1cda73c.jar with {starlight} mods - versions {1.1.2+forge.1cda73c}
[2112月2025 13:19:29.031] [main/DEBUG] [net.minecraftforge.fml.loading.moddiscovery.ModFileParser/LOADING]: Considering mod file candidate D:\Desktop\Dreamingfish_Server_github\EconomySystem\server\mods\[优化网络]Krypton FNP-forge-1.20.1-0.2.25-1.20.1.jar
[2112月2025 13:19:29.031] [main/DEBUG] [net.minecraftforge.fml.loading.moddiscovery.ModFileInfo/LOADING]: Found valid mod file [优化网络]Krypton FNP-forge-1.20.1-0.2.25-1.20.1.jar with {krypton_fnp} mods - versions {0.2.25-1.20.1}
[2112月2025 13:19:29.033] [main/DEBUG] [net.minecraftforge.fml.loading.moddiscovery.ModFileParser/LOADING]: Considering mod file candidate D:\Desktop\Dreamingfish_Server_github\EconomySystem\server\mods\[前置]CreativeCore_FORGE_v2.12.32_mc1.20.1.jar
[2112月2025 13:19:29.033] [main/DEBUG] [net.minecraftforge.fml.loading.moddiscovery.ModFileInfo/LOADING]: Found valid mod file [前置]CreativeCore_FORGE_v2.12.32_mc1.20.1.jar with {creativecore} mods - versions {2.12.32}
[2112月2025 13:19:29.035] [main/DEBUG] [net.minecraftforge.fml.loading.moddiscovery.ModFileParser/LOADING]: Considering mod file candidate D:\Desktop\Dreamingfish_Server_github\EconomySystem\server\mods\[前置]geckolib-forge-1.20.1-4.8.2.jar
[2112月2025 13:19:29.036] [main/DEBUG] [net.minecraftforge.fml.loading.moddiscovery.ModFileInfo/LOADING]: Found valid mod file [前置]geckolib-forge-1.20.1-4.8.2.jar with {geckolib} mods - versions {4.8.2}
[2112月2025 13:19:29.037] [main/DEBUG] [net.minecraftforge.fml.loading.moddiscovery.ModFileParser/LOADING]: Considering mod file candidate D:\Desktop\Dreamingfish_Server_github\EconomySystem\server\mods\[前置]libraryferret-forge-1.20.1-4.0.0.jar
[2112月2025 13:19:29.037] [main/DEBUG] [net.minecraftforge.fml.loading.moddiscovery.ModFileInfo/LOADING]: Found valid mod file [前置]libraryferret-forge-1.20.1-4.0.0.jar with {libraryferret} mods - versions {4.0.0}
[2112月2025 13:19:29.038] [main/DEBUG] [net.minecraftforge.fml.loading.moddiscovery.ModFileParser/LOADING]: Considering mod file candidate D:\Desktop\Dreamingfish_Server_github\EconomySystem\server\mods\[前置]lithostitched-forge-1.20.1-1.4.11.jar
[2112月2025 13:19:29.039] [main/DEBUG] [net.minecraftforge.fml.loading.moddiscovery.ModFileInfo/LOADING]: Found valid mod file [前置]lithostitched-forge-1.20.1-1.4.11.jar with {lithostitched} mods - versions {1.4.11}
[2112月2025 13:19:29.041] [main/DEBUG] [net.minecraftforge.fml.loading.moddiscovery.ModFileParser/LOADING]: Considering mod file candidate D:\Desktop\Dreamingfish_Server_github\EconomySystem\server\mods\[前置]OELib-forge-1.20.1-0.0.6.jar
[2112月2025 13:19:29.041] [main/DEBUG] [net.minecraftforge.fml.loading.moddiscovery.ModFileInfo/LOADING]: Found valid mod file [前置]OELib-forge-1.20.1-0.0.6.jar with {oelib} mods - versions {0.0.6}
[2112月2025 13:19:29.042] [main/DEBUG] [net.minecraftforge.fml.loading.moddiscovery.ModFileParser/LOADING]: Considering mod file candidate D:\Desktop\Dreamingfish_Server_github\EconomySystem\server\mods\[前置]Placebo-1.20.1-8.6.3.jar
[2112月2025 13:19:29.043] [main/DEBUG] [net.minecraftforge.fml.loading.moddiscovery.ModFileInfo/LOADING]: Found valid mod file [前置]Placebo-1.20.1-8.6.3.jar with {placebo} mods - versions {8.6.3}
[2112月2025 13:19:29.044] [main/DEBUG] [net.minecraftforge.fml.loading.moddiscovery.ModFileParser/LOADING]: Considering mod file candidate D:\Desktop\Dreamingfish_Server_github\EconomySystem\server\mods\[前置]TerraBlender-forge-1.20.1-3.0.1.10.jar
[2112月2025 13:19:29.044] [main/DEBUG] [net.minecraftforge.fml.loading.moddiscovery.ModFileInfo/LOADING]: Found valid mod file [前置]TerraBlender-forge-1.20.1-3.0.1.10.jar with {terrablender} mods - versions {3.0.1.10}
[2112月2025 13:19:29.046] [main/DEBUG] [net.minecraftforge.fml.loading.moddiscovery.ModFileParser/LOADING]: Considering mod file candidate D:\Desktop\Dreamingfish_Server_github\EconomySystem\server\mods\[前置精妙核心] sophisticatedcore-1.20.1-1.2.108.1253.jar
[2112月2025 13:19:29.046] [main/DEBUG] [net.minecraftforge.fml.loading.moddiscovery.ModFileInfo/LOADING]: Found valid mod file [前置精妙核心] sophisticatedcore-1.20.1-1.2.108.1253.jar with {sophisticatedcore} mods - versions {1.2.108.1253}
[2112月2025 13:19:29.048] [main/DEBUG] [net.minecraftforge.fml.loading.moddiscovery.ModFileParser/LOADING]: Considering mod file candidate D:\Desktop\Dreamingfish_Server_github\EconomySystem\server\mods\[地下城与酒馆]dungeons-and-taverns-3.0.3.f[Forge].jar
[2112月2025 13:19:29.048] [main/DEBUG] [net.minecraftforge.fml.loading.moddiscovery.ModFileInfo/LOADING]: Found valid mod file [地下城与酒馆]dungeons-and-taverns-3.0.3.f[Forge].jar with {mr_dungeons_andtaverns} mods - versions {3.0.3.f}
[2112月2025 13:19:29.049] [main/DEBUG] [net.minecraftforge.fml.loading.moddiscovery.ModFileParser/LOADING]: Considering mod file candidate D:\Desktop\Dreamingfish_Server_github\EconomySystem\server\mods\[地形]tectonic-3.0.17-forge-1.20.1.jar
[2112月2025 13:19:29.049] [main/DEBUG] [net.minecraftforge.fml.loading.moddiscovery.ModFileInfo/LOADING]: Found valid mod file [地形]tectonic-3.0.17-forge-1.20.1.jar with {tectonic} mods - versions {3.0.17}
[2112月2025 13:19:29.051] [main/DEBUG] [net.minecraftforge.fml.loading.moddiscovery.ModFileParser/LOADING]: Considering mod file candidate D:\Desktop\Dreamingfish_Server_github\EconomySystem\server\mods\[多态合成] polymorph-forge-0.49.10+1.20.1.jar
[2112月2025 13:19:29.051] [main/DEBUG] [net.minecraftforge.fml.loading.moddiscovery.ModFileInfo/LOADING]: Found valid mod file [多态合成] polymorph-forge-0.49.10+1.20.1.jar with {polymorph} mods - versions {0.49.10+1.20.1}
[2112月2025 13:19:29.052] [main/DEBUG] [net.minecraftforge.fml.loading.moddiscovery.ModFileParser/LOADING]: Considering mod file candidate D:\Desktop\Dreamingfish_Server_github\EconomySystem\server\mods\[工作台性能优化] FastWorkbench-1.20.1-8.0.4.jar
[2112月2025 13:19:29.053] [main/DEBUG] [net.minecraftforge.fml.loading.moddiscovery.ModFileInfo/LOADING]: Found valid mod file [工作台性能优化] FastWorkbench-1.20.1-8.0.4.jar with {fastbench} mods - versions {8.0.4}
[2112月2025 13:19:29.054] [main/DEBUG] [net.minecraftforge.fml.loading.moddiscovery.ModFileParser/LOADING]: Considering mod file candidate D:\Desktop\Dreamingfish_Server_github\EconomySystem\server\mods\[更好的村庄] bettervillage-forge-1.20.1-3.3.1-all.jar
[2112月2025 13:19:29.054] [main/DEBUG] [net.minecraftforge.fml.loading.moddiscovery.ModFileInfo/LOADING]: Found valid mod file [更好的村庄] bettervillage-forge-1.20.1-3.3.1-all.jar with {bettervillage} mods - versions {3.3.1}
[2112月2025 13:19:29.058] [main/DEBUG] [net.minecraftforge.fml.loading.moddiscovery.ModFileParser/LOADING]: Considering mod file candidate D:\Desktop\Dreamingfish_Server_github\EconomySystem\server\mods\[未至之地] RegionsUnexploredForge-0.5.6+1.20.1.jar
[2112月2025 13:19:29.058] [main/DEBUG] [net.minecraftforge.fml.loading.moddiscovery.ModFileInfo/LOADING]: Found valid mod file [未至之地] RegionsUnexploredForge-0.5.6+1.20.1.jar with {regions_unexplored} mods - versions {0.5.6}
[2112月2025 13:19:29.060] [main/DEBUG] [net.minecraftforge.fml.loading.moddiscovery.ModFileParser/LOADING]: Considering mod file candidate D:\Desktop\Dreamingfish_Server_github\EconomySystem\server\mods\[永恒枪械工坊：零] tacz-1.20.1-1.1.7-release.jar
[2112月2025 13:19:29.061] [main/DEBUG] [net.minecraftforge.fml.loading.moddiscovery.ModFileInfo/LOADING]: Found valid mod file [永恒枪械工坊：零] tacz-1.20.1-1.1.7-release.jar with {tacz} mods - versions {1.1.7}
[2112月2025 13:19:29.062] [main/DEBUG] [net.minecraftforge.fml.loading.moddiscovery.ModFileParser/LOADING]: Considering mod file candidate D:\Desktop\Dreamingfish_Server_github\EconomySystem\server\mods\[汤姆的简易存储] toms_storage-1.20-1.7.1.jar
[2112月2025 13:19:29.063] [main/DEBUG] [net.minecraftforge.fml.loading.moddiscovery.ModFileInfo/LOADING]: Found valid mod file [汤姆的简易存储] toms_storage-1.20-1.7.1.jar with {toms_storage} mods - versions {1.7.1}
[2112月2025 13:19:29.064] [main/DEBUG] [net.minecraftforge.fml.loading.moddiscovery.ModFileParser/LOADING]: Considering mod file candidate D:\Desktop\Dreamingfish_Server_github\EconomySystem\server\mods\[流畅加载重置版] smoothboot(reloaded)-mc1.20.1-0.0.4.jar
[2112月2025 13:19:29.064] [main/DEBUG] [net.minecraftforge.fml.loading.moddiscovery.ModFileInfo/LOADING]: Found valid mod file [流畅加载重置版] smoothboot(reloaded)-mc1.20.1-0.0.4.jar with {smoothboot} mods - versions {0.0.4}
[2112月2025 13:19:29.065] [main/DEBUG] [net.minecraftforge.fml.loading.moddiscovery.ModFileParser/LOADING]: Considering mod file candidate D:\Desktop\Dreamingfish_Server_github\EconomySystem\server\mods\[灵活按键提示] smartkeyprompts-forge-1.20.1-1.1.2-fix2.jar
[2112月2025 13:19:29.066] [main/DEBUG] [net.minecraftforge.fml.loading.moddiscovery.ModFileInfo/LOADING]: Found valid mod file [灵活按键提示] smartkeyprompts-forge-1.20.1-1.1.2-fix2.jar with {smartkeyprompts} mods - versions {1.1.2}
[2112月2025 13:19:29.067] [main/DEBUG] [net.minecraftforge.fml.loading.moddiscovery.ModFileParser/LOADING]: Considering mod file candidate D:\Desktop\Dreamingfish_Server_github\EconomySystem\server\mods\[熔炉性能优化] FastFurnace-1.20.1-8.0.2.jar
[2112月2025 13:19:29.067] [main/DEBUG] [net.minecraftforge.fml.loading.moddiscovery.ModFileInfo/LOADING]: Found valid mod file [熔炉性能优化] FastFurnace-1.20.1-8.0.2.jar with {fastfurnace} mods - versions {8.0.2}
[2112月2025 13:19:29.068] [main/DEBUG] [net.minecraftforge.fml.loading.moddiscovery.ModFileParser/LOADING]: Considering mod file candidate D:\Desktop\Dreamingfish_Server_github\EconomySystem\server\mods\[玩家救援] PlayerRevive_FORGE_v2.0.31_mc1.20.1.jar
[2112月2025 13:19:29.069] [main/DEBUG] [net.minecraftforge.fml.loading.moddiscovery.ModFileInfo/LOADING]: Found valid mod file [玩家救援] PlayerRevive_FORGE_v2.0.31_mc1.20.1.jar with {playerrevive} mods - versions {2.0.31}
[2112月2025 13:19:29.070] [main/DEBUG] [net.minecraftforge.fml.loading.moddiscovery.ModFileParser/LOADING]: Considering mod file candidate D:\Desktop\Dreamingfish_Server_github\EconomySystem\server\mods\[精妙背包] sophisticatedbackpacks-1.20.1-3.24.12.1411.jar
[2112月2025 13:19:29.071] [main/DEBUG] [net.minecraftforge.fml.loading.moddiscovery.ModFileInfo/LOADING]: Found valid mod file [精妙背包] sophisticatedbackpacks-1.20.1-3.24.12.1411.jar with {sophisticatedbackpacks} mods - versions {3.24.12.1411}
[2112月2025 13:19:29.073] [main/DEBUG] [net.minecraftforge.fml.loading.moddiscovery.ModFileParser/LOADING]: Considering mod file candidate D:\Desktop\Dreamingfish_Server_github\EconomySystem\server\mods\[美化]particular-1.20.1-Forge-1.2.7.jar
[2112月2025 13:19:29.073] [main/DEBUG] [net.minecraftforge.fml.loading.moddiscovery.ModFileInfo/LOADING]: Found valid mod file [美化]particular-1.20.1-Forge-1.2.7.jar with {particular} mods - versions {1.2.7}
[2112月2025 13:19:29.074] [main/DEBUG] [net.minecraftforge.fml.loading.moddiscovery.ModFileParser/LOADING]: Considering mod file candidate D:\Desktop\Dreamingfish_Server_github\EconomySystem\server\mods\[自然罗盘／生物群系指南针] NaturesCompass-1.20.1-1.11.2-forge.jar
[2112月2025 13:19:29.075] [main/DEBUG] [net.minecraftforge.fml.loading.moddiscovery.ModFileInfo/LOADING]: Found valid mod file [自然罗盘／生物群系指南针] NaturesCompass-1.20.1-1.11.2-forge.jar with {naturescompass} mods - versions {1.20.1-1.11.2-forge}
[2112月2025 13:19:29.077] [main/DEBUG] [net.minecraftforge.fml.loading.moddiscovery.ModFileParser/LOADING]: Considering mod file candidate D:\Desktop\Dreamingfish_Server_github\EconomySystem\server\mods\[节气] EclipticSeasons-1.20.1-forge-0.12.5.4-all.jar
[2112月2025 13:19:29.078] [main/DEBUG] [net.minecraftforge.fml.loading.moddiscovery.ModFileInfo/LOADING]: Found valid mod file [节气] EclipticSeasons-1.20.1-forge-0.12.5.4-all.jar with {eclipticseasons} mods - versions {0.12.5.4}
[2112月2025 13:19:29.079] [main/DEBUG] [net.minecraftforge.fml.loading.moddiscovery.ModFileParser/LOADING]: Considering mod file candidate D:\Desktop\Dreamingfish_Server_github\EconomySystem\server\mods\economy_system-1.2.03 #mandatory.jar
[2112月2025 13:19:29.079] [main/DEBUG] [net.minecraftforge.fml.loading.moddiscovery.ModFileInfo/LOADING]: Found valid mod file economy_system-1.2.03 #mandatory.jar with {economy_system} mods - versions {1.2.03}
[2112月2025 13:19:29.147] [main/DEBUG] [net.minecraftforge.fml.loading.moddiscovery.ModFileInfo/LOADING]: Found valid mod file server-1.20.1-20230612.114412-srg.jar with {minecraft} mods - versions {1.20.1}
[2112月2025 13:19:29.151] [main/DEBUG] [net.minecraftforge.fml.loading.moddiscovery.ModFileParser/LOADING]: Considering mod file candidate D:\Desktop\Dreamingfish_Server_github\EconomySystem\server\libraries\net\minecraftforge\fmlcore\1.20.1-47.4.10\fmlcore-1.20.1-47.4.10.jar
[2112月2025 13:19:29.151] [main/WARN] [net.minecraftforge.fml.loading.moddiscovery.ModFileParser/LOADING]: Mod file D:\Desktop\Dreamingfish_Server_github\EconomySystem\server\libraries\net\minecraftforge\fmlcore\1.20.1-47.4.10\fmlcore-1.20.1-47.4.10.jar is missing mods.toml file
[2112月2025 13:19:29.154] [main/DEBUG] [net.minecraftforge.fml.loading.moddiscovery.ModFileParser/LOADING]: Considering mod file candidate D:\Desktop\Dreamingfish_Server_github\EconomySystem\server\libraries\net\minecraftforge\javafmllanguage\1.20.1-47.4.10\javafmllanguage-1.20.1-47.4.10.jar
[2112月2025 13:19:29.154] [main/WARN] [net.minecraftforge.fml.loading.moddiscovery.ModFileParser/LOADING]: Mod file D:\Desktop\Dreamingfish_Server_github\EconomySystem\server\libraries\net\minecraftforge\javafmllanguage\1.20.1-47.4.10\javafmllanguage-1.20.1-47.4.10.jar is missing mods.toml file
[2112月2025 13:19:29.156] [main/DEBUG] [net.minecraftforge.fml.loading.moddiscovery.ModFileParser/LOADING]: Considering mod file candidate D:\Desktop\Dreamingfish_Server_github\EconomySystem\server\libraries\net\minecraftforge\lowcodelanguage\1.20.1-47.4.10\lowcodelanguage-1.20.1-47.4.10.jar
[2112月2025 13:19:29.156] [main/WARN] [net.minecraftforge.fml.loading.moddiscovery.ModFileParser/LOADING]: Mod file D:\Desktop\Dreamingfish_Server_github\EconomySystem\server\libraries\net\minecraftforge\lowcodelanguage\1.20.1-47.4.10\lowcodelanguage-1.20.1-47.4.10.jar is missing mods.toml file
[2112月2025 13:19:29.158] [main/DEBUG] [net.minecraftforge.fml.loading.moddiscovery.ModFileParser/LOADING]: Considering mod file candidate D:\Desktop\Dreamingfish_Server_github\EconomySystem\server\libraries\net\minecraftforge\mclanguage\1.20.1-47.4.10\mclanguage-1.20.1-47.4.10.jar
[2112月2025 13:19:29.158] [main/WARN] [net.minecraftforge.fml.loading.moddiscovery.ModFileParser/LOADING]: Mod file D:\Desktop\Dreamingfish_Server_github\EconomySystem\server\libraries\net\minecraftforge\mclanguage\1.20.1-47.4.10\mclanguage-1.20.1-47.4.10.jar is missing mods.toml file
[2112月2025 13:19:29.177] [main/DEBUG] [net.minecraftforge.fml.loading.moddiscovery.ModFileParser/LOADING]: Considering mod file candidate D:\Desktop\Dreamingfish_Server_github\EconomySystem\server\libraries\net\minecraftforge\forge\1.20.1-47.4.10\forge-1.20.1-47.4.10-universal.jar
[2112月2025 13:19:29.178] [main/DEBUG] [net.minecraftforge.fml.loading.moddiscovery.ModFileInfo/LOADING]: Found valid mod file forge-1.20.1-47.4.10-universal.jar with {forge} mods - versions {47.4.10}
[2112月2025 13:19:29.216] [main/DEBUG] [net.minecraftforge.fml.loading.moddiscovery.AbstractJarFileDependencyLocator/]: Failed to load resource META-INF\jarjar\metadata.json from server-1.20.1-20230612.114412-srg.jar, it does not contain dependency information.
[2112月2025 13:19:29.216] [main/DEBUG] [net.minecraftforge.fml.loading.moddiscovery.AbstractJarFileDependencyLocator/]: Failed to load resource META-INF\jarjar\metadata.json from [前置]TerraBlender-forge-1.20.1-3.0.1.10.jar, it does not contain dependency information.
[2112月2025 13:19:29.216] [main/DEBUG] [net.minecraftforge.fml.loading.moddiscovery.AbstractJarFileDependencyLocator/]: Failed to load resource META-INF\jarjar\metadata.json from [未至之地] RegionsUnexploredForge-0.5.6+1.20.1.jar, it does not contain dependency information.
[2112月2025 13:19:29.216] [main/DEBUG] [net.minecraftforge.fml.loading.moddiscovery.AbstractJarFileDependencyLocator/]: Failed to load resource META-INF\jarjar\metadata.json from [优化-动态tps]tt20-0.7.1+mc1.20.1.jar, it does not contain dependency information.
[2112月2025 13:19:29.216] [main/DEBUG] [net.minecraftforge.fml.loading.moddiscovery.AbstractJarFileDependencyLocator/]: Failed to load resource META-INF\jarjar\metadata.json from [GD656击杀图标] gd656killicon-1.0.0RC5-1.20.1-forge.jar, it does not contain dependency information.
[2112月2025 13:19:29.217] [main/DEBUG] [net.minecraftforge.fml.loading.moddiscovery.AbstractJarFileDependencyLocator/]: Failed to load resource META-INF\jarjar\metadata.json from [灵活按键提示] smartkeyprompts-forge-1.20.1-1.1.2-fix2.jar, it does not contain dependency information.
[2112月2025 13:19:29.217] [main/DEBUG] [net.minecraftforge.fml.loading.moddiscovery.AbstractJarFileDependencyLocator/]: Failed to load resource META-INF\jarjar\metadata.json from [前置]CreativeCore_FORGE_v2.12.32_mc1.20.1.jar, it does not contain dependency information.
[2112月2025 13:19:29.217] [main/DEBUG] [net.minecraftforge.fml.loading.moddiscovery.AbstractJarFileDependencyLocator/]: Failed to load resource META-INF\jarjar\metadata.json from [JEI物品管理器] jei-1.20.1-forge-15.20.0.112.jar, it does not contain dependency information.
[2112月2025 13:19:29.217] [main/DEBUG] [net.minecraftforge.fml.loading.moddiscovery.AbstractJarFileDependencyLocator/]: Failed to load resource META-INF\jarjar\metadata.json from [前置]lithostitched-forge-1.20.1-1.4.11.jar, it does not contain dependency information.
[2112月2025 13:19:29.217] [main/DEBUG] [net.minecraftforge.fml.loading.moddiscovery.AbstractJarFileDependencyLocator/]: Failed to load resource META-INF\jarjar\metadata.json from [流畅加载重置版] smoothboot(reloaded)-mc1.20.1-0.0.4.jar, it does not contain dependency information.
[2112月2025 13:19:29.217] [main/DEBUG] [net.minecraftforge.fml.loading.moddiscovery.AbstractJarFileDependencyLocator/]: Failed to load resource META-INF\jarjar\metadata.json from [前置]libraryferret-forge-1.20.1-4.0.0.jar, it does not contain dependency information.
[2112月2025 13:19:29.217] [main/DEBUG] [net.minecraftforge.fml.loading.moddiscovery.AbstractJarFileDependencyLocator/]: Failed to load resource META-INF\jarjar\metadata.json from [前置精妙核心] sophisticatedcore-1.20.1-1.2.108.1253.jar, it does not contain dependency information.
[2112月2025 13:19:29.217] [main/DEBUG] [net.minecraftforge.fml.loading.moddiscovery.AbstractJarFileDependencyLocator/]: Failed to load resource META-INF\jarjar\metadata.json from [Xaero的小地图] Xaeros_Minimap_25.2.10_Forge_1.20.jar, it does not contain dependency information.
[2112月2025 13:19:29.217] [main/DEBUG] [net.minecraftforge.fml.loading.moddiscovery.AbstractJarFileDependencyLocator/]: Failed to load resource META-INF\jarjar\metadata.json from [工作台性能优化] FastWorkbench-1.20.1-8.0.4.jar, it does not contain dependency information.
[2112月2025 13:19:29.217] [main/DEBUG] [net.minecraftforge.fml.loading.moddiscovery.AbstractJarFileDependencyLocator/]: Failed to load resource META-INF\jarjar\metadata.json from [Xaero的世界地图] XaerosWorldMap_1.39.12_Forge_1.20.jar, it does not contain dependency information.
[2112月2025 13:19:29.217] [main/DEBUG] [net.minecraftforge.fml.loading.moddiscovery.AbstractJarFileDependencyLocator/]: Failed to load resource META-INF\jarjar\metadata.json from [前置]Placebo-1.20.1-8.6.3.jar, it does not contain dependency information.
[2112月2025 13:19:29.217] [main/DEBUG] [net.minecraftforge.fml.loading.moddiscovery.AbstractJarFileDependencyLocator/]: Failed to load resource META-INF\jarjar\metadata.json from [自然罗盘／生物群系指南针] NaturesCompass-1.20.1-1.11.2-forge.jar, it does not contain dependency information.
[2112月2025 13:19:29.217] [main/DEBUG] [net.minecraftforge.fml.loading.moddiscovery.AbstractJarFileDependencyLocator/]: Failed to load resource META-INF\jarjar\metadata.json from [地下城与酒馆]dungeons-and-taverns-3.0.3.f[Forge].jar, it does not contain dependency information.
[2112月2025 13:19:29.217] [main/DEBUG] [net.minecraftforge.fml.loading.moddiscovery.AbstractJarFileDependencyLocator/]: Failed to load resource META-INF\jarjar\metadata.json from [优化]tritium-forge-1.20.1-1.3.2.jar, it does not contain dependency information.
[2112月2025 13:19:29.217] [main/DEBUG] [net.minecraftforge.fml.loading.moddiscovery.AbstractJarFileDependencyLocator/]: Failed to load resource META-INF\jarjar\metadata.json from [精妙背包] sophisticatedbackpacks-1.20.1-3.24.12.1411.jar, it does not contain dependency information.
[2112月2025 13:19:29.217] [main/DEBUG] [net.minecraftforge.fml.loading.moddiscovery.AbstractJarFileDependencyLocator/]: Failed to load resource META-INF\jarjar\metadata.json from [熔炉性能优化] FastFurnace-1.20.1-8.0.2.jar, it does not contain dependency information.
[2112月2025 13:19:29.217] [main/DEBUG] [net.minecraftforge.fml.loading.moddiscovery.AbstractJarFileDependencyLocator/]: Failed to load resource META-INF\jarjar\metadata.json from [优化星光] starlight-1.1.2+forge.1cda73c.jar, it does not contain dependency information.
[2112月2025 13:19:29.217] [main/DEBUG] [net.minecraftforge.fml.loading.moddiscovery.AbstractJarFileDependencyLocator/]: Failed to load resource META-INF\jarjar\metadata.json from [优化-铁氧体磁芯] ferritecore-6.0.1-forge.jar, it does not contain dependency information.
[2112月2025 13:19:29.217] [main/DEBUG] [net.minecraftforge.fml.loading.moddiscovery.AbstractJarFileDependencyLocator/]: Failed to load resource META-INF\jarjar\metadata.json from forge-1.20.1-47.4.10-universal.jar, it does not contain dependency information.
[2112月2025 13:19:29.217] [main/DEBUG] [net.minecraftforge.fml.loading.moddiscovery.AbstractJarFileDependencyLocator/]: Failed to load resource META-INF\jarjar\metadata.json from [汤姆的简易存储] toms_storage-1.20-1.7.1.jar, it does not contain dependency information.
[2112月2025 13:19:29.218] [main/DEBUG] [net.minecraftforge.fml.loading.moddiscovery.AbstractJarFileDependencyLocator/]: Failed to load resource META-INF\jarjar\metadata.json from [玩家救援] PlayerRevive_FORGE_v2.0.31_mc1.20.1.jar, it does not contain dependency information.
[2112月2025 13:19:29.218] [main/DEBUG] [net.minecraftforge.fml.loading.moddiscovery.AbstractJarFileDependencyLocator/]: Failed to load resource META-INF\jarjar\metadata.json from economy_system-1.2.03 #mandatory.jar, it does not contain dependency information.
[2112月2025 13:19:29.218] [main/DEBUG] [net.minecraftforge.fml.loading.moddiscovery.AbstractJarFileDependencyLocator/]: Failed to load resource META-INF\jarjar\metadata.json from [地形]tectonic-3.0.17-forge-1.20.1.jar, it does not contain dependency information.
[2112月2025 13:19:29.218] [main/DEBUG] [net.minecraftforge.fml.loading.moddiscovery.AbstractJarFileDependencyLocator/]: Failed to load resource META-INF\jarjar\metadata.json from mclanguage-1.20.1-47.4.10.jar, it does not contain dependency information.
[2112月2025 13:19:29.218] [main/DEBUG] [net.minecraftforge.fml.loading.moddiscovery.AbstractJarFileDependencyLocator/]: Failed to load resource META-INF\jarjar\metadata.json from javafmllanguage-1.20.1-47.4.10.jar, it does not contain dependency information.
[2112月2025 13:19:29.218] [main/DEBUG] [net.minecraftforge.fml.loading.moddiscovery.AbstractJarFileDependencyLocator/]: Failed to load resource META-INF\jarjar\metadata.json from fmlcore-1.20.1-47.4.10.jar, it does not contain dependency information.
[2112月2025 13:19:29.218] [main/DEBUG] [net.minecraftforge.fml.loading.moddiscovery.AbstractJarFileDependencyLocator/]: Failed to load resource META-INF\jarjar\metadata.json from lowcodelanguage-1.20.1-47.4.10.jar, it does not contain dependency information.
[2112月2025 13:19:29.429] [main/DEBUG] [net.minecraftforge.fml.loading.moddiscovery.ModFileParser/LOADING]: Considering mod file candidate 
[2112月2025 13:19:29.430] [main/DEBUG] [net.minecraftforge.fml.loading.moddiscovery.ModFileInfo/LOADING]: Found valid mod file mixinextras-forge-0.4.1.jar with {mixinextras} mods - versions {0.4.1}
[2112月2025 13:19:29.432] [main/DEBUG] [net.minecraftforge.fml.loading.moddiscovery.ModFileParser/LOADING]: Considering mod file candidate 
[2112月2025 13:19:29.432] [main/DEBUG] [net.minecraftforge.fml.loading.moddiscovery.ModFileInfo/LOADING]: Found valid mod file mixinextras-forge-0.4.1.jar with {mixinextras} mods - versions {0.4.1}
[2112月2025 13:19:29.434] [main/DEBUG] [net.minecraftforge.fml.loading.moddiscovery.ModFileParser/LOADING]: Considering mod file candidate 
[2112月2025 13:19:29.434] [main/DEBUG] [net.minecraftforge.fml.loading.moddiscovery.ModFileInfo/LOADING]: Found valid mod file mixinextras-forge-0.4.1.jar with {mixinextras} mods - versions {0.4.1}
[2112月2025 13:19:29.488] [main/DEBUG] [net.minecraftforge.fml.loading.moddiscovery.ModFileParser/LOADING]: Considering mod file candidate 
[2112月2025 13:19:29.489] [main/DEBUG] [net.minecraftforge.fml.loading.moddiscovery.ModFileInfo/LOADING]: Found valid mod file mixinextras-forge-0.3.6.jar with {mixinextras} mods - versions {0.3.6}
[2112月2025 13:19:29.490] [main/DEBUG] [net.minecraftforge.fml.loading.moddiscovery.ModFileParser/LOADING]: Considering mod file candidate 
[2112月2025 13:19:29.491] [main/DEBUG] [net.minecraftforge.fml.loading.moddiscovery.ModFileInfo/LOADING]: Found valid mod file mixinextras-forge-0.4.1.jar with {mixinextras} mods - versions {0.4.1}
[2112月2025 13:19:29.517] [main/DEBUG] [net.minecraftforge.fml.loading.moddiscovery.ModFileParser/LOADING]: Considering mod file candidate 
[2112月2025 13:19:29.518] [main/DEBUG] [net.minecraftforge.fml.loading.moddiscovery.ModFileInfo/LOADING]: Found valid mod file spectrelib-forge-0.13.17+1.20.1.jar with {spectrelib} mods - versions {0.13.17+1.20.1}
[2112月2025 13:19:29.519] [main/DEBUG] [net.minecraftforge.fml.loading.moddiscovery.ModFileParser/LOADING]: Considering mod file candidate 
[2112月2025 13:19:29.520] [main/DEBUG] [net.minecraftforge.fml.loading.moddiscovery.ModFileInfo/LOADING]: Found valid mod file mixinextras-forge-0.4.1.jar with {mixinextras} mods - versions {0.4.1}
[2112月2025 13:19:29.521] [main/DEBUG] [net.minecraftforge.fml.loading.moddiscovery.ModFileParser/LOADING]: Considering mod file candidate 
[2112月2025 13:19:29.521] [main/DEBUG] [net.minecraftforge.fml.loading.moddiscovery.ModFileInfo/LOADING]: Found valid mod file mixinextras-forge-0.3.1.jar with {mixinextras} mods - versions {0.3.1}
[2112月2025 13:19:29.531] [main/DEBUG] [net.minecraftforge.fml.loading.moddiscovery.AbstractJarFileDependencyLocator/]: Failed to load resource META-INF\jarjar\metadata.json from NanoLiveConfig-1.2.1.jar, it does not contain dependency information.
[2112月2025 13:19:29.532] [main/DEBUG] [net.minecraftforge.fml.loading.moddiscovery.AbstractJarFileDependencyLocator/]: Failed to load resource META-INF\jarjar\metadata.json from mvel2-2.5.0.Final.jar, it does not contain dependency information.
[2112月2025 13:19:29.544] [main/DEBUG] [net.minecraftforge.fml.loading.moddiscovery.AbstractJarFileDependencyLocator/]: Failed to load resource META-INF\jarjar\metadata.json from commons-math3-3.6.1.jar, it does not contain dependency information.
[2112月2025 13:19:29.544] [main/DEBUG] [net.minecraftforge.fml.loading.moddiscovery.AbstractJarFileDependencyLocator/]: Failed to load resource META-INF\jarjar\metadata.json from luaj-core-3.0.8-figura.jar, it does not contain dependency information.
[2112月2025 13:19:29.544] [main/DEBUG] [net.minecraftforge.fml.loading.moddiscovery.AbstractJarFileDependencyLocator/]: Failed to load resource META-INF\jarjar\metadata.json from luaj-jse-3.0.8-figura.jar, it does not contain dependency information.
[2112月2025 13:19:29.544] [main/DEBUG] [net.minecraftforge.fml.loading.moddiscovery.AbstractJarFileDependencyLocator/]: Failed to load resource META-INF\jarjar\metadata.json from bcel-6.6.1.jar, it does not contain dependency information.
[2112月2025 13:19:29.551] [main/DEBUG] [net.minecraftforge.fml.loading.moddiscovery.AbstractJarFileDependencyLocator/]: Failed to load resource META-INF\jarjar\metadata.json from snakeyaml-2.4.jar, it does not contain dependency information.
[2112月2025 13:19:29.551] [main/DEBUG] [net.minecraftforge.fml.loading.moddiscovery.AbstractJarFileDependencyLocator/]: Failed to load resource META-INF\jarjar\metadata.json from sewlia-config-1.0.0-20250810.044244-13.jar, it does not contain dependency information.
[2112月2025 13:19:29.551] [main/DEBUG] [net.minecraftforge.fml.loading.moddiscovery.AbstractJarFileDependencyLocator/]: Failed to load resource META-INF\jarjar\metadata.json from velocity-native-3.4.0-SNAPSHOT.jar, it does not contain dependency information.
[2112月2025 13:19:29.552] [main/DEBUG] [net.minecraftforge.fml.loading.moddiscovery.AbstractJarFileDependencyLocator/]: Failed to load resource META-INF\jarjar\metadata.json from mclib-20.jar, it does not contain dependency information.
[2112月2025 13:19:29.552] [main/DEBUG] [net.minecraftforge.fml.loading.moddiscovery.AbstractJarFileDependencyLocator/]: Failed to load resource META-INF\jarjar\metadata.json from spectrelib-forge-0.13.17+1.20.1.jar, it does not contain dependency information.
[2112月2025 13:19:29.558] [main/DEBUG] [net.minecraftforge.fml.loading.moddiscovery.AbstractJarFileDependencyLocator/]: Failed to load resource META-INF\jarjar\metadata.json from snakeyaml-2.2.jar, it does not contain dependency information.
[2112月2025 13:19:29.558] [main/DEBUG] [net.minecraftforge.fml.loading.moddiscovery.AbstractJarFileDependencyLocator/]: Failed to load resource META-INF\jarjar\metadata.json from dazzleconf-core-1.3.0-M2.jar, it does not contain dependency information.
[2112月2025 13:19:29.558] [main/DEBUG] [net.minecraftforge.fml.loading.moddiscovery.AbstractJarFileDependencyLocator/]: Failed to load resource META-INF\jarjar\metadata.json from dazzleconf-ext-snakeyaml-1.3.0-M2.jar, it does not contain dependency information.
[2112月2025 13:19:29.558] [main/DEBUG] [net.minecraftforge.fml.loading.moddiscovery.AbstractJarFileDependencyLocator/]: Failed to load resource META-INF\jarjar\metadata.json from MixinExtras-0.4.1.jar, it does not contain dependency information.
[2112月2025 13:19:29.558] [main/DEBUG] [net.minecraftforge.fml.loading.moddiscovery.AbstractJarFileDependencyLocator/]: Failed to load resource META-INF\jarjar\metadata.json from MixinExtras-0.4.1.jar, it does not contain dependency information.
[2112月2025 13:19:29.558] [main/DEBUG] [net.minecraftforge.fml.loading.moddiscovery.AbstractJarFileDependencyLocator/]: Failed to load resource META-INF\jarjar\metadata.json from MixinExtras-0.4.1.jar, it does not contain dependency information.
[2112月2025 13:19:29.558] [main/DEBUG] [net.minecraftforge.fml.loading.moddiscovery.AbstractJarFileDependencyLocator/]: Failed to load resource META-INF\jarjar\metadata.json from MixinExtras-0.3.6.jar, it does not contain dependency information.
[2112月2025 13:19:29.558] [main/DEBUG] [net.minecraftforge.fml.loading.moddiscovery.AbstractJarFileDependencyLocator/]: Failed to load resource META-INF\jarjar\metadata.json from MixinExtras-0.4.1.jar, it does not contain dependency information.
[2112月2025 13:19:29.558] [main/DEBUG] [net.minecraftforge.fml.loading.moddiscovery.AbstractJarFileDependencyLocator/]: Failed to load resource META-INF\jarjar\metadata.json from MixinExtras-0.4.1.jar, it does not contain dependency information.
[2112月2025 13:19:29.558] [main/DEBUG] [net.minecraftforge.fml.loading.moddiscovery.AbstractJarFileDependencyLocator/]: Failed to load resource META-INF\jarjar\metadata.json from MixinExtras-0.3.1.jar, it does not contain dependency information.
[2112月2025 13:19:29.702] [main/DEBUG] [net.minecraftforge.fml.loading.moddiscovery.ModFileParser/LOADING]: Considering mod file candidate 
[2112月2025 13:19:29.702] [main/DEBUG] [net.minecraftforge.fml.loading.moddiscovery.ModFileInfo/LOADING]: Found valid mod file spectrelib-forge-0.13.17+1.20.1.jar with {spectrelib} mods - versions {0.13.17+1.20.1}
[2112月2025 13:19:29.706] [main/DEBUG] [net.minecraftforge.fml.loading.moddiscovery.ModFileParser/LOADING]: Considering mod file candidate 
[2112月2025 13:19:29.706] [main/DEBUG] [net.minecraftforge.fml.loading.moddiscovery.ModFileInfo/LOADING]: Found valid mod file mixinextras-forge-0.4.1.jar with {mixinextras} mods - versions {0.4.1}
[2112月2025 13:19:29.710] [main/INFO] [net.minecraftforge.fml.loading.moddiscovery.JarInJarDependencyLocator/]: Found 15 dependencies adding them to mods collection
[2112月2025 13:19:29.714] [main/DEBUG] [net.minecraftforge.fml.loading.moddiscovery.ModFileParser/LOADING]: Considering mod file candidate D:\Desktop\Dreamingfish_Server_github\EconomySystem\server\mods\[优化-镭] radium-mc1.20.1-0.12.4+git.26c9d8e.jar
[2112月2025 13:19:29.715] [main/DEBUG] [net.minecraftforge.fml.loading.moddiscovery.ModFileInfo/LOADING]: Found valid mod file [优化-镭] radium-mc1.20.1-0.12.4+git.26c9d8e.jar with {radium} mods - versions {0.12.4+git.26c9d8e}
[2112月2025 13:19:29.719] [main/DEBUG] [net.minecraftforge.fml.loading.moddiscovery.ModFile/LOADING]: Loading mod file D:\Desktop\Dreamingfish_Server_github\EconomySystem\server\mods\[优化-镭] radium-mc1.20.1-0.12.4+git.26c9d8e.jar with languages [LanguageSpec[languageName=javafml, acceptedVersions=*]]
[2112月2025 13:19:29.722] [main/DEBUG] [net.minecraftforge.fml.loading.moddiscovery.ModFileParser/LOADING]: Considering mod file candidate D:\Desktop\Dreamingfish_Server_github\EconomySystem\server\mods\[优化-动态tps]tt20-0.7.1+mc1.20.1.jar
[2112月2025 13:19:29.722] [main/DEBUG] [net.minecraftforge.fml.loading.moddiscovery.ModFileInfo/LOADING]: Found valid mod file [优化-动态tps]tt20-0.7.1+mc1.20.1.jar with {tt20} mods - versions {0.7.1}
[2112月2025 13:19:29.722] [main/DEBUG] [net.minecraftforge.fml.loading.moddiscovery.ModFile/LOADING]: Loading mod file D:\Desktop\Dreamingfish_Server_github\EconomySystem\server\mods\[优化-动态tps]tt20-0.7.1+mc1.20.1.jar with languages [LanguageSpec[languageName=javafml, acceptedVersions=[47,)]]
[2112月2025 13:19:29.722] [main/DEBUG] [net.minecraftforge.fml.loading.moddiscovery.ModFileParser/LOADING]: Considering mod file candidate D:\Desktop\Dreamingfish_Server_github\EconomySystem\server\mods\[前置]geckolib-forge-1.20.1-4.8.2.jar
[2112月2025 13:19:29.723] [main/DEBUG] [net.minecraftforge.fml.loading.moddiscovery.ModFileInfo/LOADING]: Found valid mod file [前置]geckolib-forge-1.20.1-4.8.2.jar with {geckolib} mods - versions {4.8.2}
[2112月2025 13:19:29.723] [main/DEBUG] [net.minecraftforge.fml.loading.moddiscovery.ModFile/LOADING]: Loading mod file D:\Desktop\Dreamingfish_Server_github\EconomySystem\server\mods\[前置]geckolib-forge-1.20.1-4.8.2.jar with languages [LanguageSpec[languageName=javafml, acceptedVersions=[47,)]]
[2112月2025 13:19:29.723] [main/DEBUG] [net.minecraftforge.fml.loading.moddiscovery.ModFileParser/LOADING]: Considering mod file candidate D:\Desktop\Dreamingfish_Server_github\EconomySystem\server\mods\[JEI物品管理器] jei-1.20.1-forge-15.20.0.112.jar
[2112月2025 13:19:29.723] [main/DEBUG] [net.minecraftforge.fml.loading.moddiscovery.ModFileInfo/LOADING]: Found valid mod file [JEI物品管理器] jei-1.20.1-forge-15.20.0.112.jar with {jei} mods - versions {15.20.0.112}
[2112月2025 13:19:29.723] [main/DEBUG] [net.minecraftforge.fml.loading.moddiscovery.ModFile/LOADING]: Loading mod file D:\Desktop\Dreamingfish_Server_github\EconomySystem\server\mods\[JEI物品管理器] jei-1.20.1-forge-15.20.0.112.jar with languages [LanguageSpec[languageName=javafml, acceptedVersions=[47,)]]
[2112月2025 13:19:29.723] [main/DEBUG] [net.minecraftforge.fml.loading.moddiscovery.ModFileParser/LOADING]: Considering mod file candidate D:\Desktop\Dreamingfish_Server_github\EconomySystem\server\mods\[前置]lithostitched-forge-1.20.1-1.4.11.jar
[2112月2025 13:19:29.723] [main/DEBUG] [net.minecraftforge.fml.loading.moddiscovery.ModFileInfo/LOADING]: Found valid mod file [前置]lithostitched-forge-1.20.1-1.4.11.jar with {lithostitched} mods - versions {1.4.11}
[2112月2025 13:19:29.723] [main/DEBUG] [net.minecraftforge.fml.loading.moddiscovery.ModFile/LOADING]: Loading mod file D:\Desktop\Dreamingfish_Server_github\EconomySystem\server\mods\[前置]lithostitched-forge-1.20.1-1.4.11.jar with languages [LanguageSpec[languageName=javafml, acceptedVersions=[46,)]]
[2112月2025 13:19:29.723] [main/DEBUG] [net.minecraftforge.fml.loading.moddiscovery.ModFileParser/LOADING]: Considering mod file candidate D:\Desktop\Dreamingfish_Server_github\EconomySystem\server\mods\[永恒枪械工坊：零] tacz-1.20.1-1.1.7-release.jar
[2112月2025 13:19:29.724] [main/DEBUG] [net.minecraftforge.fml.loading.moddiscovery.ModFileInfo/LOADING]: Found valid mod file [永恒枪械工坊：零] tacz-1.20.1-1.1.7-release.jar with {tacz} mods - versions {1.1.7}
[2112月2025 13:19:29.724] [main/DEBUG] [net.minecraftforge.fml.loading.moddiscovery.ModFile/LOADING]: Loading mod file D:\Desktop\Dreamingfish_Server_github\EconomySystem\server\mods\[永恒枪械工坊：零] tacz-1.20.1-1.1.7-release.jar with languages [LanguageSpec[languageName=javafml, acceptedVersions=[46,)]]
[2112月2025 13:19:29.724] [main/DEBUG] [net.minecraftforge.fml.loading.moddiscovery.ModFileParser/LOADING]: Considering mod file candidate D:\Desktop\Dreamingfish_Server_github\EconomySystem\server\mods\[前置]libraryferret-forge-1.20.1-4.0.0.jar
[2112月2025 13:19:29.724] [main/DEBUG] [net.minecraftforge.fml.loading.moddiscovery.ModFileInfo/LOADING]: Found valid mod file [前置]libraryferret-forge-1.20.1-4.0.0.jar with {libraryferret} mods - versions {4.0.0}
[2112月2025 13:19:29.724] [main/DEBUG] [net.minecraftforge.fml.loading.moddiscovery.ModFile/LOADING]: Loading mod file D:\Desktop\Dreamingfish_Server_github\EconomySystem\server\mods\[前置]libraryferret-forge-1.20.1-4.0.0.jar with languages [LanguageSpec[languageName=javafml, acceptedVersions=[47,)]]
[2112月2025 13:19:29.724] [main/DEBUG] [net.minecraftforge.fml.loading.moddiscovery.ModFileParser/LOADING]: Considering mod file candidate D:\Desktop\Dreamingfish_Server_github\EconomySystem\server\mods\[前置精妙核心] sophisticatedcore-1.20.1-1.2.108.1253.jar
[2112月2025 13:19:29.724] [main/DEBUG] [net.minecraftforge.fml.loading.moddiscovery.ModFileInfo/LOADING]: Found valid mod file [前置精妙核心] sophisticatedcore-1.20.1-1.2.108.1253.jar with {sophisticatedcore} mods - versions {1.2.108.1253}
[2112月2025 13:19:29.724] [main/DEBUG] [net.minecraftforge.fml.loading.moddiscovery.ModFile/LOADING]: Loading mod file D:\Desktop\Dreamingfish_Server_github\EconomySystem\server\mods\[前置精妙核心] sophisticatedcore-1.20.1-1.2.108.1253.jar with languages [LanguageSpec[languageName=javafml, acceptedVersions=[47,)]]
[2112月2025 13:19:29.724] [main/DEBUG] [net.minecraftforge.fml.loading.moddiscovery.ModFileParser/LOADING]: Considering mod file candidate D:\Desktop\Dreamingfish_Server_github\EconomySystem\server\mods\[Xaero的世界地图] XaerosWorldMap_1.39.12_Forge_1.20.jar
[2112月2025 13:19:29.724] [main/DEBUG] [net.minecraftforge.fml.loading.moddiscovery.ModFileInfo/LOADING]: Found valid mod file [Xaero的世界地图] XaerosWorldMap_1.39.12_Forge_1.20.jar with {xaeroworldmap} mods - versions {1.39.12}
[2112月2025 13:19:29.725] [main/DEBUG] [net.minecraftforge.fml.loading.moddiscovery.ModFile/LOADING]: Loading mod file D:\Desktop\Dreamingfish_Server_github\EconomySystem\server\mods\[Xaero的世界地图] XaerosWorldMap_1.39.12_Forge_1.20.jar with languages [LanguageSpec[languageName=javafml, acceptedVersions=[46,48)]]
[2112月2025 13:19:29.732] [main/DEBUG] [net.minecraftforge.fml.loading.moddiscovery.ModFileParser/LOADING]: Found coremod xaeroworldmap_core with Javascript path META-INF/xaeroworldmap_core.js
[2112月2025 13:19:29.732] [main/DEBUG] [net.minecraftforge.fml.loading.moddiscovery.ModFile/LOADING]: Found coremod META-INF/xaeroworldmap_core.js
[2112月2025 13:19:29.732] [main/DEBUG] [net.minecraftforge.fml.loading.moddiscovery.ModFileParser/LOADING]: Considering mod file candidate D:\Desktop\Dreamingfish_Server_github\EconomySystem\server\mods\[优化-现代化修复] modernfix-forge-5.25.2+mc1.20.1.jar
[2112月2025 13:19:29.733] [main/DEBUG] [net.minecraftforge.fml.loading.moddiscovery.ModFileInfo/LOADING]: Found valid mod file [优化-现代化修复] modernfix-forge-5.25.2+mc1.20.1.jar with {modernfix} mods - versions {5.25.2+mc1.20.1}
[2112月2025 13:19:29.733] [main/DEBUG] [net.minecraftforge.fml.loading.moddiscovery.ModFile/LOADING]: Loading mod file D:\Desktop\Dreamingfish_Server_github\EconomySystem\server\mods\[优化-现代化修复] modernfix-forge-5.25.2+mc1.20.1.jar with languages [LanguageSpec[languageName=javafml, acceptedVersions=[46,)]]
[2112月2025 13:19:29.733] [main/DEBUG] [net.minecraftforge.fml.loading.moddiscovery.ModFileParser/LOADING]: Considering mod file candidate D:\Desktop\Dreamingfish_Server_github\EconomySystem\server\mods\[前置]Placebo-1.20.1-8.6.3.jar
[2112月2025 13:19:29.733] [main/DEBUG] [net.minecraftforge.fml.loading.moddiscovery.ModFileInfo/LOADING]: Found valid mod file [前置]Placebo-1.20.1-8.6.3.jar with {placebo} mods - versions {8.6.3}
[2112月2025 13:19:29.733] [main/DEBUG] [net.minecraftforge.fml.loading.moddiscovery.ModFile/LOADING]: Loading mod file D:\Desktop\Dreamingfish_Server_github\EconomySystem\server\mods\[前置]Placebo-1.20.1-8.6.3.jar with languages [LanguageSpec[languageName=javafml, acceptedVersions=[32,)]]
[2112月2025 13:19:29.733] [main/DEBUG] [net.minecraftforge.fml.loading.moddiscovery.ModFileParser/LOADING]: Found coremod placebo_get_ench_level_event with Javascript path coremods/get_ench_level_event.js
[2112月2025 13:19:29.733] [main/DEBUG] [net.minecraftforge.fml.loading.moddiscovery.ModFileParser/LOADING]: Found coremod placebo_get_ench_level_event_specific with Javascript path coremods/get_ench_level_event_specific.js
[2112月2025 13:19:29.733] [main/DEBUG] [net.minecraftforge.fml.loading.moddiscovery.ModFile/LOADING]: Found coremod coremods/get_ench_level_event.js
[2112月2025 13:19:29.733] [main/DEBUG] [net.minecraftforge.fml.loading.moddiscovery.ModFile/LOADING]: Found coremod coremods/get_ench_level_event_specific.js
[2112月2025 13:19:29.733] [main/DEBUG] [net.minecraftforge.fml.loading.moddiscovery.ModFileParser/LOADING]: Considering mod file candidate D:\Desktop\Dreamingfish_Server_github\EconomySystem\server\mods\[自然罗盘／生物群系指南针] NaturesCompass-1.20.1-1.11.2-forge.jar
[2112月2025 13:19:29.734] [main/DEBUG] [net.minecraftforge.fml.loading.moddiscovery.ModFileInfo/LOADING]: Found valid mod file [自然罗盘／生物群系指南针] NaturesCompass-1.20.1-1.11.2-forge.jar with {naturescompass} mods - versions {1.20.1-1.11.2-forge}
[2112月2025 13:19:29.734] [main/DEBUG] [net.minecraftforge.fml.loading.moddiscovery.ModFile/LOADING]: Loading mod file D:\Desktop\Dreamingfish_Server_github\EconomySystem\server\mods\[自然罗盘／生物群系指南针] NaturesCompass-1.20.1-1.11.2-forge.jar with languages [LanguageSpec[languageName=javafml, acceptedVersions=[47,)]]
[2112月2025 13:19:29.734] [main/DEBUG] [net.minecraftforge.fml.loading.moddiscovery.ModFileParser/LOADING]: Considering mod file candidate D:\Desktop\Dreamingfish_Server_github\EconomySystem\server\mods\[优化网络]Krypton FNP-forge-1.20.1-0.2.25-1.20.1.jar
[2112月2025 13:19:29.734] [main/DEBUG] [net.minecraftforge.fml.loading.moddiscovery.ModFileInfo/LOADING]: Found valid mod file [优化网络]Krypton FNP-forge-1.20.1-0.2.25-1.20.1.jar with {krypton_fnp} mods - versions {0.2.25-1.20.1}
[2112月2025 13:19:29.734] [main/DEBUG] [net.minecraftforge.fml.loading.moddiscovery.ModFile/LOADING]: Loading mod file D:\Desktop\Dreamingfish_Server_github\EconomySystem\server\mods\[优化网络]Krypton FNP-forge-1.20.1-0.2.25-1.20.1.jar with languages [LanguageSpec[languageName=javafml, acceptedVersions=[47,)]]
[2112月2025 13:19:29.734] [main/DEBUG] [net.minecraftforge.fml.loading.moddiscovery.ModFileParser/LOADING]: Considering mod file candidate D:\Desktop\Dreamingfish_Server_github\EconomySystem\server\mods\[优化]tritium-forge-1.20.1-1.3.2.jar
[2112月2025 13:19:29.734] [main/DEBUG] [net.minecraftforge.fml.loading.moddiscovery.ModFileInfo/LOADING]: Found valid mod file [优化]tritium-forge-1.20.1-1.3.2.jar with {tritium} mods - versions {1.3.2}
[2112月2025 13:19:29.734] [main/DEBUG] [net.minecraftforge.fml.loading.moddiscovery.ModFile/LOADING]: Loading mod file D:\Desktop\Dreamingfish_Server_github\EconomySystem\server\mods\[优化]tritium-forge-1.20.1-1.3.2.jar with languages [LanguageSpec[languageName=javafml, acceptedVersions=[47,)]]
[2112月2025 13:19:29.734] [main/DEBUG] [net.minecraftforge.fml.loading.moddiscovery.ModFileParser/LOADING]: Considering mod file candidate D:\Desktop\Dreamingfish_Server_github\EconomySystem\server\mods\[前置]OELib-forge-1.20.1-0.0.6.jar
[2112月2025 13:19:29.734] [main/DEBUG] [net.minecraftforge.fml.loading.moddiscovery.ModFileInfo/LOADING]: Found valid mod file [前置]OELib-forge-1.20.1-0.0.6.jar with {oelib} mods - versions {0.0.6}
[2112月2025 13:19:29.735] [main/DEBUG] [net.minecraftforge.fml.loading.moddiscovery.ModFile/LOADING]: Loading mod file D:\Desktop\Dreamingfish_Server_github\EconomySystem\server\mods\[前置]OELib-forge-1.20.1-0.0.6.jar with languages [LanguageSpec[languageName=javafml, acceptedVersions=[47,)]]
[2112月2025 13:19:29.735] [main/DEBUG] [net.minecraftforge.fml.loading.moddiscovery.ModFileParser/LOADING]: Considering mod file candidate D:\Desktop\Dreamingfish_Server_github\EconomySystem\server\mods\[精妙背包] sophisticatedbackpacks-1.20.1-3.24.12.1411.jar
[2112月2025 13:19:29.735] [main/DEBUG] [net.minecraftforge.fml.loading.moddiscovery.ModFileInfo/LOADING]: Found valid mod file [精妙背包] sophisticatedbackpacks-1.20.1-3.24.12.1411.jar with {sophisticatedbackpacks} mods - versions {3.24.12.1411}
[2112月2025 13:19:29.735] [main/DEBUG] [net.minecraftforge.fml.loading.moddiscovery.ModFile/LOADING]: Loading mod file D:\Desktop\Dreamingfish_Server_github\EconomySystem\server\mods\[精妙背包] sophisticatedbackpacks-1.20.1-3.24.12.1411.jar with languages [LanguageSpec[languageName=javafml, acceptedVersions=[47,)]]
[2112月2025 13:19:29.735] [main/DEBUG] [net.minecraftforge.fml.loading.moddiscovery.ModFileParser/LOADING]: Considering mod file candidate D:\Desktop\Dreamingfish_Server_github\EconomySystem\server\mods\[优化星光] starlight-1.1.2+forge.1cda73c.jar
[2112月2025 13:19:29.735] [main/DEBUG] [net.minecraftforge.fml.loading.moddiscovery.ModFileInfo/LOADING]: Found valid mod file [优化星光] starlight-1.1.2+forge.1cda73c.jar with {starlight} mods - versions {1.1.2+forge.1cda73c}
[2112月2025 13:19:29.735] [main/DEBUG] [net.minecraftforge.fml.loading.moddiscovery.ModFile/LOADING]: Loading mod file D:\Desktop\Dreamingfish_Server_github\EconomySystem\server\mods\[优化星光] starlight-1.1.2+forge.1cda73c.jar with languages [LanguageSpec[languageName=javafml, acceptedVersions=[46,)]]
[2112月2025 13:19:29.735] [main/DEBUG] [net.minecraftforge.fml.loading.moddiscovery.ModFileParser/LOADING]: Considering mod file candidate D:\Desktop\Dreamingfish_Server_github\EconomySystem\server\mods\[美化]particular-1.20.1-Forge-1.2.7.jar
[2112月2025 13:19:29.735] [main/DEBUG] [net.minecraftforge.fml.loading.moddiscovery.ModFileInfo/LOADING]: Found valid mod file [美化]particular-1.20.1-Forge-1.2.7.jar with {particular} mods - versions {1.2.7}
[2112月2025 13:19:29.735] [main/DEBUG] [net.minecraftforge.fml.loading.moddiscovery.ModFile/LOADING]: Loading mod file D:\Desktop\Dreamingfish_Server_github\EconomySystem\server\mods\[美化]particular-1.20.1-Forge-1.2.7.jar with languages [LanguageSpec[languageName=javafml, acceptedVersions=[4,)]]
[2112月2025 13:19:29.736] [main/DEBUG] [net.minecraftforge.fml.loading.moddiscovery.ModFileParser/LOADING]: Considering mod file candidate D:\Desktop\Dreamingfish_Server_github\EconomySystem\server\libraries\net\minecraftforge\forge\1.20.1-47.4.10\forge-1.20.1-47.4.10-universal.jar
[2112月2025 13:19:29.736] [main/DEBUG] [net.minecraftforge.fml.loading.moddiscovery.ModFileInfo/LOADING]: Found valid mod file forge-1.20.1-47.4.10-universal.jar with {forge} mods - versions {47.4.10}
[2112月2025 13:19:29.736] [main/DEBUG] [net.minecraftforge.fml.loading.moddiscovery.ModFile/LOADING]: Loading mod file D:\Desktop\Dreamingfish_Server_github\EconomySystem\server\libraries\net\minecraftforge\forge\1.20.1-47.4.10\forge-1.20.1-47.4.10-universal.jar with languages [LanguageSpec[languageName=javafml, acceptedVersions=[24,]]]
[2112月2025 13:19:29.736] [main/DEBUG] [net.minecraftforge.fml.loading.moddiscovery.ModFileParser/LOADING]: Found coremod field_to_method with Javascript path coremods/field_to_method.js
[2112月2025 13:19:29.736] [main/DEBUG] [net.minecraftforge.fml.loading.moddiscovery.ModFileParser/LOADING]: Found coremod field_to_instanceof with Javascript path coremods/field_to_instanceof.js
[2112月2025 13:19:29.736] [main/DEBUG] [net.minecraftforge.fml.loading.moddiscovery.ModFileParser/LOADING]: Found coremod add_bouncer_method with Javascript path coremods/add_bouncer_method.js
[2112月2025 13:19:29.736] [main/DEBUG] [net.minecraftforge.fml.loading.moddiscovery.ModFileParser/LOADING]: Found coremod method_redirector with Javascript path coremods/method_redirector.js
[2112月2025 13:19:29.736] [main/DEBUG] [net.minecraftforge.fml.loading.moddiscovery.ModFile/LOADING]: Found coremod coremods/field_to_method.js
[2112月2025 13:19:29.736] [main/DEBUG] [net.minecraftforge.fml.loading.moddiscovery.ModFile/LOADING]: Found coremod coremods/field_to_instanceof.js
[2112月2025 13:19:29.736] [main/DEBUG] [net.minecraftforge.fml.loading.moddiscovery.ModFile/LOADING]: Found coremod coremods/add_bouncer_method.js
[2112月2025 13:19:29.736] [main/DEBUG] [net.minecraftforge.fml.loading.moddiscovery.ModFile/LOADING]: Found coremod coremods/method_redirector.js
[2112月2025 13:19:29.736] [main/DEBUG] [net.minecraftforge.fml.loading.moddiscovery.ModFileParser/LOADING]: Considering mod file candidate D:\Desktop\Dreamingfish_Server_github\EconomySystem\server\mods\economy_system-1.2.03 #mandatory.jar
[2112月2025 13:19:29.737] [main/DEBUG] [net.minecraftforge.fml.loading.moddiscovery.ModFileInfo/LOADING]: Found valid mod file economy_system-1.2.03 #mandatory.jar with {economy_system} mods - versions {1.2.03}
[2112月2025 13:19:29.737] [main/DEBUG] [net.minecraftforge.fml.loading.moddiscovery.ModFile/LOADING]: Loading mod file D:\Desktop\Dreamingfish_Server_github\EconomySystem\server\mods\economy_system-1.2.03 #mandatory.jar with languages [LanguageSpec[languageName=javafml, acceptedVersions=[47,)]]
[2112月2025 13:19:29.737] [main/DEBUG] [net.minecraftforge.fml.loading.moddiscovery.ModFileParser/LOADING]: Considering mod file candidate D:\Desktop\Dreamingfish_Server_github\EconomySystem\server\mods\[地形]tectonic-3.0.17-forge-1.20.1.jar
[2112月2025 13:19:29.737] [main/DEBUG] [net.minecraftforge.fml.loading.moddiscovery.ModFileInfo/LOADING]: Found valid mod file [地形]tectonic-3.0.17-forge-1.20.1.jar with {tectonic} mods - versions {3.0.17}
[2112月2025 13:19:29.737] [main/DEBUG] [net.minecraftforge.fml.loading.moddiscovery.ModFile/LOADING]: Loading mod file D:\Desktop\Dreamingfish_Server_github\EconomySystem\server\mods\[地形]tectonic-3.0.17-forge-1.20.1.jar with languages [LanguageSpec[languageName=javafml, acceptedVersions=[47,)]]
[2112月2025 13:19:29.737] [main/DEBUG] [net.minecraftforge.fml.loading.moddiscovery.ModFileInfo/LOADING]: Found valid mod file server-1.20.1-20230612.114412-srg.jar with {minecraft} mods - versions {1.20.1}
[2112月2025 13:19:29.737] [main/DEBUG] [net.minecraftforge.fml.loading.moddiscovery.ModFile/LOADING]: Loading mod file D:\Desktop\Dreamingfish_Server_github\EconomySystem\server\libraries\net\minecraft\server\1.20.1-20230612.114412\server-1.20.1-20230612.114412-srg.jar with languages [LanguageSpec[languageName=minecraft, acceptedVersions=1]]
[2112月2025 13:19:29.737] [main/DEBUG] [net.minecraftforge.fml.loading.moddiscovery.ModFileParser/LOADING]: Considering mod file candidate D:\Desktop\Dreamingfish_Server_github\EconomySystem\server\mods\[前置]TerraBlender-forge-1.20.1-3.0.1.10.jar
[2112月2025 13:19:29.737] [main/DEBUG] [net.minecraftforge.fml.loading.moddiscovery.ModFileInfo/LOADING]: Found valid mod file [前置]TerraBlender-forge-1.20.1-3.0.1.10.jar with {terrablender} mods - versions {3.0.1.10}
[2112月2025 13:19:29.737] [main/DEBUG] [net.minecraftforge.fml.loading.moddiscovery.ModFile/LOADING]: Loading mod file D:\Desktop\Dreamingfish_Server_github\EconomySystem\server\mods\[前置]TerraBlender-forge-1.20.1-3.0.1.10.jar with languages [LanguageSpec[languageName=javafml, acceptedVersions=[47,)]]
[2112月2025 13:19:29.737] [main/DEBUG] [net.minecraftforge.fml.loading.moddiscovery.ModFileParser/LOADING]: Considering mod file candidate D:\Desktop\Dreamingfish_Server_github\EconomySystem\server\mods\[未至之地] RegionsUnexploredForge-0.5.6+1.20.1.jar
[2112月2025 13:19:29.738] [main/DEBUG] [net.minecraftforge.fml.loading.moddiscovery.ModFileInfo/LOADING]: Found valid mod file [未至之地] RegionsUnexploredForge-0.5.6+1.20.1.jar with {regions_unexplored} mods - versions {0.5.6}
[2112月2025 13:19:29.738] [main/DEBUG] [net.minecraftforge.fml.loading.moddiscovery.ModFile/LOADING]: Loading mod file D:\Desktop\Dreamingfish_Server_github\EconomySystem\server\mods\[未至之地] RegionsUnexploredForge-0.5.6+1.20.1.jar with languages [LanguageSpec[languageName=javafml, acceptedVersions=[47,)]]
[2112月2025 13:19:29.738] [main/DEBUG] [net.minecraftforge.fml.loading.moddiscovery.ModFileParser/LOADING]: Considering mod file candidate D:\Desktop\Dreamingfish_Server_github\EconomySystem\server\mods\[GD656击杀图标] gd656killicon-1.0.0RC5-1.20.1-forge.jar
[2112月2025 13:19:29.739] [main/DEBUG] [net.minecraftforge.fml.loading.moddiscovery.ModFileInfo/LOADING]: Found valid mod file [GD656击杀图标] gd656killicon-1.0.0RC5-1.20.1-forge.jar with {gd656killicon} mods - versions {1.0.0RC5-1.20.1-forge}
[2112月2025 13:19:29.739] [main/DEBUG] [net.minecraftforge.fml.loading.moddiscovery.ModFile/LOADING]: Loading mod file D:\Desktop\Dreamingfish_Server_github\EconomySystem\server\mods\[GD656击杀图标] gd656killicon-1.0.0RC5-1.20.1-forge.jar with languages [LanguageSpec[languageName=javafml, acceptedVersions=[47,)]]
[2112月2025 13:19:29.739] [main/DEBUG] [net.minecraftforge.fml.loading.moddiscovery.ModFileParser/LOADING]: Considering mod file candidate D:\Desktop\Dreamingfish_Server_github\EconomySystem\server\mods\[灵活按键提示] smartkeyprompts-forge-1.20.1-1.1.2-fix2.jar
[2112月2025 13:19:29.739] [main/DEBUG] [net.minecraftforge.fml.loading.moddiscovery.ModFileInfo/LOADING]: Found valid mod file [灵活按键提示] smartkeyprompts-forge-1.20.1-1.1.2-fix2.jar with {smartkeyprompts} mods - versions {1.1.2}
[2112月2025 13:19:29.739] [main/DEBUG] [net.minecraftforge.fml.loading.moddiscovery.ModFile/LOADING]: Loading mod file D:\Desktop\Dreamingfish_Server_github\EconomySystem\server\mods\[灵活按键提示] smartkeyprompts-forge-1.20.1-1.1.2-fix2.jar with languages [LanguageSpec[languageName=javafml, acceptedVersions=[47,)]]
[2112月2025 13:19:29.739] [main/DEBUG] [net.minecraftforge.fml.loading.moddiscovery.ModFileParser/LOADING]: Considering mod file candidate D:\Desktop\Dreamingfish_Server_github\EconomySystem\server\mods\[前置]CreativeCore_FORGE_v2.12.32_mc1.20.1.jar
[2112月2025 13:19:29.739] [main/DEBUG] [net.minecraftforge.fml.loading.moddiscovery.ModFileInfo/LOADING]: Found valid mod file [前置]CreativeCore_FORGE_v2.12.32_mc1.20.1.jar with {creativecore} mods - versions {2.12.32}
[2112月2025 13:19:29.739] [main/DEBUG] [net.minecraftforge.fml.loading.moddiscovery.ModFile/LOADING]: Loading mod file D:\Desktop\Dreamingfish_Server_github\EconomySystem\server\mods\[前置]CreativeCore_FORGE_v2.12.32_mc1.20.1.jar with languages [LanguageSpec[languageName=javafml, acceptedVersions=[46,)]]
[2112月2025 13:19:29.739] [main/DEBUG] [net.minecraftforge.fml.loading.moddiscovery.ModFileParser/LOADING]: Considering mod file candidate 
[2112月2025 13:19:29.740] [main/DEBUG] [net.minecraftforge.fml.loading.moddiscovery.ModFileInfo/LOADING]: Found valid mod file spectrelib-forge-0.13.17+1.20.1.jar with {spectrelib} mods - versions {0.13.17+1.20.1}
[2112月2025 13:19:29.740] [main/DEBUG] [net.minecraftforge.fml.loading.moddiscovery.ModFile/LOADING]: Loading mod file  with languages [LanguageSpec[languageName=javafml, acceptedVersions=[41,)]]
[2112月2025 13:19:29.740] [main/DEBUG] [net.minecraftforge.fml.loading.moddiscovery.ModFileParser/LOADING]: Considering mod file candidate D:\Desktop\Dreamingfish_Server_github\EconomySystem\server\mods\[节气] EclipticSeasons-1.20.1-forge-0.12.5.4-all.jar
[2112月2025 13:19:29.740] [main/DEBUG] [net.minecraftforge.fml.loading.moddiscovery.ModFileInfo/LOADING]: Found valid mod file [节气] EclipticSeasons-1.20.1-forge-0.12.5.4-all.jar with {eclipticseasons} mods - versions {0.12.5.4}
[2112月2025 13:19:29.740] [main/DEBUG] [net.minecraftforge.fml.loading.moddiscovery.ModFile/LOADING]: Loading mod file D:\Desktop\Dreamingfish_Server_github\EconomySystem\server\mods\[节气] EclipticSeasons-1.20.1-forge-0.12.5.4-all.jar with languages [LanguageSpec[languageName=javafml, acceptedVersions=[46,)]]
[2112月2025 13:19:29.740] [main/DEBUG] [net.minecraftforge.fml.loading.moddiscovery.ModFileParser/LOADING]: Considering mod file candidate D:\Desktop\Dreamingfish_Server_github\EconomySystem\server\mods\[流畅加载重置版] smoothboot(reloaded)-mc1.20.1-0.0.4.jar
[2112月2025 13:19:29.740] [main/DEBUG] [net.minecraftforge.fml.loading.moddiscovery.ModFileInfo/LOADING]: Found valid mod file [流畅加载重置版] smoothboot(reloaded)-mc1.20.1-0.0.4.jar with {smoothboot} mods - versions {0.0.4}
[2112月2025 13:19:29.740] [main/DEBUG] [net.minecraftforge.fml.loading.moddiscovery.ModFile/LOADING]: Loading mod file D:\Desktop\Dreamingfish_Server_github\EconomySystem\server\mods\[流畅加载重置版] smoothboot(reloaded)-mc1.20.1-0.0.4.jar with languages [LanguageSpec[languageName=javafml, acceptedVersions=[47,)]]
[2112月2025 13:19:29.740] [main/DEBUG] [net.minecraftforge.fml.loading.moddiscovery.ModFileParser/LOADING]: Considering mod file candidate D:\Desktop\Dreamingfish_Server_github\EconomySystem\server\mods\[优化]servercore-forge-1.5.2+1.20.1.jar
[2112月2025 13:19:29.741] [main/DEBUG] [net.minecraftforge.fml.loading.moddiscovery.ModFileInfo/LOADING]: Found valid mod file [优化]servercore-forge-1.5.2+1.20.1.jar with {servercore} mods - versions {1.5.2+1.20.1}
[2112月2025 13:19:29.741] [main/DEBUG] [net.minecraftforge.fml.loading.moddiscovery.ModFile/LOADING]: Loading mod file D:\Desktop\Dreamingfish_Server_github\EconomySystem\server\mods\[优化]servercore-forge-1.5.2+1.20.1.jar with languages [LanguageSpec[languageName=javafml, acceptedVersions=[46,)]]
[2112月2025 13:19:29.741] [main/DEBUG] [net.minecraftforge.fml.loading.moddiscovery.ModFileParser/LOADING]: Considering mod file candidate D:\Desktop\Dreamingfish_Server_github\EconomySystem\server\mods\[Xaero的小地图] Xaeros_Minimap_25.2.10_Forge_1.20.jar
[2112月2025 13:19:29.741] [main/DEBUG] [net.minecraftforge.fml.loading.moddiscovery.ModFileInfo/LOADING]: Found valid mod file [Xaero的小地图] Xaeros_Minimap_25.2.10_Forge_1.20.jar with {xaerominimap} mods - versions {25.2.10}
[2112月2025 13:19:29.741] [main/DEBUG] [net.minecraftforge.fml.loading.moddiscovery.ModFile/LOADING]: Loading mod file D:\Desktop\Dreamingfish_Server_github\EconomySystem\server\mods\[Xaero的小地图] Xaeros_Minimap_25.2.10_Forge_1.20.jar with languages [LanguageSpec[languageName=javafml, acceptedVersions=[46,48)]]
[2112月2025 13:19:29.741] [main/DEBUG] [net.minecraftforge.fml.loading.moddiscovery.ModFileParser/LOADING]: Found coremod xaerohud_core with Javascript path META-INF/xaerohud_core.js
[2112月2025 13:19:29.741] [main/DEBUG] [net.minecraftforge.fml.loading.moddiscovery.ModFile/LOADING]: Found coremod META-INF/xaerohud_core.js
[2112月2025 13:19:29.741] [main/DEBUG] [net.minecraftforge.fml.loading.moddiscovery.ModFileParser/LOADING]: Considering mod file candidate D:\Desktop\Dreamingfish_Server_github\EconomySystem\server\mods\[工作台性能优化] FastWorkbench-1.20.1-8.0.4.jar
[2112月2025 13:19:29.741] [main/DEBUG] [net.minecraftforge.fml.loading.moddiscovery.ModFileInfo/LOADING]: Found valid mod file [工作台性能优化] FastWorkbench-1.20.1-8.0.4.jar with {fastbench} mods - versions {8.0.4}
[2112月2025 13:19:29.741] [main/DEBUG] [net.minecraftforge.fml.loading.moddiscovery.ModFile/LOADING]: Loading mod file D:\Desktop\Dreamingfish_Server_github\EconomySystem\server\mods\[工作台性能优化] FastWorkbench-1.20.1-8.0.4.jar with languages [LanguageSpec[languageName=javafml, acceptedVersions=[32,)]]
[2112月2025 13:19:29.741] [main/DEBUG] [net.minecraftforge.fml.loading.moddiscovery.ModFileParser/LOADING]: Considering mod file candidate D:\Desktop\Dreamingfish_Server_github\EconomySystem\server\mods\[多态合成] polymorph-forge-0.49.10+1.20.1.jar
[2112月2025 13:19:29.742] [main/DEBUG] [net.minecraftforge.fml.loading.moddiscovery.ModFileInfo/LOADING]: Found valid mod file [多态合成] polymorph-forge-0.49.10+1.20.1.jar with {polymorph} mods - versions {0.49.10+1.20.1}
[2112月2025 13:19:29.742] [main/DEBUG] [net.minecraftforge.fml.loading.moddiscovery.ModFile/LOADING]: Loading mod file D:\Desktop\Dreamingfish_Server_github\EconomySystem\server\mods\[多态合成] polymorph-forge-0.49.10+1.20.1.jar with languages [LanguageSpec[languageName=javafml, acceptedVersions=[41,)]]
[2112月2025 13:19:29.742] [main/DEBUG] [net.minecraftforge.fml.loading.moddiscovery.ModFileParser/LOADING]: Considering mod file candidate D:\Desktop\Dreamingfish_Server_github\EconomySystem\server\mods\[地下城与酒馆]dungeons-and-taverns-3.0.3.f[Forge].jar
[2112月2025 13:19:29.742] [main/DEBUG] [net.minecraftforge.fml.loading.moddiscovery.ModFileInfo/LOADING]: Found valid mod file [地下城与酒馆]dungeons-and-taverns-3.0.3.f[Forge].jar with {mr_dungeons_andtaverns} mods - versions {3.0.3.f}
[2112月2025 13:19:29.742] [main/DEBUG] [net.minecraftforge.fml.loading.moddiscovery.ModFile/LOADING]: Loading mod file D:\Desktop\Dreamingfish_Server_github\EconomySystem\server\mods\[地下城与酒馆]dungeons-and-taverns-3.0.3.f[Forge].jar with languages [LanguageSpec[languageName=lowcodefml, acceptedVersions=[40,)]]
[2112月2025 13:19:29.742] [main/DEBUG] [net.minecraftforge.fml.loading.moddiscovery.ModFileParser/LOADING]: Considering mod file candidate D:\Desktop\Dreamingfish_Server_github\EconomySystem\server\mods\[更好的村庄] bettervillage-forge-1.20.1-3.3.1-all.jar
[2112月2025 13:19:29.742] [main/DEBUG] [net.minecraftforge.fml.loading.moddiscovery.ModFileInfo/LOADING]: Found valid mod file [更好的村庄] bettervillage-forge-1.20.1-3.3.1-all.jar with {bettervillage} mods - versions {3.3.1}
[2112月2025 13:19:29.742] [main/DEBUG] [net.minecraftforge.fml.loading.moddiscovery.ModFile/LOADING]: Loading mod file D:\Desktop\Dreamingfish_Server_github\EconomySystem\server\mods\[更好的村庄] bettervillage-forge-1.20.1-3.3.1-all.jar with languages [LanguageSpec[languageName=javafml, acceptedVersions=[0,)]]
[2112月2025 13:19:29.742] [main/DEBUG] [net.minecraftforge.fml.loading.moddiscovery.ModFileParser/LOADING]: Considering mod file candidate D:\Desktop\Dreamingfish_Server_github\EconomySystem\server\mods\[熔炉性能优化] FastFurnace-1.20.1-8.0.2.jar
[2112月2025 13:19:29.743] [main/DEBUG] [net.minecraftforge.fml.loading.moddiscovery.ModFileInfo/LOADING]: Found valid mod file [熔炉性能优化] FastFurnace-1.20.1-8.0.2.jar with {fastfurnace} mods - versions {8.0.2}
[2112月2025 13:19:29.743] [main/DEBUG] [net.minecraftforge.fml.loading.moddiscovery.ModFile/LOADING]: Loading mod file D:\Desktop\Dreamingfish_Server_github\EconomySystem\server\mods\[熔炉性能优化] FastFurnace-1.20.1-8.0.2.jar with languages [LanguageSpec[languageName=javafml, acceptedVersions=[32,)]]
[2112月2025 13:19:29.743] [main/DEBUG] [net.minecraftforge.fml.loading.moddiscovery.ModFileParser/LOADING]: Considering mod file candidate D:\Desktop\Dreamingfish_Server_github\EconomySystem\server\mods\[优化-铁氧体磁芯] ferritecore-6.0.1-forge.jar
[2112月2025 13:19:29.743] [main/DEBUG] [net.minecraftforge.fml.loading.moddiscovery.ModFileInfo/LOADING]: Found valid mod file [优化-铁氧体磁芯] ferritecore-6.0.1-forge.jar with {ferritecore} mods - versions {6.0.1}
[2112月2025 13:19:29.743] [main/DEBUG] [net.minecraftforge.fml.loading.moddiscovery.ModFile/LOADING]: Loading mod file D:\Desktop\Dreamingfish_Server_github\EconomySystem\server\mods\[优化-铁氧体磁芯] ferritecore-6.0.1-forge.jar with languages [LanguageSpec[languageName=javafml, acceptedVersions=[28,)]]
[2112月2025 13:19:29.743] [main/DEBUG] [net.minecraftforge.fml.loading.moddiscovery.ModFileParser/LOADING]: Considering mod file candidate D:\Desktop\Dreamingfish_Server_github\EconomySystem\server\mods\[汤姆的简易存储] toms_storage-1.20-1.7.1.jar
[2112月2025 13:19:29.743] [main/DEBUG] [net.minecraftforge.fml.loading.moddiscovery.ModFileInfo/LOADING]: Found valid mod file [汤姆的简易存储] toms_storage-1.20-1.7.1.jar with {toms_storage} mods - versions {1.7.1}
[2112月2025 13:19:29.743] [main/DEBUG] [net.minecraftforge.fml.loading.moddiscovery.ModFile/LOADING]: Loading mod file D:\Desktop\Dreamingfish_Server_github\EconomySystem\server\mods\[汤姆的简易存储] toms_storage-1.20-1.7.1.jar with languages [LanguageSpec[languageName=javafml, acceptedVersions=[46,)]]
[2112月2025 13:19:29.743] [main/DEBUG] [net.minecraftforge.fml.loading.moddiscovery.ModFileParser/LOADING]: Considering mod file candidate D:\Desktop\Dreamingfish_Server_github\EconomySystem\server\mods\[玩家救援] PlayerRevive_FORGE_v2.0.31_mc1.20.1.jar
[2112月2025 13:19:29.743] [main/DEBUG] [net.minecraftforge.fml.loading.moddiscovery.ModFileInfo/LOADING]: Found valid mod file [玩家救援] PlayerRevive_FORGE_v2.0.31_mc1.20.1.jar with {playerrevive} mods - versions {2.0.31}
[2112月2025 13:19:29.744] [main/DEBUG] [net.minecraftforge.fml.loading.moddiscovery.ModFile/LOADING]: Loading mod file D:\Desktop\Dreamingfish_Server_github\EconomySystem\server\mods\[玩家救援] PlayerRevive_FORGE_v2.0.31_mc1.20.1.jar with languages [LanguageSpec[languageName=javafml, acceptedVersions=[46,)]]
[2112月2025 13:19:29.744] [main/DEBUG] [net.minecraftforge.fml.loading.moddiscovery.ModFile/LOADING]: Loading mod file  with languages []
[2112月2025 13:19:29.744] [main/DEBUG] [net.minecraftforge.fml.loading.moddiscovery.ModFile/LOADING]: Loading mod file  with languages []
[2112月2025 13:19:29.744] [main/DEBUG] [net.minecraftforge.fml.loading.moddiscovery.ModFile/LOADING]: Loading mod file  with languages []
[2112月2025 13:19:29.744] [main/DEBUG] [net.minecraftforge.fml.loading.moddiscovery.ModFile/LOADING]: Loading mod file  with languages []
[2112月2025 13:19:29.744] [main/DEBUG] [net.minecraftforge.fml.loading.moddiscovery.ModFileParser/LOADING]: Considering mod file candidate 
[2112月2025 13:19:29.744] [main/DEBUG] [net.minecraftforge.fml.loading.moddiscovery.ModFileInfo/LOADING]: Found valid mod file mixinextras-forge-0.4.1.jar with {mixinextras} mods - versions {0.4.1}
[2112月2025 13:19:29.744] [main/DEBUG] [net.minecraftforge.fml.loading.moddiscovery.ModFile/LOADING]: Loading mod file  with languages [LanguageSpec[languageName=javafml, acceptedVersions=*]]
[2112月2025 13:19:29.744] [main/DEBUG] [net.minecraftforge.fml.loading.moddiscovery.ModFile/LOADING]: Loading mod file  with languages []
[2112月2025 13:19:29.744] [main/DEBUG] [net.minecraftforge.fml.loading.moddiscovery.ModFile/LOADING]: Loading mod file  with languages []
[2112月2025 13:19:29.744] [main/DEBUG] [net.minecraftforge.fml.loading.moddiscovery.ModFile/LOADING]: Loading mod file  with languages []
[2112月2025 13:19:29.744] [main/DEBUG] [net.minecraftforge.fml.loading.moddiscovery.ModFile/LOADING]: Loading mod file  with languages []
[2112月2025 13:19:29.744] [main/DEBUG] [net.minecraftforge.fml.loading.moddiscovery.ModFile/LOADING]: Loading mod file  with languages []
[2112月2025 13:19:29.744] [main/DEBUG] [net.minecraftforge.fml.loading.moddiscovery.ModFile/LOADING]: Loading mod file  with languages []
[2112月2025 13:19:29.744] [main/DEBUG] [net.minecraftforge.fml.loading.moddiscovery.ModFile/LOADING]: Loading mod file  with languages []
[2112月2025 13:19:29.744] [main/DEBUG] [net.minecraftforge.fml.loading.moddiscovery.ModFile/LOADING]: Loading mod file  with languages []
[2112月2025 13:19:29.744] [main/DEBUG] [net.minecraftforge.fml.loading.moddiscovery.ModFile/LOADING]: Loading mod file  with languages []
[2112月2025 13:19:29.744] [main/DEBUG] [net.minecraftforge.fml.loading.moddiscovery.ModFile/LOADING]: Loading mod file  with languages []
[2112月2025 13:19:29.744] [main/DEBUG] [net.minecraftforge.fml.loading.moddiscovery.ModFile/LOADING]: Loading mod file  with languages []
[2112月2025 13:19:29.744] [main/DEBUG] [net.minecraftforge.fml.loading.moddiscovery.ModFile/LOADING]: Loading mod file  with languages []
[2112月2025 13:19:29.744] [main/DEBUG] [net.minecraftforge.fml.loading.moddiscovery.ModFile/LOADING]: Loading mod file  with languages []
[2112月2025 13:19:29.744] [main/DEBUG] [net.minecraftforge.fml.loading.moddiscovery.ModFileParser/LOADING]: Considering mod file candidate 
[2112月2025 13:19:29.744] [main/DEBUG] [net.minecraftforge.fml.loading.moddiscovery.ModFileInfo/LOADING]: Found valid mod file mixinextras-forge-0.4.1.jar with {mixinextras} mods - versions {0.4.1}
[2112月2025 13:19:29.744] [main/DEBUG] [net.minecraftforge.fml.loading.moddiscovery.ModFile/LOADING]: Loading mod file  with languages [LanguageSpec[languageName=javafml, acceptedVersions=*]]
[2112月2025 13:19:29.744] [main/DEBUG] [net.minecraftforge.fml.loading.moddiscovery.ModFile/LOADING]: Loading mod file  with languages []
[2112月2025 13:19:29.744] [main/DEBUG] [net.minecraftforge.fml.loading.moddiscovery.ModFile/LOADING]: Loading mod file  with languages []
[2112月2025 13:19:29.744] [main/DEBUG] [net.minecraftforge.fml.loading.moddiscovery.ModFile/LOADING]: Loading mod file  with languages []
[2112月2025 13:19:29.745] [main/DEBUG] [net.minecraftforge.fml.loading.moddiscovery.ModFile/LOADING]: Loading mod file  with languages []
[2112月2025 13:19:29.745] [main/DEBUG] [net.minecraftforge.fml.loading.moddiscovery.ModFile/LOADING]: Loading mod file  with languages []
[2112月2025 13:19:29.745] [main/DEBUG] [net.minecraftforge.fml.loading.moddiscovery.ModFile/LOADING]: Loading mod file  with languages []
[2112月2025 13:19:29.745] [main/DEBUG] [net.minecraftforge.fml.loading.moddiscovery.ModFile/LOADING]: Loading mod file  with languages []
[2112月2025 13:19:29.745] [main/DEBUG] [net.minecraftforge.fml.loading.moddiscovery.ModFile/LOADING]: Loading mod file  with languages []
[2112月2025 13:19:29.745] [main/DEBUG] [net.minecraftforge.fml.loading.moddiscovery.ModFile/LOADING]: Loading mod file  with languages []
[2112月2025 13:19:29.747] [main/DEBUG] [cpw.mods.modlauncher.TransformationServiceDecorator/MODLAUNCHER]: End scan trigger - transformation service fml
[2112月2025 13:19:29.763] [main/DEBUG] [net.minecraftforge.fml.loading.LanguageLoadingProvider/CORE]: Found 3 language providers
[2112月2025 13:19:29.764] [main/DEBUG] [net.minecraftforge.fml.loading.LanguageLoadingProvider/CORE]: Found language provider minecraft, version 1.0
[2112月2025 13:19:29.765] [main/DEBUG] [net.minecraftforge.fml.loading.LanguageLoadingProvider/CORE]: Found language provider lowcodefml, version 47
[2112月2025 13:19:29.765] [main/DEBUG] [net.minecraftforge.fml.loading.LanguageLoadingProvider/CORE]: Found language provider javafml, version 47
[2112月2025 13:19:29.773] [main/DEBUG] [net.minecraftforge.fml.loading.UniqueModListBuilder/]: Found 2 mods for first modid mclib, selecting most recent based on version data
[2112月2025 13:19:29.774] [main/DEBUG] [net.minecraftforge.fml.loading.UniqueModListBuilder/]: Selected file mclib-20.jar for modid mclib with version 0.0NONE
[2112月2025 13:19:29.775] [main/DEBUG] [net.minecraftforge.fml.loading.UniqueModListBuilder/]: Found 2 mods for first modid velocity._native.SNAPSHOT, selecting most recent based on version data
[2112月2025 13:19:29.775] [main/DEBUG] [net.minecraftforge.fml.loading.UniqueModListBuilder/]: Selected file velocity-native-3.4.0-SNAPSHOT.jar for modid velocity._native.SNAPSHOT with version 0.0NONE
[2112月2025 13:19:29.775] [main/DEBUG] [net.minecraftforge.fml.loading.UniqueModListBuilder/]: Found 2 mods for first modid luaj.core.figura, selecting most recent based on version data
[2112月2025 13:19:29.775] [main/DEBUG] [net.minecraftforge.fml.loading.UniqueModListBuilder/]: Selected file luaj-core-3.0.8-figura.jar for modid luaj.core.figura with version 0.0NONE
[2112月2025 13:19:29.775] [main/DEBUG] [net.minecraftforge.fml.loading.UniqueModListBuilder/]: Found 2 mods for first modid NanoLiveConfig, selecting most recent based on version data
[2112月2025 13:19:29.775] [main/DEBUG] [net.minecraftforge.fml.loading.UniqueModListBuilder/]: Selected file NanoLiveConfig-1.2.1.jar for modid NanoLiveConfig with version 0.0NONE
[2112月2025 13:19:29.775] [main/DEBUG] [net.minecraftforge.fml.loading.UniqueModListBuilder/]: Found 2 mods for first modid mixinextras, selecting most recent based on version data
[2112月2025 13:19:29.775] [main/DEBUG] [net.minecraftforge.fml.loading.UniqueModListBuilder/]: Selected file mixinextras-forge-0.4.1.jar for modid mixinextras with version 0.4.1
[2112月2025 13:19:29.775] [main/DEBUG] [net.minecraftforge.fml.loading.UniqueModListBuilder/]: Found 2 mods for first modid space.arim.dazzleconf, selecting most recent based on version data
[2112月2025 13:19:29.775] [main/DEBUG] [net.minecraftforge.fml.loading.UniqueModListBuilder/]: Selected file dazzleconf-core-1.3.0-M2.jar for modid space.arim.dazzleconf with version 0.0NONE
[2112月2025 13:19:29.775] [main/DEBUG] [net.minecraftforge.fml.loading.UniqueModListBuilder/]: Found 2 mods for first modid sewlia.config, selecting most recent based on version data
[2112月2025 13:19:29.775] [main/DEBUG] [net.minecraftforge.fml.loading.UniqueModListBuilder/]: Selected file sewlia-config-1.0.0-20250810.044244-13.jar for modid sewlia.config with version 0.0NONE
[2112月2025 13:19:29.775] [main/DEBUG] [net.minecraftforge.fml.loading.UniqueModListBuilder/]: Found 2 mods for first modid org.yaml.snakeyaml, selecting most recent based on version data
[2112月2025 13:19:29.775] [main/DEBUG] [net.minecraftforge.fml.loading.UniqueModListBuilder/]: Selected file snakeyaml-2.4.jar for modid org.yaml.snakeyaml with version 0.0NONE
[2112月2025 13:19:29.775] [main/DEBUG] [net.minecraftforge.fml.loading.UniqueModListBuilder/]: Found 2 mods for first modid luaj.jse.figura, selecting most recent based on version data
[2112月2025 13:19:29.775] [main/DEBUG] [net.minecraftforge.fml.loading.UniqueModListBuilder/]: Selected file luaj-jse-3.0.8-figura.jar for modid luaj.jse.figura with version 0.0NONE
[2112月2025 13:19:29.775] [main/DEBUG] [net.minecraftforge.fml.loading.UniqueModListBuilder/]: Found 2 mods for first modid mvel2Final, selecting most recent based on version data
[2112月2025 13:19:29.775] [main/DEBUG] [net.minecraftforge.fml.loading.UniqueModListBuilder/]: Selected file mvel2-2.5.0.Final.jar for modid mvel2Final with version 0.0NONE
[2112月2025 13:19:29.775] [main/DEBUG] [net.minecraftforge.fml.loading.UniqueModListBuilder/]: Found 2 mods for first modid org.apache.bcel, selecting most recent based on version data
[2112月2025 13:19:29.775] [main/DEBUG] [net.minecraftforge.fml.loading.UniqueModListBuilder/]: Selected file bcel-6.6.1.jar for modid org.apache.bcel with version 6.6.1
[2112月2025 13:19:29.776] [main/DEBUG] [net.minecraftforge.fml.loading.UniqueModListBuilder/]: Found 2 mods for first modid space.arim.dazzleconf.ext.snakeyaml, selecting most recent based on version data
[2112月2025 13:19:29.776] [main/DEBUG] [net.minecraftforge.fml.loading.UniqueModListBuilder/]: Selected file dazzleconf-ext-snakeyaml-1.3.0-M2.jar for modid space.arim.dazzleconf.ext.snakeyaml with version 0.0NONE
[2112月2025 13:19:29.776] [main/DEBUG] [net.minecraftforge.fml.loading.UniqueModListBuilder/]: Found 2 mods for first modid MixinExtras, selecting most recent based on version data
[2112月2025 13:19:29.776] [main/DEBUG] [net.minecraftforge.fml.loading.UniqueModListBuilder/]: Selected file MixinExtras-0.4.1.jar for modid MixinExtras with version 0.0NONE
[2112月2025 13:19:29.776] [main/DEBUG] [net.minecraftforge.fml.loading.UniqueModListBuilder/]: Found 2 mods for first modid commons.math3, selecting most recent based on version data
[2112月2025 13:19:29.776] [main/DEBUG] [net.minecraftforge.fml.loading.UniqueModListBuilder/]: Selected file commons-math3-3.6.1.jar for modid commons.math3 with version 3.6.1
[2112月2025 13:19:29.779] [main/DEBUG] [net.minecraftforge.fml.loading.ModSorter/]: Configured system mods: [minecraft, forge]
[2112月2025 13:19:29.779] [main/DEBUG] [net.minecraftforge.fml.loading.ModSorter/]: Found system mod: minecraft
[2112月2025 13:19:29.779] [main/DEBUG] [net.minecraftforge.fml.loading.ModSorter/]: Found system mod: forge
[2112月2025 13:19:29.786] [main/DEBUG] [net.minecraftforge.fml.loading.ModSorter/LOADING]: Found 75 mod requirements (72 mandatory, 3 optional)
[2112月2025 13:19:29.788] [main/DEBUG] [net.minecraftforge.fml.loading.ModSorter/LOADING]: Found 0 mod requirements missing (0 mandatory, 0 optional)
[2112月2025 13:19:30.154] [main/DEBUG] [cpw.mods.modlauncher.TransformationServicesHandler/MODLAUNCHER]: Transformation services loading transformers
[2112月2025 13:19:30.155] [main/DEBUG] [cpw.mods.modlauncher.TransformationServiceDecorator/MODLAUNCHER]: Initializing transformers for transformation service mixin
[2112月2025 13:19:30.156] [main/DEBUG] [cpw.mods.modlauncher.TransformationServiceDecorator/MODLAUNCHER]: Initialized transformers for transformation service mixin
[2112月2025 13:19:30.157] [main/DEBUG] [cpw.mods.modlauncher.TransformationServiceDecorator/MODLAUNCHER]: Initializing transformers for transformation service fml
[2112月2025 13:19:30.157] [main/DEBUG] [net.minecraftforge.fml.loading.FMLServiceProvider/CORE]: Loading coremod transformers
[2112月2025 13:19:30.157] [main/DEBUG] [net.minecraftforge.coremod.CoreModEngine/COREMOD]: Loading CoreMod from META-INF/xaeroworldmap_core.js
[2112月2025 13:19:30.621] [main/DEBUG] [net.minecraftforge.coremod.CoreModEngine/COREMOD]: CoreMod loaded successfully
[2112月2025 13:19:30.621] [main/DEBUG] [net.minecraftforge.coremod.CoreModEngine/COREMOD]: Loading CoreMod from coremods/get_ench_level_event.js
[2112月2025 13:19:30.633] [main/DEBUG] [net.minecraftforge.coremod.CoreModEngine/COREMOD]: CoreMod loaded successfully
[2112月2025 13:19:30.633] [main/DEBUG] [net.minecraftforge.coremod.CoreModEngine/COREMOD]: Loading CoreMod from coremods/get_ench_level_event_specific.js
[2112月2025 13:19:30.643] [main/DEBUG] [net.minecraftforge.coremod.CoreModEngine/COREMOD]: CoreMod loaded successfully
[2112月2025 13:19:30.643] [main/DEBUG] [net.minecraftforge.coremod.CoreModEngine/COREMOD]: Loading CoreMod from coremods/field_to_method.js
[2112月2025 13:19:30.694] [main/DEBUG] [net.minecraftforge.coremod.CoreModEngine/COREMOD]: CoreMod loaded successfully
[2112月2025 13:19:30.694] [main/DEBUG] [net.minecraftforge.coremod.CoreModEngine/COREMOD]: Loading CoreMod from coremods/field_to_instanceof.js
[2112月2025 13:19:30.791] [main/DEBUG] [net.minecraftforge.coremod.CoreModEngine/COREMOD]: CoreMod loaded successfully
[2112月2025 13:19:30.791] [main/DEBUG] [net.minecraftforge.coremod.CoreModEngine/COREMOD]: Loading CoreMod from coremods/add_bouncer_method.js
[2112月2025 13:19:30.829] [main/DEBUG] [net.minecraftforge.coremod.CoreModEngine/COREMOD]: CoreMod loaded successfully
[2112月2025 13:19:30.829] [main/DEBUG] [net.minecraftforge.coremod.CoreModEngine/COREMOD]: Loading CoreMod from coremods/method_redirector.js
[2112月2025 13:19:30.894] [main/DEBUG] [net.minecraftforge.coremod.CoreModEngine/COREMOD]: CoreMod loaded successfully
[2112月2025 13:19:30.894] [main/DEBUG] [net.minecraftforge.coremod.CoreModEngine/COREMOD]: Loading CoreMod from META-INF/xaerohud_core.js
[2112月2025 13:19:30.917] [main/DEBUG] [net.minecraftforge.coremod.CoreModEngine/COREMOD]: CoreMod loaded successfully
[2112月2025 13:19:30.936] [main/DEBUG] [cpw.mods.modlauncher.TransformStore/MODLAUNCHER]: Adding transformer net.minecraftforge.coremod.transformer.CoreModMethodTransformer@31973858 to Target : METHOD {Lnet/minecraftforge/common/extensions/IForgeItemStack;} {getAllEnchantments} {()Ljava/util/Map;}
[2112月2025 13:19:30.939] [main/DEBUG] [cpw.mods.modlauncher.TransformStore/MODLAUNCHER]: Adding transformer net.minecraftforge.coremod.transformer.CoreModMethodTransformer@51e754e1 to Target : METHOD {Lnet/minecraftforge/common/extensions/IForgeItemStack;} {getEnchantmentLevel} {(Lnet/minecraft/world/item/enchantment/Enchantment;)I}
[2112月2025 13:19:30.939] [main/DEBUG] [cpw.mods.modlauncher.TransformStore/MODLAUNCHER]: Adding transformer net.minecraftforge.coremod.transformer.CoreModMethodTransformer@26865482 to Target : METHOD {Lnet/minecraft/client/ToggleKeyMapping;} {m_90857_} {()Z}
[2112月2025 13:19:30.939] [main/DEBUG] [cpw.mods.modlauncher.TransformStore/MODLAUNCHER]: Adding transformer net.minecraftforge.coremod.transformer.CoreModClassTransformer@c1050f2 to Target : CLASS {Lnet/minecraft/world/level/biome/Biome;} {} {V}
[2112月2025 13:19:30.939] [main/DEBUG] [cpw.mods.modlauncher.TransformStore/MODLAUNCHER]: Adding transformer net.minecraftforge.coremod.transformer.CoreModClassTransformer@67bb4dcd to Target : CLASS {Lnet/minecraft/world/level/levelgen/structure/Structure;} {} {V}
[2112月2025 13:19:30.939] [main/DEBUG] [cpw.mods.modlauncher.TransformStore/MODLAUNCHER]: Adding transformer net.minecraftforge.coremod.transformer.CoreModClassTransformer@738d37fc to Target : CLASS {Lnet/minecraft/world/effect/MobEffectInstance;} {} {V}
[2112月2025 13:19:30.939] [main/DEBUG] [cpw.mods.modlauncher.TransformStore/MODLAUNCHER]: Adding transformer net.minecraftforge.coremod.transformer.CoreModClassTransformer@6fa2448b to Target : CLASS {Lnet/minecraft/world/level/block/LiquidBlock;} {} {V}
[2112月2025 13:19:30.939] [main/DEBUG] [cpw.mods.modlauncher.TransformStore/MODLAUNCHER]: Adding transformer net.minecraftforge.coremod.transformer.CoreModClassTransformer@61bb1e4d to Target : CLASS {Lnet/minecraft/world/item/BucketItem;} {} {V}
[2112月2025 13:19:30.939] [main/DEBUG] [cpw.mods.modlauncher.TransformStore/MODLAUNCHER]: Adding transformer net.minecraftforge.coremod.transformer.CoreModClassTransformer@5c53f292 to Target : CLASS {Lnet/minecraft/world/level/block/StairBlock;} {} {V}
[2112月2025 13:19:30.939] [main/DEBUG] [cpw.mods.modlauncher.TransformStore/MODLAUNCHER]: Adding transformer net.minecraftforge.coremod.transformer.CoreModClassTransformer@46fb0c33 to Target : CLASS {Lnet/minecraft/world/level/block/FlowerPotBlock;} {} {V}
[2112月2025 13:19:30.939] [main/DEBUG] [cpw.mods.modlauncher.TransformStore/MODLAUNCHER]: Adding transformer net.minecraftforge.coremod.transformer.CoreModClassTransformer@3b009e7b to Target : CLASS {Lnet/minecraft/world/item/ItemStack;} {} {V}
[2112月2025 13:19:30.940] [main/DEBUG] [cpw.mods.modlauncher.TransformStore/MODLAUNCHER]: Adding transformer net.minecraftforge.coremod.transformer.CoreModClassTransformer@270a620 to Target : CLASS {Lnet/minecraft/network/play/client/CClientSettingsPacket;} {} {V}
[2112月2025 13:19:30.940] [main/DEBUG] [cpw.mods.modlauncher.TransformStore/MODLAUNCHER]: Adding transformer net.minecraftforge.coremod.transformer.CoreModClassTransformer@41f4039e to Target : CLASS {Lnet/minecraft/world/level/levelgen/structure/structures/WoodlandMansionPieces$WoodlandMansionPiece;} {} {V}
[2112月2025 13:19:30.940] [main/DEBUG] [cpw.mods.modlauncher.TransformStore/MODLAUNCHER]: Adding transformer net.minecraftforge.coremod.transformer.CoreModClassTransformer@41f4039e to Target : CLASS {Lnet/minecraft/server/commands/RaidCommand;} {} {V}
[2112月2025 13:19:30.940] [main/DEBUG] [cpw.mods.modlauncher.TransformStore/MODLAUNCHER]: Adding transformer net.minecraftforge.coremod.transformer.CoreModClassTransformer@41f4039e to Target : CLASS {Lnet/minecraft/world/level/levelgen/structure/structures/OceanMonumentPieces$OceanMonumentPiece;} {} {V}
[2112月2025 13:19:30.940] [main/DEBUG] [cpw.mods.modlauncher.TransformStore/MODLAUNCHER]: Adding transformer net.minecraftforge.coremod.transformer.CoreModClassTransformer@41f4039e to Target : CLASS {Lnet/minecraft/world/entity/raid/Raid;} {} {V}
[2112月2025 13:19:30.940] [main/DEBUG] [cpw.mods.modlauncher.TransformStore/MODLAUNCHER]: Adding transformer net.minecraftforge.coremod.transformer.CoreModClassTransformer@41f4039e to Target : CLASS {Lnet/minecraft/world/entity/monster/Strider;} {} {V}
[2112月2025 13:19:30.940] [main/DEBUG] [cpw.mods.modlauncher.TransformStore/MODLAUNCHER]: Adding transformer net.minecraftforge.coremod.transformer.CoreModClassTransformer@41f4039e to Target : CLASS {Lnet/minecraft/world/entity/npc/Villager;} {} {V}
[2112月2025 13:19:30.940] [main/DEBUG] [cpw.mods.modlauncher.TransformStore/MODLAUNCHER]: Adding transformer net.minecraftforge.coremod.transformer.CoreModClassTransformer@41f4039e to Target : CLASS {Lnet/minecraft/world/entity/npc/CatSpawner;} {} {V}
[2112月2025 13:19:30.940] [main/DEBUG] [cpw.mods.modlauncher.TransformStore/MODLAUNCHER]: Adding transformer net.minecraftforge.coremod.transformer.CoreModClassTransformer@41f4039e to Target : CLASS {Lnet/minecraft/world/level/levelgen/PatrolSpawner;} {} {V}
[2112月2025 13:19:30.940] [main/DEBUG] [cpw.mods.modlauncher.TransformStore/MODLAUNCHER]: Adding transformer net.minecraftforge.coremod.transformer.CoreModClassTransformer@41f4039e to Target : CLASS {Lnet/minecraft/world/entity/animal/frog/Tadpole;} {} {V}
[2112月2025 13:19:30.940] [main/DEBUG] [cpw.mods.modlauncher.TransformStore/MODLAUNCHER]: Adding transformer net.minecraftforge.coremod.transformer.CoreModClassTransformer@41f4039e to Target : CLASS {Lnet/minecraft/world/entity/EntityType;} {} {V}
[2112月2025 13:19:30.940] [main/DEBUG] [cpw.mods.modlauncher.TransformStore/MODLAUNCHER]: Adding transformer net.minecraftforge.coremod.transformer.CoreModClassTransformer@41f4039e to Target : CLASS {Lnet/minecraft/world/entity/monster/ZombieVillager;} {} {V}
[2112月2025 13:19:30.941] [main/DEBUG] [cpw.mods.modlauncher.TransformStore/MODLAUNCHER]: Adding transformer net.minecraftforge.coremod.transformer.CoreModClassTransformer@41f4039e to Target : CLASS {Lnet/minecraft/world/level/levelgen/PhantomSpawner;} {} {V}
[2112月2025 13:19:30.941] [main/DEBUG] [cpw.mods.modlauncher.TransformStore/MODLAUNCHER]: Adding transformer net.minecraftforge.coremod.transformer.CoreModClassTransformer@41f4039e to Target : CLASS {Lnet/minecraft/server/commands/SummonCommand;} {} {V}
[2112月2025 13:19:30.941] [main/DEBUG] [cpw.mods.modlauncher.TransformStore/MODLAUNCHER]: Adding transformer net.minecraftforge.coremod.transformer.CoreModClassTransformer@41f4039e to Target : CLASS {Lnet/minecraft/world/level/NaturalSpawner;} {} {V}
[2112月2025 13:19:30.941] [main/DEBUG] [cpw.mods.modlauncher.TransformStore/MODLAUNCHER]: Adding transformer net.minecraftforge.coremod.transformer.CoreModClassTransformer@41f4039e to Target : CLASS {Lnet/minecraft/world/entity/animal/horse/SkeletonTrapGoal;} {} {V}
[2112月2025 13:19:30.941] [main/DEBUG] [cpw.mods.modlauncher.TransformStore/MODLAUNCHER]: Adding transformer net.minecraftforge.coremod.transformer.CoreModClassTransformer@41f4039e to Target : CLASS {Lnet/minecraft/world/level/levelgen/structure/structures/SwampHutPiece;} {} {V}
[2112月2025 13:19:30.941] [main/DEBUG] [cpw.mods.modlauncher.TransformStore/MODLAUNCHER]: Adding transformer net.minecraftforge.coremod.transformer.CoreModClassTransformer@41f4039e to Target : CLASS {Lnet/minecraft/world/entity/monster/Spider;} {} {V}
[2112月2025 13:19:30.941] [main/DEBUG] [cpw.mods.modlauncher.TransformStore/MODLAUNCHER]: Adding transformer net.minecraftforge.coremod.transformer.CoreModClassTransformer@41f4039e to Target : CLASS {Lnet/minecraft/world/entity/ai/village/VillageSiege;} {} {V}
[2112月2025 13:19:30.941] [main/DEBUG] [cpw.mods.modlauncher.TransformStore/MODLAUNCHER]: Adding transformer net.minecraftforge.coremod.transformer.CoreModClassTransformer@41f4039e to Target : CLASS {Lnet/minecraft/world/entity/monster/Evoker$EvokerSummonSpellGoal;} {} {V}
[2112月2025 13:19:30.941] [main/DEBUG] [cpw.mods.modlauncher.TransformStore/MODLAUNCHER]: Adding transformer net.minecraftforge.coremod.transformer.CoreModClassTransformer@41f4039e to Target : CLASS {Lnet/minecraft/world/level/levelgen/structure/structures/OceanRuinPieces$OceanRuinPiece;} {} {V}
[2112月2025 13:19:30.941] [main/DEBUG] [cpw.mods.modlauncher.TransformStore/MODLAUNCHER]: Adding transformer net.minecraftforge.coremod.transformer.CoreModClassTransformer@41f4039e to Target : CLASS {Lnet/minecraft/world/entity/monster/Zombie;} {} {V}
[2112月2025 13:19:30.941] [main/DEBUG] [cpw.mods.modlauncher.TransformStore/MODLAUNCHER]: Adding transformer net.minecraftforge.coremod.transformer.CoreModClassTransformer@41f4039e to Target : CLASS {Lnet/minecraft/world/level/levelgen/structure/templatesystem/StructureTemplate;} {} {V}
[2112月2025 13:19:30.941] [main/DEBUG] [cpw.mods.modlauncher.TransformationServiceDecorator/MODLAUNCHER]: Initialized transformers for transformation service fml
[2112月2025 13:19:31.403] [main/DEBUG] [mixin/]: Processing prepare() for PlatformAgent[MixinPlatformAgentDefault:ModLauncher Root Container(ModLauncher:4f56a0a2)]
[2112月2025 13:19:31.403] [main/DEBUG] [mixin/]: Processing launch tasks for PlatformAgent[MixinPlatformAgentDefault:ModLauncher Root Container(ModLauncher:4f56a0a2)]
[2112月2025 13:19:31.403] [main/DEBUG] [mixin/]: Adding mixin platform agents for container SecureJarResource(radium)
[2112月2025 13:19:31.403] [main/DEBUG] [mixin/]: Instancing new MixinPlatformAgentMinecraftForge for SecureJarResource(radium)
[2112月2025 13:19:31.403] [main/DEBUG] [mixin/]: MixinPlatformAgentMinecraftForge rejected container SecureJarResource(radium)
[2112月2025 13:19:31.403] [main/DEBUG] [mixin/]: Instancing new MixinPlatformAgentDefault for SecureJarResource(radium)
[2112月2025 13:19:31.403] [main/DEBUG] [mixin/]: MixinPlatformAgentDefault accepted container SecureJarResource(radium)
[2112月2025 13:19:31.403] [main/DEBUG] [mixin/]: Processing prepare() for PlatformAgent[MixinPlatformAgentDefault:SecureJarResource(radium)]
[2112月2025 13:19:31.403] [main/DEBUG] [mixin/]: Registering mixin config: lithium.mixins.json
[2112月2025 13:19:31.440] [main/DEBUG] [mixin/]: Adding mixin platform agents for container SecureJarResource(tt20)
[2112月2025 13:19:31.440] [main/DEBUG] [mixin/]: Instancing new MixinPlatformAgentMinecraftForge for SecureJarResource(tt20)
[2112月2025 13:19:31.440] [main/DEBUG] [mixin/]: MixinPlatformAgentMinecraftForge rejected container SecureJarResource(tt20)
[2112月2025 13:19:31.440] [main/DEBUG] [mixin/]: Instancing new MixinPlatformAgentDefault for SecureJarResource(tt20)
[2112月2025 13:19:31.440] [main/DEBUG] [mixin/]: MixinPlatformAgentDefault accepted container SecureJarResource(tt20)
[2112月2025 13:19:31.440] [main/DEBUG] [mixin/]: Processing prepare() for PlatformAgent[MixinPlatformAgentDefault:SecureJarResource(tt20)]
[2112月2025 13:19:31.440] [main/DEBUG] [mixin/]: Registering mixin config: mixin.tt20.json
[2112月2025 13:19:31.444] [main/DEBUG] [mixin/]: Compatibility level JAVA_17 specified by mixin.tt20.json is higher than the maximum level supported by this version of mixin (JAVA_13).
[2112月2025 13:19:31.450] [main/INFO] [mixin/]: Compatibility level set to JAVA_17
[2112月2025 13:19:31.450] [main/ERROR] [mixin/]: Mixin config mixin.tt20.json does not specify "minVersion" property
[2112月2025 13:19:31.451] [main/DEBUG] [mixin/]: Adding mixin platform agents for container SecureJarResource(geckolib)
[2112月2025 13:19:31.451] [main/DEBUG] [mixin/]: Instancing new MixinPlatformAgentMinecraftForge for SecureJarResource(geckolib)
[2112月2025 13:19:31.451] [main/DEBUG] [mixin/]: MixinPlatformAgentMinecraftForge rejected container SecureJarResource(geckolib)
[2112月2025 13:19:31.451] [main/DEBUG] [mixin/]: Instancing new MixinPlatformAgentDefault for SecureJarResource(geckolib)
[2112月2025 13:19:31.451] [main/DEBUG] [mixin/]: MixinPlatformAgentDefault accepted container SecureJarResource(geckolib)
[2112月2025 13:19:31.451] [main/DEBUG] [mixin/]: Processing prepare() for PlatformAgent[MixinPlatformAgentDefault:SecureJarResource(geckolib)]
[2112月2025 13:19:31.451] [main/DEBUG] [mixin/]: Registering mixin config: geckolib.mixins.json
[2112月2025 13:19:31.452] [main/DEBUG] [mixin/]: Adding mixin platform agents for container SecureJarResource(jei)
[2112月2025 13:19:31.452] [main/DEBUG] [mixin/]: Instancing new MixinPlatformAgentMinecraftForge for SecureJarResource(jei)
[2112月2025 13:19:31.452] [main/DEBUG] [mixin/]: MixinPlatformAgentMinecraftForge rejected container SecureJarResource(jei)
[2112月2025 13:19:31.452] [main/DEBUG] [mixin/]: Instancing new MixinPlatformAgentDefault for SecureJarResource(jei)
[2112月2025 13:19:31.452] [main/DEBUG] [mixin/]: MixinPlatformAgentDefault accepted container SecureJarResource(jei)
[2112月2025 13:19:31.452] [main/DEBUG] [mixin/]: Processing prepare() for PlatformAgent[MixinPlatformAgentDefault:SecureJarResource(jei)]
[2112月2025 13:19:31.452] [main/DEBUG] [mixin/]: Adding mixin platform agents for container SecureJarResource(lithostitched)
[2112月2025 13:19:31.452] [main/DEBUG] [mixin/]: Instancing new MixinPlatformAgentMinecraftForge for SecureJarResource(lithostitched)
[2112月2025 13:19:31.453] [main/DEBUG] [mixin/]: MixinPlatformAgentMinecraftForge rejected container SecureJarResource(lithostitched)
[2112月2025 13:19:31.453] [main/DEBUG] [mixin/]: Instancing new MixinPlatformAgentDefault for SecureJarResource(lithostitched)
[2112月2025 13:19:31.453] [main/DEBUG] [mixin/]: MixinPlatformAgentDefault accepted container SecureJarResource(lithostitched)
[2112月2025 13:19:31.453] [main/DEBUG] [mixin/]: Processing prepare() for PlatformAgent[MixinPlatformAgentDefault:SecureJarResource(lithostitched)]
[2112月2025 13:19:31.453] [main/DEBUG] [mixin/]: Registering mixin config: lithostitched.mixins.json
[2112月2025 13:19:31.453] [main/DEBUG] [mixin/]: Registering mixin config: lithostitched.forge.mixins.json
[2112月2025 13:19:31.454] [main/DEBUG] [mixin/]: Adding mixin platform agents for container SecureJarResource(tacz)
[2112月2025 13:19:31.454] [main/DEBUG] [mixin/]: Instancing new MixinPlatformAgentMinecraftForge for SecureJarResource(tacz)
[2112月2025 13:19:31.454] [main/DEBUG] [mixin/]: MixinPlatformAgentMinecraftForge rejected container SecureJarResource(tacz)
[2112月2025 13:19:31.454] [main/DEBUG] [mixin/]: Instancing new MixinPlatformAgentDefault for SecureJarResource(tacz)
[2112月2025 13:19:31.454] [main/DEBUG] [mixin/]: MixinPlatformAgentDefault accepted container SecureJarResource(tacz)
[2112月2025 13:19:31.454] [main/DEBUG] [mixin/]: Processing prepare() for PlatformAgent[MixinPlatformAgentDefault:SecureJarResource(tacz)]
[2112月2025 13:19:31.454] [main/DEBUG] [mixin/]: Registering mixin config: tacz.mixins.json
[2112月2025 13:19:31.455] [main/DEBUG] [mixin/]: Adding mixin platform agents for container SecureJarResource(libraryferret)
[2112月2025 13:19:31.455] [main/DEBUG] [mixin/]: Instancing new MixinPlatformAgentMinecraftForge for SecureJarResource(libraryferret)
[2112月2025 13:19:31.455] [main/DEBUG] [mixin/]: MixinPlatformAgentMinecraftForge rejected container SecureJarResource(libraryferret)
[2112月2025 13:19:31.455] [main/DEBUG] [mixin/]: Instancing new MixinPlatformAgentDefault for SecureJarResource(libraryferret)
[2112月2025 13:19:31.455] [main/DEBUG] [mixin/]: MixinPlatformAgentDefault accepted container SecureJarResource(libraryferret)
[2112月2025 13:19:31.455] [main/DEBUG] [mixin/]: Processing prepare() for PlatformAgent[MixinPlatformAgentDefault:SecureJarResource(libraryferret)]
[2112月2025 13:19:31.455] [main/DEBUG] [mixin/]: Adding mixin platform agents for container SecureJarResource(sophisticatedcore)
[2112月2025 13:19:31.455] [main/DEBUG] [mixin/]: Instancing new MixinPlatformAgentMinecraftForge for SecureJarResource(sophisticatedcore)
[2112月2025 13:19:31.455] [main/DEBUG] [mixin/]: MixinPlatformAgentMinecraftForge rejected container SecureJarResource(sophisticatedcore)
[2112月2025 13:19:31.455] [main/DEBUG] [mixin/]: Instancing new MixinPlatformAgentDefault for SecureJarResource(sophisticatedcore)
[2112月2025 13:19:31.455] [main/DEBUG] [mixin/]: MixinPlatformAgentDefault accepted container SecureJarResource(sophisticatedcore)
[2112月2025 13:19:31.455] [main/DEBUG] [mixin/]: Processing prepare() for PlatformAgent[MixinPlatformAgentDefault:SecureJarResource(sophisticatedcore)]
[2112月2025 13:19:31.455] [main/DEBUG] [mixin/]: Adding mixin platform agents for container SecureJarResource(xaeroworldmap)
[2112月2025 13:19:31.455] [main/DEBUG] [mixin/]: Instancing new MixinPlatformAgentMinecraftForge for SecureJarResource(xaeroworldmap)
[2112月2025 13:19:31.455] [main/DEBUG] [mixin/]: MixinPlatformAgentMinecraftForge rejected container SecureJarResource(xaeroworldmap)
[2112月2025 13:19:31.455] [main/DEBUG] [mixin/]: Instancing new MixinPlatformAgentDefault for SecureJarResource(xaeroworldmap)
[2112月2025 13:19:31.456] [main/DEBUG] [mixin/]: MixinPlatformAgentDefault accepted container SecureJarResource(xaeroworldmap)
[2112月2025 13:19:31.456] [main/DEBUG] [mixin/]: Processing prepare() for PlatformAgent[MixinPlatformAgentDefault:SecureJarResource(xaeroworldmap)]
[2112月2025 13:19:31.456] [main/DEBUG] [mixin/]: Registering mixin config: xaeroworldmap.mixins.json
[2112月2025 13:19:31.456] [main/DEBUG] [mixin/]: Registering mixin config: xaeroworldmap.forge.mixins.json
[2112月2025 13:19:31.457] [main/DEBUG] [mixin/]: Adding mixin platform agents for container SecureJarResource(placebo)
[2112月2025 13:19:31.457] [main/DEBUG] [mixin/]: Instancing new MixinPlatformAgentMinecraftForge for SecureJarResource(placebo)
[2112月2025 13:19:31.457] [main/DEBUG] [mixin/]: MixinPlatformAgentMinecraftForge rejected container SecureJarResource(placebo)
[2112月2025 13:19:31.457] [main/DEBUG] [mixin/]: Instancing new MixinPlatformAgentDefault for SecureJarResource(placebo)
[2112月2025 13:19:31.457] [main/DEBUG] [mixin/]: MixinPlatformAgentDefault accepted container SecureJarResource(placebo)
[2112月2025 13:19:31.457] [main/DEBUG] [mixin/]: Processing prepare() for PlatformAgent[MixinPlatformAgentDefault:SecureJarResource(placebo)]
[2112月2025 13:19:31.457] [main/DEBUG] [mixin/]: Registering mixin config: placebo.mixins.json
[2112月2025 13:19:31.458] [main/DEBUG] [mixin/]: Adding mixin platform agents for container SecureJarResource(modernfix)
[2112月2025 13:19:31.458] [main/DEBUG] [mixin/]: Instancing new MixinPlatformAgentMinecraftForge for SecureJarResource(modernfix)
[2112月2025 13:19:31.458] [main/DEBUG] [mixin/]: MixinPlatformAgentMinecraftForge rejected container SecureJarResource(modernfix)
[2112月2025 13:19:31.458] [main/DEBUG] [mixin/]: Instancing new MixinPlatformAgentDefault for SecureJarResource(modernfix)
[2112月2025 13:19:31.458] [main/DEBUG] [mixin/]: MixinPlatformAgentDefault accepted container SecureJarResource(modernfix)
[2112月2025 13:19:31.458] [main/DEBUG] [mixin/]: Processing prepare() for PlatformAgent[MixinPlatformAgentDefault:SecureJarResource(modernfix)]
[2112月2025 13:19:31.458] [main/DEBUG] [mixin/]: Registering mixin config: modernfix-common.mixins.json
[2112月2025 13:19:31.459] [main/DEBUG] [mixin/]: Registering mixin config: modernfix-forge.mixins.json
[2112月2025 13:19:31.459] [main/DEBUG] [mixin/]: Adding mixin platform agents for container SecureJarResource(naturescompass)
[2112月2025 13:19:31.459] [main/DEBUG] [mixin/]: Instancing new MixinPlatformAgentMinecraftForge for SecureJarResource(naturescompass)
[2112月2025 13:19:31.459] [main/DEBUG] [mixin/]: MixinPlatformAgentMinecraftForge rejected container SecureJarResource(naturescompass)
[2112月2025 13:19:31.459] [main/DEBUG] [mixin/]: Instancing new MixinPlatformAgentDefault for SecureJarResource(naturescompass)
[2112月2025 13:19:31.459] [main/DEBUG] [mixin/]: MixinPlatformAgentDefault accepted container SecureJarResource(naturescompass)
[2112月2025 13:19:31.459] [main/DEBUG] [mixin/]: Processing prepare() for PlatformAgent[MixinPlatformAgentDefault:SecureJarResource(naturescompass)]
[2112月2025 13:19:31.459] [main/DEBUG] [mixin/]: Adding mixin platform agents for container SecureJarResource(krypton_fnp)
[2112月2025 13:19:31.460] [main/DEBUG] [mixin/]: Instancing new MixinPlatformAgentMinecraftForge for SecureJarResource(krypton_fnp)
[2112月2025 13:19:31.460] [main/DEBUG] [mixin/]: MixinPlatformAgentMinecraftForge rejected container SecureJarResource(krypton_fnp)
[2112月2025 13:19:31.460] [main/DEBUG] [mixin/]: Instancing new MixinPlatformAgentDefault for SecureJarResource(krypton_fnp)
[2112月2025 13:19:31.460] [main/DEBUG] [mixin/]: MixinPlatformAgentDefault accepted container SecureJarResource(krypton_fnp)
[2112月2025 13:19:31.460] [main/DEBUG] [mixin/]: Processing prepare() for PlatformAgent[MixinPlatformAgentDefault:SecureJarResource(krypton_fnp)]
[2112月2025 13:19:31.460] [main/DEBUG] [mixin/]: Registering mixin config: krypton_fnp.mixins.json
[2112月2025 13:19:31.460] [main/DEBUG] [mixin/]: Adding mixin platform agents for container SecureJarResource(tritium)
[2112月2025 13:19:31.460] [main/DEBUG] [mixin/]: Instancing new MixinPlatformAgentMinecraftForge for SecureJarResource(tritium)
[2112月2025 13:19:31.460] [main/DEBUG] [mixin/]: MixinPlatformAgentMinecraftForge rejected container SecureJarResource(tritium)
[2112月2025 13:19:31.460] [main/DEBUG] [mixin/]: Instancing new MixinPlatformAgentDefault for SecureJarResource(tritium)
[2112月2025 13:19:31.460] [main/DEBUG] [mixin/]: MixinPlatformAgentDefault accepted container SecureJarResource(tritium)
[2112月2025 13:19:31.460] [main/DEBUG] [mixin/]: Processing prepare() for PlatformAgent[MixinPlatformAgentDefault:SecureJarResource(tritium)]
[2112月2025 13:19:31.460] [main/DEBUG] [mixin/]: Registering mixin config: tritium.mixins.json
[2112月2025 13:19:31.461] [main/DEBUG] [mixin/]: Registering mixin config: tritium.forge.mixins.json
[2112月2025 13:19:31.462] [main/DEBUG] [mixin/]: Adding mixin platform agents for container SecureJarResource(mixinextras)
[2112月2025 13:19:31.462] [main/DEBUG] [mixin/]: Instancing new MixinPlatformAgentMinecraftForge for SecureJarResource(mixinextras)
[2112月2025 13:19:31.462] [main/DEBUG] [mixin/]: MixinPlatformAgentMinecraftForge rejected container SecureJarResource(mixinextras)
[2112月2025 13:19:31.462] [main/DEBUG] [mixin/]: Instancing new MixinPlatformAgentDefault for SecureJarResource(mixinextras)
[2112月2025 13:19:31.462] [main/DEBUG] [mixin/]: MixinPlatformAgentDefault accepted container SecureJarResource(mixinextras)
[2112月2025 13:19:31.462] [main/DEBUG] [mixin/]: Processing prepare() for PlatformAgent[MixinPlatformAgentDefault:SecureJarResource(mixinextras)]
[2112月2025 13:19:31.462] [main/DEBUG] [mixin/]: Registering mixin config: mixinextras.init.mixins.json
[2112月2025 13:19:31.463] [main/DEBUG] [mixin/]: Adding mixin platform agents for container SecureJarResource(oelib)
[2112月2025 13:19:31.463] [main/DEBUG] [mixin/]: Instancing new MixinPlatformAgentMinecraftForge for SecureJarResource(oelib)
[2112月2025 13:19:31.463] [main/DEBUG] [mixin/]: MixinPlatformAgentMinecraftForge rejected container SecureJarResource(oelib)
[2112月2025 13:19:31.463] [main/DEBUG] [mixin/]: Instancing new MixinPlatformAgentDefault for SecureJarResource(oelib)
[2112月2025 13:19:31.463] [main/DEBUG] [mixin/]: MixinPlatformAgentDefault accepted container SecureJarResource(oelib)
[2112月2025 13:19:31.463] [main/DEBUG] [mixin/]: Processing prepare() for PlatformAgent[MixinPlatformAgentDefault:SecureJarResource(oelib)]
[2112月2025 13:19:31.463] [main/DEBUG] [mixin/]: Registering mixin config: oelib.mixins.json
[2112月2025 13:19:31.463] [main/DEBUG] [mixin/]: Adding mixin platform agents for container SecureJarResource(sophisticatedbackpacks)
[2112月2025 13:19:31.463] [main/DEBUG] [mixin/]: Instancing new MixinPlatformAgentMinecraftForge for SecureJarResource(sophisticatedbackpacks)
[2112月2025 13:19:31.463] [main/DEBUG] [mixin/]: MixinPlatformAgentMinecraftForge rejected container SecureJarResource(sophisticatedbackpacks)
[2112月2025 13:19:31.463] [main/DEBUG] [mixin/]: Instancing new MixinPlatformAgentDefault for SecureJarResource(sophisticatedbackpacks)
[2112月2025 13:19:31.463] [main/DEBUG] [mixin/]: MixinPlatformAgentDefault accepted container SecureJarResource(sophisticatedbackpacks)
[2112月2025 13:19:31.463] [main/DEBUG] [mixin/]: Processing prepare() for PlatformAgent[MixinPlatformAgentDefault:SecureJarResource(sophisticatedbackpacks)]
[2112月2025 13:19:31.463] [main/DEBUG] [mixin/]: Adding mixin platform agents for container SecureJarResource(particular)
[2112月2025 13:19:31.463] [main/DEBUG] [mixin/]: Instancing new MixinPlatformAgentMinecraftForge for SecureJarResource(particular)
[2112月2025 13:19:31.463] [main/DEBUG] [mixin/]: MixinPlatformAgentMinecraftForge rejected container SecureJarResource(particular)
[2112月2025 13:19:31.463] [main/DEBUG] [mixin/]: Instancing new MixinPlatformAgentDefault for SecureJarResource(particular)
[2112月2025 13:19:31.464] [main/DEBUG] [mixin/]: MixinPlatformAgentDefault accepted container SecureJarResource(particular)
[2112月2025 13:19:31.464] [main/DEBUG] [mixin/]: Processing prepare() for PlatformAgent[MixinPlatformAgentDefault:SecureJarResource(particular)]
[2112月2025 13:19:31.464] [main/DEBUG] [mixin/]: Registering mixin config: particular.mixins.json
[2112月2025 13:19:31.464] [main/DEBUG] [mixin/]: Compatibility level JAVA_8 specified by particular.mixins.json is lower than the default level supported by the current mixin service (JAVA_16).
[2112月2025 13:19:31.465] [main/DEBUG] [mixin/]: Adding mixin platform agents for container SecureJarResource(starlight)
[2112月2025 13:19:31.465] [main/DEBUG] [mixin/]: Instancing new MixinPlatformAgentMinecraftForge for SecureJarResource(starlight)
[2112月2025 13:19:31.465] [main/DEBUG] [mixin/]: MixinPlatformAgentMinecraftForge rejected container SecureJarResource(starlight)
[2112月2025 13:19:31.465] [main/DEBUG] [mixin/]: Instancing new MixinPlatformAgentDefault for SecureJarResource(starlight)
[2112月2025 13:19:31.465] [main/DEBUG] [mixin/]: MixinPlatformAgentDefault accepted container SecureJarResource(starlight)
[2112月2025 13:19:31.465] [main/DEBUG] [mixin/]: Processing prepare() for PlatformAgent[MixinPlatformAgentDefault:SecureJarResource(starlight)]
[2112月2025 13:19:31.465] [main/DEBUG] [mixin/]: Registering mixin config: starlight.mixins.json
[2112月2025 13:19:31.466] [main/DEBUG] [mixin/]: Adding mixin platform agents for container SecureJarResource(forge)
[2112月2025 13:19:31.466] [main/DEBUG] [mixin/]: Instancing new MixinPlatformAgentMinecraftForge for SecureJarResource(forge)
[2112月2025 13:19:31.466] [main/DEBUG] [mixin/]: MixinPlatformAgentMinecraftForge rejected container SecureJarResource(forge)
[2112月2025 13:19:31.466] [main/DEBUG] [mixin/]: Instancing new MixinPlatformAgentDefault for SecureJarResource(forge)
[2112月2025 13:19:31.466] [main/DEBUG] [mixin/]: MixinPlatformAgentDefault accepted container SecureJarResource(forge)
[2112月2025 13:19:31.466] [main/DEBUG] [mixin/]: Processing prepare() for PlatformAgent[MixinPlatformAgentDefault:SecureJarResource(forge)]
[2112月2025 13:19:31.466] [main/DEBUG] [mixin/]: Adding mixin platform agents for container SecureJarResource(economy_system)
[2112月2025 13:19:31.466] [main/DEBUG] [mixin/]: Instancing new MixinPlatformAgentMinecraftForge for SecureJarResource(economy_system)
[2112月2025 13:19:31.466] [main/DEBUG] [mixin/]: MixinPlatformAgentMinecraftForge rejected container SecureJarResource(economy_system)
[2112月2025 13:19:31.466] [main/DEBUG] [mixin/]: Instancing new MixinPlatformAgentDefault for SecureJarResource(economy_system)
[2112月2025 13:19:31.466] [main/DEBUG] [mixin/]: MixinPlatformAgentDefault accepted container SecureJarResource(economy_system)
[2112月2025 13:19:31.466] [main/DEBUG] [mixin/]: Processing prepare() for PlatformAgent[MixinPlatformAgentDefault:SecureJarResource(economy_system)]
[2112月2025 13:19:31.466] [main/DEBUG] [mixin/]: Registering mixin config: economy_system.mixins.json
[2112月2025 13:19:31.466] [main/DEBUG] [mixin/]: Adding mixin platform agents for container SecureJarResource(tectonic)
[2112月2025 13:19:31.466] [main/DEBUG] [mixin/]: Instancing new MixinPlatformAgentMinecraftForge for SecureJarResource(tectonic)
[2112月2025 13:19:31.466] [main/DEBUG] [mixin/]: MixinPlatformAgentMinecraftForge rejected container SecureJarResource(tectonic)
[2112月2025 13:19:31.466] [main/DEBUG] [mixin/]: Instancing new MixinPlatformAgentDefault for SecureJarResource(tectonic)
[2112月2025 13:19:31.466] [main/DEBUG] [mixin/]: MixinPlatformAgentDefault accepted container SecureJarResource(tectonic)
[2112月2025 13:19:31.466] [main/DEBUG] [mixin/]: Processing prepare() for PlatformAgent[MixinPlatformAgentDefault:SecureJarResource(tectonic)]
[2112月2025 13:19:31.466] [main/DEBUG] [mixin/]: Registering mixin config: tectonic.mixins.json
[2112月2025 13:19:31.467] [main/DEBUG] [mixin/]: Registering mixin config: tectonic_1.20.1.mixins.json
[2112月2025 13:19:31.467] [main/DEBUG] [mixin/]: Adding mixin platform agents for container SecureJarResource(minecraft)
[2112月2025 13:19:31.467] [main/DEBUG] [mixin/]: Instancing new MixinPlatformAgentMinecraftForge for SecureJarResource(minecraft)
[2112月2025 13:19:31.468] [main/DEBUG] [mixin/]: MixinPlatformAgentMinecraftForge rejected container SecureJarResource(minecraft)
[2112月2025 13:19:31.468] [main/DEBUG] [mixin/]: Instancing new MixinPlatformAgentDefault for SecureJarResource(minecraft)
[2112月2025 13:19:31.468] [main/DEBUG] [mixin/]: MixinPlatformAgentDefault accepted container SecureJarResource(minecraft)
[2112月2025 13:19:31.468] [main/DEBUG] [mixin/]: Processing prepare() for PlatformAgent[MixinPlatformAgentDefault:SecureJarResource(minecraft)]
[2112月2025 13:19:31.468] [main/DEBUG] [mixin/]: Adding mixin platform agents for container SecureJarResource(terrablender)
[2112月2025 13:19:31.468] [main/DEBUG] [mixin/]: Instancing new MixinPlatformAgentMinecraftForge for SecureJarResource(terrablender)
[2112月2025 13:19:31.468] [main/DEBUG] [mixin/]: MixinPlatformAgentMinecraftForge rejected container SecureJarResource(terrablender)
[2112月2025 13:19:31.468] [main/DEBUG] [mixin/]: Instancing new MixinPlatformAgentDefault for SecureJarResource(terrablender)
[2112月2025 13:19:31.468] [main/DEBUG] [mixin/]: MixinPlatformAgentDefault accepted container SecureJarResource(terrablender)
[2112月2025 13:19:31.468] [main/DEBUG] [mixin/]: Processing prepare() for PlatformAgent[MixinPlatformAgentDefault:SecureJarResource(terrablender)]
[2112月2025 13:19:31.468] [main/DEBUG] [mixin/]: Registering mixin config: terrablender.mixins.json
[2112月2025 13:19:31.469] [main/DEBUG] [mixin/]: Registering mixin config: terrablender_forge.mixins.json
[2112月2025 13:19:31.469] [main/DEBUG] [mixin/]: Adding mixin platform agents for container SecureJarResource(regions_unexplored)
[2112月2025 13:19:31.469] [main/DEBUG] [mixin/]: Instancing new MixinPlatformAgentMinecraftForge for SecureJarResource(regions_unexplored)
[2112月2025 13:19:31.469] [main/DEBUG] [mixin/]: MixinPlatformAgentMinecraftForge rejected container SecureJarResource(regions_unexplored)
[2112月2025 13:19:31.469] [main/DEBUG] [mixin/]: Instancing new MixinPlatformAgentDefault for SecureJarResource(regions_unexplored)
[2112月2025 13:19:31.469] [main/DEBUG] [mixin/]: MixinPlatformAgentDefault accepted container SecureJarResource(regions_unexplored)
[2112月2025 13:19:31.469] [main/DEBUG] [mixin/]: Processing prepare() for PlatformAgent[MixinPlatformAgentDefault:SecureJarResource(regions_unexplored)]
[2112月2025 13:19:31.469] [main/DEBUG] [mixin/]: Registering mixin config: ru.mixin.json
[2112月2025 13:19:31.470] [main/DEBUG] [mixin/]: Adding mixin platform agents for container SecureJarResource(gd656killicon)
[2112月2025 13:19:31.470] [main/DEBUG] [mixin/]: Instancing new MixinPlatformAgentMinecraftForge for SecureJarResource(gd656killicon)
[2112月2025 13:19:31.470] [main/DEBUG] [mixin/]: MixinPlatformAgentMinecraftForge rejected container SecureJarResource(gd656killicon)
[2112月2025 13:19:31.470] [main/DEBUG] [mixin/]: Instancing new MixinPlatformAgentDefault for SecureJarResource(gd656killicon)
[2112月2025 13:19:31.470] [main/DEBUG] [mixin/]: MixinPlatformAgentDefault accepted container SecureJarResource(gd656killicon)
[2112月2025 13:19:31.470] [main/DEBUG] [mixin/]: Processing prepare() for PlatformAgent[MixinPlatformAgentDefault:SecureJarResource(gd656killicon)]
[2112月2025 13:19:31.470] [main/DEBUG] [mixin/]: Adding mixin platform agents for container SecureJarResource(smartkeyprompts)
[2112月2025 13:19:31.470] [main/DEBUG] [mixin/]: Instancing new MixinPlatformAgentMinecraftForge for SecureJarResource(smartkeyprompts)
[2112月2025 13:19:31.470] [main/DEBUG] [mixin/]: MixinPlatformAgentMinecraftForge rejected container SecureJarResource(smartkeyprompts)
[2112月2025 13:19:31.470] [main/DEBUG] [mixin/]: Instancing new MixinPlatformAgentDefault for SecureJarResource(smartkeyprompts)
[2112月2025 13:19:31.470] [main/DEBUG] [mixin/]: MixinPlatformAgentDefault accepted container SecureJarResource(smartkeyprompts)
[2112月2025 13:19:31.470] [main/DEBUG] [mixin/]: Processing prepare() for PlatformAgent[MixinPlatformAgentDefault:SecureJarResource(smartkeyprompts)]
[2112月2025 13:19:31.470] [main/DEBUG] [mixin/]: Registering mixin config: smartkeyprompts.mixins.json
[2112月2025 13:19:31.470] [main/DEBUG] [mixin/]: Compatibility level JAVA_8 specified by smartkeyprompts.mixins.json is lower than the default level supported by the current mixin service (JAVA_16).
[2112月2025 13:19:31.471] [main/DEBUG] [mixin/]: Adding mixin platform agents for container SecureJarResource(creativecore)
[2112月2025 13:19:31.471] [main/DEBUG] [mixin/]: Instancing new MixinPlatformAgentMinecraftForge for SecureJarResource(creativecore)
[2112月2025 13:19:31.471] [main/DEBUG] [mixin/]: MixinPlatformAgentMinecraftForge rejected container SecureJarResource(creativecore)
[2112月2025 13:19:31.471] [main/DEBUG] [mixin/]: Instancing new MixinPlatformAgentDefault for SecureJarResource(creativecore)
[2112月2025 13:19:31.472] [main/DEBUG] [mixin/]: MixinPlatformAgentDefault accepted container SecureJarResource(creativecore)
[2112月2025 13:19:31.472] [main/DEBUG] [mixin/]: Processing prepare() for PlatformAgent[MixinPlatformAgentDefault:SecureJarResource(creativecore)]
[2112月2025 13:19:31.472] [main/DEBUG] [mixin/]: Registering mixin config: creativecore.mixins.json
[2112月2025 13:19:31.472] [main/DEBUG] [mixin/]: Registering mixin config: creativecore.forge.mixins.json
[2112月2025 13:19:31.473] [main/DEBUG] [mixin/]: Adding mixin platform agents for container SecureJarResource(spectrelib)
[2112月2025 13:19:31.473] [main/DEBUG] [mixin/]: Instancing new MixinPlatformAgentMinecraftForge for SecureJarResource(spectrelib)
[2112月2025 13:19:31.473] [main/DEBUG] [mixin/]: MixinPlatformAgentMinecraftForge rejected container SecureJarResource(spectrelib)
[2112月2025 13:19:31.473] [main/DEBUG] [mixin/]: Instancing new MixinPlatformAgentDefault for SecureJarResource(spectrelib)
[2112月2025 13:19:31.473] [main/DEBUG] [mixin/]: MixinPlatformAgentDefault accepted container SecureJarResource(spectrelib)
[2112月2025 13:19:31.473] [main/DEBUG] [mixin/]: Processing prepare() for PlatformAgent[MixinPlatformAgentDefault:SecureJarResource(spectrelib)]
[2112月2025 13:19:31.473] [main/DEBUG] [mixin/]: Adding mixin platform agents for container SecureJarResource(eclipticseasons)
[2112月2025 13:19:31.473] [main/DEBUG] [mixin/]: Instancing new MixinPlatformAgentMinecraftForge for SecureJarResource(eclipticseasons)
[2112月2025 13:19:31.473] [main/DEBUG] [mixin/]: MixinPlatformAgentMinecraftForge rejected container SecureJarResource(eclipticseasons)
[2112月2025 13:19:31.473] [main/DEBUG] [mixin/]: Instancing new MixinPlatformAgentDefault for SecureJarResource(eclipticseasons)
[2112月2025 13:19:31.473] [main/DEBUG] [mixin/]: MixinPlatformAgentDefault accepted container SecureJarResource(eclipticseasons)
[2112月2025 13:19:31.473] [main/DEBUG] [mixin/]: Processing prepare() for PlatformAgent[MixinPlatformAgentDefault:SecureJarResource(eclipticseasons)]
[2112月2025 13:19:31.473] [main/DEBUG] [mixin/]: Registering mixin config: eclipticseasons.mixins.json
[2112月2025 13:19:31.474] [main/DEBUG] [mixin/]: Adding mixin platform agents for container SecureJarResource(smoothboot)
[2112月2025 13:19:31.474] [main/DEBUG] [mixin/]: Instancing new MixinPlatformAgentMinecraftForge for SecureJarResource(smoothboot)
[2112月2025 13:19:31.474] [main/DEBUG] [mixin/]: MixinPlatformAgentMinecraftForge rejected container SecureJarResource(smoothboot)
[2112月2025 13:19:31.474] [main/DEBUG] [mixin/]: Instancing new MixinPlatformAgentDefault for SecureJarResource(smoothboot)
[2112月2025 13:19:31.474] [main/DEBUG] [mixin/]: MixinPlatformAgentDefault accepted container SecureJarResource(smoothboot)
[2112月2025 13:19:31.474] [main/DEBUG] [mixin/]: Processing prepare() for PlatformAgent[MixinPlatformAgentDefault:SecureJarResource(smoothboot)]
[2112月2025 13:19:31.474] [main/DEBUG] [mixin/]: Registering mixin config: smoothboot.mixins.json
[2112月2025 13:19:31.474] [main/DEBUG] [mixin/]: Adding mixin platform agents for container SecureJarResource(servercore)
[2112月2025 13:19:31.474] [main/DEBUG] [mixin/]: Instancing new MixinPlatformAgentMinecraftForge for SecureJarResource(servercore)
[2112月2025 13:19:31.474] [main/DEBUG] [mixin/]: MixinPlatformAgentMinecraftForge rejected container SecureJarResource(servercore)
[2112月2025 13:19:31.474] [main/DEBUG] [mixin/]: Instancing new MixinPlatformAgentDefault for SecureJarResource(servercore)
[2112月2025 13:19:31.475] [main/DEBUG] [mixin/]: MixinPlatformAgentDefault accepted container SecureJarResource(servercore)
[2112月2025 13:19:31.475] [main/DEBUG] [mixin/]: Processing prepare() for PlatformAgent[MixinPlatformAgentDefault:SecureJarResource(servercore)]
[2112月2025 13:19:31.475] [main/DEBUG] [mixin/]: Registering mixin config: servercore.common.mixins.json
[2112月2025 13:19:31.475] [main/DEBUG] [mixin/]: Compatibility level JAVA_16 specified by servercore.common.mixins.json is higher than the maximum level supported by this version of mixin (JAVA_13).
[2112月2025 13:19:31.476] [main/DEBUG] [mixin/]: Adding mixin platform agents for container SecureJarResource(xaerominimap)
[2112月2025 13:19:31.476] [main/DEBUG] [mixin/]: Instancing new MixinPlatformAgentMinecraftForge for SecureJarResource(xaerominimap)
[2112月2025 13:19:31.476] [main/DEBUG] [mixin/]: MixinPlatformAgentMinecraftForge rejected container SecureJarResource(xaerominimap)
[2112月2025 13:19:31.476] [main/DEBUG] [mixin/]: Instancing new MixinPlatformAgentDefault for SecureJarResource(xaerominimap)
[2112月2025 13:19:31.476] [main/DEBUG] [mixin/]: MixinPlatformAgentDefault accepted container SecureJarResource(xaerominimap)
[2112月2025 13:19:31.477] [main/DEBUG] [mixin/]: Processing prepare() for PlatformAgent[MixinPlatformAgentDefault:SecureJarResource(xaerominimap)]
[2112月2025 13:19:31.477] [main/DEBUG] [mixin/]: Registering mixin config: xaerohud.mixins.json
[2112月2025 13:19:31.478] [main/DEBUG] [mixin/]: Registering mixin config: xaerohud.forge.mixins.json
[2112月2025 13:19:31.479] [main/DEBUG] [mixin/]: Registering mixin config: xaerominimap.mixins.json
[2112月2025 13:19:31.479] [main/DEBUG] [mixin/]: Registering mixin config: xaerominimap.forge.mixins.json
[2112月2025 13:19:31.479] [main/DEBUG] [mixin/]: Adding mixin platform agents for container SecureJarResource(fastbench)
[2112月2025 13:19:31.479] [main/DEBUG] [mixin/]: Instancing new MixinPlatformAgentMinecraftForge for SecureJarResource(fastbench)
[2112月2025 13:19:31.479] [main/DEBUG] [mixin/]: MixinPlatformAgentMinecraftForge rejected container SecureJarResource(fastbench)
[2112月2025 13:19:31.479] [main/DEBUG] [mixin/]: Instancing new MixinPlatformAgentDefault for SecureJarResource(fastbench)
[2112月2025 13:19:31.479] [main/DEBUG] [mixin/]: MixinPlatformAgentDefault accepted container SecureJarResource(fastbench)
[2112月2025 13:19:31.479] [main/DEBUG] [mixin/]: Processing prepare() for PlatformAgent[MixinPlatformAgentDefault:SecureJarResource(fastbench)]
[2112月2025 13:19:31.479] [main/DEBUG] [mixin/]: Registering mixin config: fastbench.mixins.json
[2112月2025 13:19:31.480] [main/DEBUG] [mixin/]: Adding mixin platform agents for container SecureJarResource(polymorph)
[2112月2025 13:19:31.480] [main/DEBUG] [mixin/]: Instancing new MixinPlatformAgentMinecraftForge for SecureJarResource(polymorph)
[2112月2025 13:19:31.480] [main/DEBUG] [mixin/]: MixinPlatformAgentMinecraftForge rejected container SecureJarResource(polymorph)
[2112月2025 13:19:31.480] [main/DEBUG] [mixin/]: Instancing new MixinPlatformAgentDefault for SecureJarResource(polymorph)
[2112月2025 13:19:31.480] [main/DEBUG] [mixin/]: MixinPlatformAgentDefault accepted container SecureJarResource(polymorph)
[2112月2025 13:19:31.480] [main/DEBUG] [mixin/]: Processing prepare() for PlatformAgent[MixinPlatformAgentDefault:SecureJarResource(polymorph)]
[2112月2025 13:19:31.480] [main/DEBUG] [mixin/]: Registering mixin config: polymorph.mixins.json
[2112月2025 13:19:31.480] [main/DEBUG] [mixin/]: Registering mixin config: polymorph-integrations.forge.mixins.json
[2112月2025 13:19:31.482] [main/DEBUG] [mixin/]: Compatibility level JAVA_16 specified by polymorph-integrations.forge.mixins.json is higher than the maximum level supported by this version of mixin (JAVA_13).
[2112月2025 13:19:31.483] [main/DEBUG] [mixin/]: Adding mixin platform agents for container SecureJarResource(mr_dungeons_andtaverns)
[2112月2025 13:19:31.483] [main/DEBUG] [mixin/]: Instancing new MixinPlatformAgentMinecraftForge for SecureJarResource(mr_dungeons_andtaverns)
[2112月2025 13:19:31.483] [main/DEBUG] [mixin/]: MixinPlatformAgentMinecraftForge rejected container SecureJarResource(mr_dungeons_andtaverns)
[2112月2025 13:19:31.483] [main/DEBUG] [mixin/]: Instancing new MixinPlatformAgentDefault for SecureJarResource(mr_dungeons_andtaverns)
[2112月2025 13:19:31.483] [main/DEBUG] [mixin/]: MixinPlatformAgentDefault accepted container SecureJarResource(mr_dungeons_andtaverns)
[2112月2025 13:19:31.483] [main/DEBUG] [mixin/]: Processing prepare() for PlatformAgent[MixinPlatformAgentDefault:SecureJarResource(mr_dungeons_andtaverns)]
[2112月2025 13:19:31.483] [main/DEBUG] [mixin/]: Adding mixin platform agents for container SecureJarResource(bettervillage)
[2112月2025 13:19:31.483] [main/DEBUG] [mixin/]: Instancing new MixinPlatformAgentMinecraftForge for SecureJarResource(bettervillage)
[2112月2025 13:19:31.483] [main/DEBUG] [mixin/]: MixinPlatformAgentMinecraftForge rejected container SecureJarResource(bettervillage)
[2112月2025 13:19:31.483] [main/DEBUG] [mixin/]: Instancing new MixinPlatformAgentDefault for SecureJarResource(bettervillage)
[2112月2025 13:19:31.483] [main/DEBUG] [mixin/]: MixinPlatformAgentDefault accepted container SecureJarResource(bettervillage)
[2112月2025 13:19:31.483] [main/DEBUG] [mixin/]: Processing prepare() for PlatformAgent[MixinPlatformAgentDefault:SecureJarResource(bettervillage)]
[2112月2025 13:19:31.483] [main/DEBUG] [mixin/]: Registering mixin config: bettervillage.mixins.json
[2112月2025 13:19:31.484] [main/DEBUG] [mixin/]: Adding mixin platform agents for container SecureJarResource(fastfurnace)
[2112月2025 13:19:31.484] [main/DEBUG] [mixin/]: Instancing new MixinPlatformAgentMinecraftForge for SecureJarResource(fastfurnace)
[2112月2025 13:19:31.484] [main/DEBUG] [mixin/]: MixinPlatformAgentMinecraftForge rejected container SecureJarResource(fastfurnace)
[2112月2025 13:19:31.484] [main/DEBUG] [mixin/]: Instancing new MixinPlatformAgentDefault for SecureJarResource(fastfurnace)
[2112月2025 13:19:31.484] [main/DEBUG] [mixin/]: MixinPlatformAgentDefault accepted container SecureJarResource(fastfurnace)
[2112月2025 13:19:31.484] [main/DEBUG] [mixin/]: Processing prepare() for PlatformAgent[MixinPlatformAgentDefault:SecureJarResource(fastfurnace)]
[2112月2025 13:19:31.484] [main/DEBUG] [mixin/]: Registering mixin config: fastfurnace.mixins.json
[2112月2025 13:19:31.484] [main/DEBUG] [mixin/]: Adding mixin platform agents for container SecureJarResource(ferritecore)
[2112月2025 13:19:31.484] [main/DEBUG] [mixin/]: Instancing new MixinPlatformAgentMinecraftForge for SecureJarResource(ferritecore)
[2112月2025 13:19:31.484] [main/DEBUG] [mixin/]: MixinPlatformAgentMinecraftForge rejected container SecureJarResource(ferritecore)
[2112月2025 13:19:31.484] [main/DEBUG] [mixin/]: Instancing new MixinPlatformAgentDefault for SecureJarResource(ferritecore)
[2112月2025 13:19:31.484] [main/DEBUG] [mixin/]: MixinPlatformAgentDefault accepted container SecureJarResource(ferritecore)
[2112月2025 13:19:31.484] [main/DEBUG] [mixin/]: Processing prepare() for PlatformAgent[MixinPlatformAgentDefault:SecureJarResource(ferritecore)]
[2112月2025 13:19:31.484] [main/DEBUG] [mixin/]: Registering mixin config: ferritecore.predicates.mixin.json
[2112月2025 13:19:31.485] [main/DEBUG] [mixin/]: Registering mixin config: ferritecore.fastmap.mixin.json
[2112月2025 13:19:31.485] [main/DEBUG] [mixin/]: Registering mixin config: ferritecore.mrl.mixin.json
[2112月2025 13:19:31.485] [main/DEBUG] [mixin/]: Registering mixin config: ferritecore.dedupmultipart.mixin.json
[2112月2025 13:19:31.486] [main/DEBUG] [mixin/]: Registering mixin config: ferritecore.blockstatecache.mixin.json
[2112月2025 13:19:31.486] [main/DEBUG] [mixin/]: Registering mixin config: ferritecore.dedupbakedquad.mixin.json
[2112月2025 13:19:31.487] [main/DEBUG] [mixin/]: Registering mixin config: ferritecore.threaddetec.mixin.json
[2112月2025 13:19:31.487] [main/DEBUG] [mixin/]: Registering mixin config: ferritecore.modelsides.mixin.json
[2112月2025 13:19:31.488] [main/DEBUG] [mixin/]: Adding mixin platform agents for container SecureJarResource(toms_storage)
[2112月2025 13:19:31.488] [main/DEBUG] [mixin/]: Instancing new MixinPlatformAgentMinecraftForge for SecureJarResource(toms_storage)
[2112月2025 13:19:31.488] [main/DEBUG] [mixin/]: MixinPlatformAgentMinecraftForge rejected container SecureJarResource(toms_storage)
[2112月2025 13:19:31.488] [main/DEBUG] [mixin/]: Instancing new MixinPlatformAgentDefault for SecureJarResource(toms_storage)
[2112月2025 13:19:31.488] [main/DEBUG] [mixin/]: MixinPlatformAgentDefault accepted container SecureJarResource(toms_storage)
[2112月2025 13:19:31.488] [main/DEBUG] [mixin/]: Processing prepare() for PlatformAgent[MixinPlatformAgentDefault:SecureJarResource(toms_storage)]
[2112月2025 13:19:31.488] [main/DEBUG] [mixin/]: Adding mixin platform agents for container SecureJarResource(playerrevive)
[2112月2025 13:19:31.488] [main/DEBUG] [mixin/]: Instancing new MixinPlatformAgentMinecraftForge for SecureJarResource(playerrevive)
[2112月2025 13:19:31.488] [main/DEBUG] [mixin/]: MixinPlatformAgentMinecraftForge rejected container SecureJarResource(playerrevive)
[2112月2025 13:19:31.488] [main/DEBUG] [mixin/]: Instancing new MixinPlatformAgentDefault for SecureJarResource(playerrevive)
[2112月2025 13:19:31.488] [main/DEBUG] [mixin/]: MixinPlatformAgentDefault accepted container SecureJarResource(playerrevive)
[2112月2025 13:19:31.488] [main/DEBUG] [mixin/]: Processing prepare() for PlatformAgent[MixinPlatformAgentDefault:SecureJarResource(playerrevive)]
[2112月2025 13:19:31.488] [main/DEBUG] [mixin/]: Registering mixin config: playerrevive.mixins.json
[2112月2025 13:19:31.489] [main/DEBUG] [mixin/]: Adding mixin platform agents for container SecureJarResource(mclib)
[2112月2025 13:19:31.489] [main/DEBUG] [mixin/]: Instancing new MixinPlatformAgentMinecraftForge for SecureJarResource(mclib)
[2112月2025 13:19:31.489] [main/DEBUG] [mixin/]: MixinPlatformAgentMinecraftForge rejected container SecureJarResource(mclib)
[2112月2025 13:19:31.489] [main/DEBUG] [mixin/]: Instancing new MixinPlatformAgentDefault for SecureJarResource(mclib)
[2112月2025 13:19:31.489] [main/DEBUG] [mixin/]: MixinPlatformAgentDefault accepted container SecureJarResource(mclib)
[2112月2025 13:19:31.489] [main/DEBUG] [mixin/]: Processing prepare() for PlatformAgent[MixinPlatformAgentDefault:SecureJarResource(mclib)]
[2112月2025 13:19:31.489] [main/DEBUG] [mixin/]: Adding mixin platform agents for container SecureJarResource(velocity._native.SNAPSHOT)
[2112月2025 13:19:31.489] [main/DEBUG] [mixin/]: Instancing new MixinPlatformAgentMinecraftForge for SecureJarResource(velocity._native.SNAPSHOT)
[2112月2025 13:19:31.489] [main/DEBUG] [mixin/]: MixinPlatformAgentMinecraftForge rejected container SecureJarResource(velocity._native.SNAPSHOT)
[2112月2025 13:19:31.489] [main/DEBUG] [mixin/]: Instancing new MixinPlatformAgentDefault for SecureJarResource(velocity._native.SNAPSHOT)
[2112月2025 13:19:31.489] [main/DEBUG] [mixin/]: MixinPlatformAgentDefault accepted container SecureJarResource(velocity._native.SNAPSHOT)
[2112月2025 13:19:31.489] [main/DEBUG] [mixin/]: Processing prepare() for PlatformAgent[MixinPlatformAgentDefault:SecureJarResource(velocity._native.SNAPSHOT)]
[2112月2025 13:19:31.489] [main/DEBUG] [mixin/]: Adding mixin platform agents for container SecureJarResource(luaj.core.figura)
[2112月2025 13:19:31.489] [main/DEBUG] [mixin/]: Instancing new MixinPlatformAgentMinecraftForge for SecureJarResource(luaj.core.figura)
[2112月2025 13:19:31.489] [main/DEBUG] [mixin/]: MixinPlatformAgentMinecraftForge rejected container SecureJarResource(luaj.core.figura)
[2112月2025 13:19:31.489] [main/DEBUG] [mixin/]: Instancing new MixinPlatformAgentDefault for SecureJarResource(luaj.core.figura)
[2112月2025 13:19:31.489] [main/DEBUG] [mixin/]: MixinPlatformAgentDefault accepted container SecureJarResource(luaj.core.figura)
[2112月2025 13:19:31.489] [main/DEBUG] [mixin/]: Processing prepare() for PlatformAgent[MixinPlatformAgentDefault:SecureJarResource(luaj.core.figura)]
[2112月2025 13:19:31.489] [main/DEBUG] [mixin/]: Adding mixin platform agents for container SecureJarResource(NanoLiveConfig)
[2112月2025 13:19:31.489] [main/DEBUG] [mixin/]: Instancing new MixinPlatformAgentMinecraftForge for SecureJarResource(NanoLiveConfig)
[2112月2025 13:19:31.489] [main/DEBUG] [mixin/]: MixinPlatformAgentMinecraftForge rejected container SecureJarResource(NanoLiveConfig)
[2112月2025 13:19:31.489] [main/DEBUG] [mixin/]: Instancing new MixinPlatformAgentDefault for SecureJarResource(NanoLiveConfig)
[2112月2025 13:19:31.489] [main/DEBUG] [mixin/]: MixinPlatformAgentDefault accepted container SecureJarResource(NanoLiveConfig)
[2112月2025 13:19:31.489] [main/DEBUG] [mixin/]: Processing prepare() for PlatformAgent[MixinPlatformAgentDefault:SecureJarResource(NanoLiveConfig)]
[2112月2025 13:19:31.489] [main/DEBUG] [mixin/]: Adding mixin platform agents for container SecureJarResource(space.arim.dazzleconf)
[2112月2025 13:19:31.489] [main/DEBUG] [mixin/]: Instancing new MixinPlatformAgentMinecraftForge for SecureJarResource(space.arim.dazzleconf)
[2112月2025 13:19:31.489] [main/DEBUG] [mixin/]: MixinPlatformAgentMinecraftForge rejected container SecureJarResource(space.arim.dazzleconf)
[2112月2025 13:19:31.489] [main/DEBUG] [mixin/]: Instancing new MixinPlatformAgentDefault for SecureJarResource(space.arim.dazzleconf)
[2112月2025 13:19:31.489] [main/DEBUG] [mixin/]: MixinPlatformAgentDefault accepted container SecureJarResource(space.arim.dazzleconf)
[2112月2025 13:19:31.489] [main/DEBUG] [mixin/]: Processing prepare() for PlatformAgent[MixinPlatformAgentDefault:SecureJarResource(space.arim.dazzleconf)]
[2112月2025 13:19:31.489] [main/DEBUG] [mixin/]: Adding mixin platform agents for container SecureJarResource(sewlia.config)
[2112月2025 13:19:31.489] [main/DEBUG] [mixin/]: Instancing new MixinPlatformAgentMinecraftForge for SecureJarResource(sewlia.config)
[2112月2025 13:19:31.489] [main/DEBUG] [mixin/]: MixinPlatformAgentMinecraftForge rejected container SecureJarResource(sewlia.config)
[2112月2025 13:19:31.489] [main/DEBUG] [mixin/]: Instancing new MixinPlatformAgentDefault for SecureJarResource(sewlia.config)
[2112月2025 13:19:31.489] [main/DEBUG] [mixin/]: MixinPlatformAgentDefault accepted container SecureJarResource(sewlia.config)
[2112月2025 13:19:31.489] [main/DEBUG] [mixin/]: Processing prepare() for PlatformAgent[MixinPlatformAgentDefault:SecureJarResource(sewlia.config)]
[2112月2025 13:19:31.489] [main/DEBUG] [mixin/]: Adding mixin platform agents for container SecureJarResource(org.yaml.snakeyaml)
[2112月2025 13:19:31.489] [main/DEBUG] [mixin/]: Instancing new MixinPlatformAgentMinecraftForge for SecureJarResource(org.yaml.snakeyaml)
[2112月2025 13:19:31.489] [main/DEBUG] [mixin/]: MixinPlatformAgentMinecraftForge rejected container SecureJarResource(org.yaml.snakeyaml)
[2112月2025 13:19:31.489] [main/DEBUG] [mixin/]: Instancing new MixinPlatformAgentDefault for SecureJarResource(org.yaml.snakeyaml)
[2112月2025 13:19:31.489] [main/DEBUG] [mixin/]: MixinPlatformAgentDefault accepted container SecureJarResource(org.yaml.snakeyaml)
[2112月2025 13:19:31.489] [main/DEBUG] [mixin/]: Processing prepare() for PlatformAgent[MixinPlatformAgentDefault:SecureJarResource(org.yaml.snakeyaml)]
[2112月2025 13:19:31.489] [main/DEBUG] [mixin/]: Adding mixin platform agents for container SecureJarResource(mvel2Final)
[2112月2025 13:19:31.490] [main/DEBUG] [mixin/]: Instancing new MixinPlatformAgentMinecraftForge for SecureJarResource(mvel2Final)
[2112月2025 13:19:31.490] [main/DEBUG] [mixin/]: MixinPlatformAgentMinecraftForge rejected container SecureJarResource(mvel2Final)
[2112月2025 13:19:31.490] [main/DEBUG] [mixin/]: Instancing new MixinPlatformAgentDefault for SecureJarResource(mvel2Final)
[2112月2025 13:19:31.490] [main/DEBUG] [mixin/]: MixinPlatformAgentDefault accepted container SecureJarResource(mvel2Final)
[2112月2025 13:19:31.490] [main/DEBUG] [mixin/]: Processing prepare() for PlatformAgent[MixinPlatformAgentDefault:SecureJarResource(mvel2Final)]
[2112月2025 13:19:31.490] [main/DEBUG] [mixin/]: Adding mixin platform agents for container SecureJarResource(luaj.jse.figura)
[2112月2025 13:19:31.490] [main/DEBUG] [mixin/]: Instancing new MixinPlatformAgentMinecraftForge for SecureJarResource(luaj.jse.figura)
[2112月2025 13:19:31.490] [main/DEBUG] [mixin/]: MixinPlatformAgentMinecraftForge rejected container SecureJarResource(luaj.jse.figura)
[2112月2025 13:19:31.490] [main/DEBUG] [mixin/]: Instancing new MixinPlatformAgentDefault for SecureJarResource(luaj.jse.figura)
[2112月2025 13:19:31.490] [main/DEBUG] [mixin/]: MixinPlatformAgentDefault accepted container SecureJarResource(luaj.jse.figura)
[2112月2025 13:19:31.490] [main/DEBUG] [mixin/]: Processing prepare() for PlatformAgent[MixinPlatformAgentDefault:SecureJarResource(luaj.jse.figura)]
[2112月2025 13:19:31.490] [main/DEBUG] [mixin/]: Adding mixin platform agents for container SecureJarResource(org.apache.bcel)
[2112月2025 13:19:31.490] [main/DEBUG] [mixin/]: Instancing new MixinPlatformAgentMinecraftForge for SecureJarResource(org.apache.bcel)
[2112月2025 13:19:31.490] [main/DEBUG] [mixin/]: MixinPlatformAgentMinecraftForge rejected container SecureJarResource(org.apache.bcel)
[2112月2025 13:19:31.490] [main/DEBUG] [mixin/]: Instancing new MixinPlatformAgentDefault for SecureJarResource(org.apache.bcel)
[2112月2025 13:19:31.490] [main/DEBUG] [mixin/]: MixinPlatformAgentDefault accepted container SecureJarResource(org.apache.bcel)
[2112月2025 13:19:31.490] [main/DEBUG] [mixin/]: Processing prepare() for PlatformAgent[MixinPlatformAgentDefault:SecureJarResource(org.apache.bcel)]
[2112月2025 13:19:31.490] [main/DEBUG] [mixin/]: Adding mixin platform agents for container SecureJarResource(space.arim.dazzleconf.ext.snakeyaml)
[2112月2025 13:19:31.490] [main/DEBUG] [mixin/]: Instancing new MixinPlatformAgentMinecraftForge for SecureJarResource(space.arim.dazzleconf.ext.snakeyaml)
[2112月2025 13:19:31.490] [main/DEBUG] [mixin/]: MixinPlatformAgentMinecraftForge rejected container SecureJarResource(space.arim.dazzleconf.ext.snakeyaml)
[2112月2025 13:19:31.490] [main/DEBUG] [mixin/]: Instancing new MixinPlatformAgentDefault for SecureJarResource(space.arim.dazzleconf.ext.snakeyaml)
[2112月2025 13:19:31.490] [main/DEBUG] [mixin/]: MixinPlatformAgentDefault accepted container SecureJarResource(space.arim.dazzleconf.ext.snakeyaml)
[2112月2025 13:19:31.490] [main/DEBUG] [mixin/]: Processing prepare() for PlatformAgent[MixinPlatformAgentDefault:SecureJarResource(space.arim.dazzleconf.ext.snakeyaml)]
[2112月2025 13:19:31.490] [main/DEBUG] [mixin/]: Adding mixin platform agents for container SecureJarResource(MixinExtras)
[2112月2025 13:19:31.490] [main/DEBUG] [mixin/]: Instancing new MixinPlatformAgentMinecraftForge for SecureJarResource(MixinExtras)
[2112月2025 13:19:31.490] [main/DEBUG] [mixin/]: MixinPlatformAgentMinecraftForge rejected container SecureJarResource(MixinExtras)
[2112月2025 13:19:31.490] [main/DEBUG] [mixin/]: Instancing new MixinPlatformAgentDefault for SecureJarResource(MixinExtras)
[2112月2025 13:19:31.490] [main/DEBUG] [mixin/]: MixinPlatformAgentDefault accepted container SecureJarResource(MixinExtras)
[2112月2025 13:19:31.490] [main/DEBUG] [mixin/]: Processing prepare() for PlatformAgent[MixinPlatformAgentDefault:SecureJarResource(MixinExtras)]
[2112月2025 13:19:31.490] [main/DEBUG] [mixin/]: Adding mixin platform agents for container SecureJarResource(commons.math3)
[2112月2025 13:19:31.490] [main/DEBUG] [mixin/]: Instancing new MixinPlatformAgentMinecraftForge for SecureJarResource(commons.math3)
[2112月2025 13:19:31.490] [main/DEBUG] [mixin/]: MixinPlatformAgentMinecraftForge rejected container SecureJarResource(commons.math3)
[2112月2025 13:19:31.490] [main/DEBUG] [mixin/]: Instancing new MixinPlatformAgentDefault for SecureJarResource(commons.math3)
[2112月2025 13:19:31.490] [main/DEBUG] [mixin/]: MixinPlatformAgentDefault accepted container SecureJarResource(commons.math3)
[2112月2025 13:19:31.490] [main/DEBUG] [mixin/]: Processing prepare() for PlatformAgent[MixinPlatformAgentDefault:SecureJarResource(commons.math3)]
[2112月2025 13:19:31.490] [main/DEBUG] [mixin/]: inject() running with 55 agents
[2112月2025 13:19:31.491] [main/DEBUG] [mixin/]: Processing inject() for PlatformAgent[MixinPlatformAgentDefault:ModLauncher Root Container(ModLauncher:4f56a0a2)]
[2112月2025 13:19:31.491] [main/DEBUG] [mixin/]: Processing inject() for PlatformAgent[MixinPlatformAgentDefault:SecureJarResource(radium)]
[2112月2025 13:19:31.491] [main/DEBUG] [mixin/]: Processing inject() for PlatformAgent[MixinPlatformAgentDefault:SecureJarResource(tt20)]
[2112月2025 13:19:31.491] [main/DEBUG] [mixin/]: Processing inject() for PlatformAgent[MixinPlatformAgentDefault:SecureJarResource(geckolib)]
[2112月2025 13:19:31.491] [main/DEBUG] [mixin/]: Processing inject() for PlatformAgent[MixinPlatformAgentDefault:SecureJarResource(jei)]
[2112月2025 13:19:31.491] [main/DEBUG] [mixin/]: Processing inject() for PlatformAgent[MixinPlatformAgentDefault:SecureJarResource(lithostitched)]
[2112月2025 13:19:31.491] [main/DEBUG] [mixin/]: Processing inject() for PlatformAgent[MixinPlatformAgentDefault:SecureJarResource(tacz)]
[2112月2025 13:19:31.491] [main/DEBUG] [mixin/]: Processing inject() for PlatformAgent[MixinPlatformAgentDefault:SecureJarResource(libraryferret)]
[2112月2025 13:19:31.491] [main/DEBUG] [mixin/]: Processing inject() for PlatformAgent[MixinPlatformAgentDefault:SecureJarResource(sophisticatedcore)]
[2112月2025 13:19:31.491] [main/DEBUG] [mixin/]: Processing inject() for PlatformAgent[MixinPlatformAgentDefault:SecureJarResource(xaeroworldmap)]
[2112月2025 13:19:31.491] [main/DEBUG] [mixin/]: Processing inject() for PlatformAgent[MixinPlatformAgentDefault:SecureJarResource(placebo)]
[2112月2025 13:19:31.491] [main/DEBUG] [mixin/]: Processing inject() for PlatformAgent[MixinPlatformAgentDefault:SecureJarResource(modernfix)]
[2112月2025 13:19:31.491] [main/DEBUG] [mixin/]: Processing inject() for PlatformAgent[MixinPlatformAgentDefault:SecureJarResource(naturescompass)]
[2112月2025 13:19:31.491] [main/DEBUG] [mixin/]: Processing inject() for PlatformAgent[MixinPlatformAgentDefault:SecureJarResource(krypton_fnp)]
[2112月2025 13:19:31.491] [main/DEBUG] [mixin/]: Processing inject() for PlatformAgent[MixinPlatformAgentDefault:SecureJarResource(tritium)]
[2112月2025 13:19:31.491] [main/DEBUG] [mixin/]: Processing inject() for PlatformAgent[MixinPlatformAgentDefault:SecureJarResource(mixinextras)]
[2112月2025 13:19:31.491] [main/DEBUG] [mixin/]: Processing inject() for PlatformAgent[MixinPlatformAgentDefault:SecureJarResource(oelib)]
[2112月2025 13:19:31.491] [main/DEBUG] [mixin/]: Processing inject() for PlatformAgent[MixinPlatformAgentDefault:SecureJarResource(sophisticatedbackpacks)]
[2112月2025 13:19:31.491] [main/DEBUG] [mixin/]: Processing inject() for PlatformAgent[MixinPlatformAgentDefault:SecureJarResource(particular)]
[2112月2025 13:19:31.491] [main/DEBUG] [mixin/]: Processing inject() for PlatformAgent[MixinPlatformAgentDefault:SecureJarResource(starlight)]
[2112月2025 13:19:31.491] [main/DEBUG] [mixin/]: Processing inject() for PlatformAgent[MixinPlatformAgentDefault:SecureJarResource(forge)]
[2112月2025 13:19:31.491] [main/DEBUG] [mixin/]: Processing inject() for PlatformAgent[MixinPlatformAgentDefault:SecureJarResource(economy_system)]
[2112月2025 13:19:31.491] [main/DEBUG] [mixin/]: Processing inject() for PlatformAgent[MixinPlatformAgentDefault:SecureJarResource(tectonic)]
[2112月2025 13:19:31.491] [main/DEBUG] [mixin/]: Processing inject() for PlatformAgent[MixinPlatformAgentDefault:SecureJarResource(minecraft)]
[2112月2025 13:19:31.491] [main/DEBUG] [mixin/]: Processing inject() for PlatformAgent[MixinPlatformAgentDefault:SecureJarResource(terrablender)]
[2112月2025 13:19:31.491] [main/DEBUG] [mixin/]: Processing inject() for PlatformAgent[MixinPlatformAgentDefault:SecureJarResource(regions_unexplored)]
[2112月2025 13:19:31.491] [main/DEBUG] [mixin/]: Processing inject() for PlatformAgent[MixinPlatformAgentDefault:SecureJarResource(gd656killicon)]
[2112月2025 13:19:31.491] [main/DEBUG] [mixin/]: Processing inject() for PlatformAgent[MixinPlatformAgentDefault:SecureJarResource(smartkeyprompts)]
[2112月2025 13:19:31.491] [main/DEBUG] [mixin/]: Processing inject() for PlatformAgent[MixinPlatformAgentDefault:SecureJarResource(creativecore)]
[2112月2025 13:19:31.491] [main/DEBUG] [mixin/]: Processing inject() for PlatformAgent[MixinPlatformAgentDefault:SecureJarResource(spectrelib)]
[2112月2025 13:19:31.491] [main/DEBUG] [mixin/]: Processing inject() for PlatformAgent[MixinPlatformAgentDefault:SecureJarResource(eclipticseasons)]
[2112月2025 13:19:31.491] [main/DEBUG] [mixin/]: Processing inject() for PlatformAgent[MixinPlatformAgentDefault:SecureJarResource(smoothboot)]
[2112月2025 13:19:31.491] [main/DEBUG] [mixin/]: Processing inject() for PlatformAgent[MixinPlatformAgentDefault:SecureJarResource(servercore)]
[2112月2025 13:19:31.491] [main/DEBUG] [mixin/]: Processing inject() for PlatformAgent[MixinPlatformAgentDefault:SecureJarResource(xaerominimap)]
[2112月2025 13:19:31.491] [main/DEBUG] [mixin/]: Processing inject() for PlatformAgent[MixinPlatformAgentDefault:SecureJarResource(fastbench)]
[2112月2025 13:19:31.491] [main/DEBUG] [mixin/]: Processing inject() for PlatformAgent[MixinPlatformAgentDefault:SecureJarResource(polymorph)]
[2112月2025 13:19:31.491] [main/DEBUG] [mixin/]: Processing inject() for PlatformAgent[MixinPlatformAgentDefault:SecureJarResource(mr_dungeons_andtaverns)]
[2112月2025 13:19:31.491] [main/DEBUG] [mixin/]: Processing inject() for PlatformAgent[MixinPlatformAgentDefault:SecureJarResource(bettervillage)]
[2112月2025 13:19:31.491] [main/DEBUG] [mixin/]: Processing inject() for PlatformAgent[MixinPlatformAgentDefault:SecureJarResource(fastfurnace)]
[2112月2025 13:19:31.491] [main/DEBUG] [mixin/]: Processing inject() for PlatformAgent[MixinPlatformAgentDefault:SecureJarResource(ferritecore)]
[2112月2025 13:19:31.491] [main/DEBUG] [mixin/]: Processing inject() for PlatformAgent[MixinPlatformAgentDefault:SecureJarResource(toms_storage)]
[2112月2025 13:19:31.491] [main/DEBUG] [mixin/]: Processing inject() for PlatformAgent[MixinPlatformAgentDefault:SecureJarResource(playerrevive)]
[2112月2025 13:19:31.491] [main/DEBUG] [mixin/]: Processing inject() for PlatformAgent[MixinPlatformAgentDefault:SecureJarResource(mclib)]
[2112月2025 13:19:31.492] [main/DEBUG] [mixin/]: Processing inject() for PlatformAgent[MixinPlatformAgentDefault:SecureJarResource(velocity._native.SNAPSHOT)]
[2112月2025 13:19:31.492] [main/DEBUG] [mixin/]: Processing inject() for PlatformAgent[MixinPlatformAgentDefault:SecureJarResource(luaj.core.figura)]
[2112月2025 13:19:31.492] [main/DEBUG] [mixin/]: Processing inject() for PlatformAgent[MixinPlatformAgentDefault:SecureJarResource(NanoLiveConfig)]
[2112月2025 13:19:31.492] [main/DEBUG] [mixin/]: Processing inject() for PlatformAgent[MixinPlatformAgentDefault:SecureJarResource(space.arim.dazzleconf)]
[2112月2025 13:19:31.492] [main/DEBUG] [mixin/]: Processing inject() for PlatformAgent[MixinPlatformAgentDefault:SecureJarResource(sewlia.config)]
[2112月2025 13:19:31.492] [main/DEBUG] [mixin/]: Processing inject() for PlatformAgent[MixinPlatformAgentDefault:SecureJarResource(org.yaml.snakeyaml)]
[2112月2025 13:19:31.492] [main/DEBUG] [mixin/]: Processing inject() for PlatformAgent[MixinPlatformAgentDefault:SecureJarResource(mvel2Final)]
[2112月2025 13:19:31.492] [main/DEBUG] [mixin/]: Processing inject() for PlatformAgent[MixinPlatformAgentDefault:SecureJarResource(luaj.jse.figura)]
[2112月2025 13:19:31.492] [main/DEBUG] [mixin/]: Processing inject() for PlatformAgent[MixinPlatformAgentDefault:SecureJarResource(org.apache.bcel)]
[2112月2025 13:19:31.492] [main/DEBUG] [mixin/]: Processing inject() for PlatformAgent[MixinPlatformAgentDefault:SecureJarResource(space.arim.dazzleconf.ext.snakeyaml)]
[2112月2025 13:19:31.492] [main/DEBUG] [mixin/]: Processing inject() for PlatformAgent[MixinPlatformAgentDefault:SecureJarResource(MixinExtras)]
[2112月2025 13:19:31.492] [main/DEBUG] [mixin/]: Processing inject() for PlatformAgent[MixinPlatformAgentDefault:SecureJarResource(commons.math3)]
[2112月2025 13:19:31.598] [main/DEBUG] [mixin/]: Error cleaning class output directory: .mixin.out
[2112月2025 13:19:31.602] [main/DEBUG] [mixin/]: Preparing mixins for MixinEnvironment[PREINIT]
[2112月2025 13:19:31.626] [main/INFO] [mixin/]: Successfully loaded Mixin Connector [ca.spottedleaf.starlight.mixin.MixinConnector]
[2112月2025 13:19:31.626] [main/INFO] [cpw.mods.modlauncher.LaunchServiceHandler/MODLAUNCHER]: Launching target 'forgeserver' with arguments [-, nogui]
[2112月2025 13:19:31.630] [main/DEBUG] [mixin/]: Preparing mixins for MixinEnvironment[DEFAULT]
[2112月2025 13:19:31.630] [main/DEBUG] [mixin/]: Selecting config lithium.mixins.json
[2112月2025 13:19:31.737] [main/INFO] [Radium Config/]: Loaded configuration file for Radium: 125 options available, 1 override(s) found
[2112月2025 13:19:31.745] [main/DEBUG] [mixin/]: Selecting config mixin.tt20.json
[2112月2025 13:19:31.746] [main/DEBUG] [mixin/]: Selecting config geckolib.mixins.json
[2112月2025 13:19:31.746] [main/DEBUG] [mixin/]: Selecting config lithostitched.mixins.json
[2112月2025 13:19:31.747] [main/DEBUG] [mixin/]: Selecting config lithostitched.forge.mixins.json
[2112月2025 13:19:31.747] [main/DEBUG] [mixin/]: Selecting config tacz.mixins.json
[2112月2025 13:19:31.747] [main/DEBUG] [mixin/]: Selecting config xaeroworldmap.mixins.json
[2112月2025 13:19:31.750] [main/DEBUG] [mixin/]: Selecting config xaeroworldmap.forge.mixins.json
[2112月2025 13:19:31.751] [main/DEBUG] [mixin/]: Selecting config placebo.mixins.json
[2112月2025 13:19:31.751] [main/DEBUG] [mixin/]: Selecting config modernfix-common.mixins.json
[2112月2025 13:19:31.873] [main/INFO] [ModernFix/]: Loaded configuration file for ModernFix 5.25.2+mc1.20.1: 98 options available, 1 override(s) found
[2112月2025 13:19:31.874] [main/WARN] [ModernFix/]: Option 'mixin.perf.thread_priorities' overriden (by mods [smoothboot]) to 'false'
[2112月2025 13:19:31.875] [main/INFO] [ModernFix/]: Applying Nashorn fix
[2112月2025 13:19:31.906] [main/INFO] [ModernFix/]: Applied Forge config corruption patch
[2112月2025 13:19:31.915] [main/DEBUG] [mixin/]: Selecting config modernfix-forge.mixins.json
[2112月2025 13:19:31.916] [main/DEBUG] [mixin/]: Selecting config krypton_fnp.mixins.json
[2112月2025 13:19:31.916] [main/DEBUG] [mixin/]: Selecting config tritium.mixins.json
[2112月2025 13:19:31.917] [main/DEBUG] [mixin/]: Selecting config tritium.forge.mixins.json
[2112月2025 13:19:31.918] [main/DEBUG] [mixin/]: Selecting config mixinextras.init.mixins.json
[2112月2025 13:19:31.970] [main/DEBUG] [MixinExtras|Service/]: com.llamalad7.mixinextras.service.MixinExtrasServiceImpl(version=0.4.1) is taking over from null
[2112月2025 13:19:32.056] [main/DEBUG] [mixin/]: Registering new injector for @Inject with org.spongepowered.asm.mixin.injection.struct.CallbackInjectionInfo
[2112月2025 13:19:32.058] [main/DEBUG] [mixin/]: Registering new injector for @ModifyArg with org.spongepowered.asm.mixin.injection.struct.ModifyArgInjectionInfo
[2112月2025 13:19:32.059] [main/DEBUG] [mixin/]: Registering new injector for @ModifyArgs with org.spongepowered.asm.mixin.injection.struct.ModifyArgsInjectionInfo
[2112月2025 13:19:32.060] [main/DEBUG] [mixin/]: Registering new injector for @Redirect with org.spongepowered.asm.mixin.injection.struct.RedirectInjectionInfo
[2112月2025 13:19:32.061] [main/DEBUG] [mixin/]: Registering new injector for @ModifyVariable with org.spongepowered.asm.mixin.injection.struct.ModifyVariableInjectionInfo
[2112月2025 13:19:32.062] [main/DEBUG] [mixin/]: Registering new injector for @ModifyConstant with org.spongepowered.asm.mixin.injection.struct.ModifyConstantInjectionInfo
[2112月2025 13:19:32.070] [main/DEBUG] [mixin/]: Selecting config oelib.mixins.json
[2112月2025 13:19:32.070] [main/WARN] [mixin/]: Reference map 'OELib-common-api-1.20.1-common-api-refmap.json' for oelib.mixins.json could not be read. If this is a development environment you can ignore this message
[2112月2025 13:19:32.071] [main/DEBUG] [mixin/]: Selecting config particular.mixins.json
[2112月2025 13:19:32.071] [main/DEBUG] [mixin/]: Selecting config starlight.mixins.json
[2112月2025 13:19:32.071] [main/DEBUG] [mixin/]: Selecting config economy_system.mixins.json
[2112月2025 13:19:32.072] [main/DEBUG] [mixin/]: Selecting config tectonic.mixins.json
[2112月2025 13:19:32.072] [main/DEBUG] [mixin/]: Selecting config tectonic_1.20.1.mixins.json
[2112月2025 13:19:32.072] [main/DEBUG] [mixin/]: Selecting config terrablender.mixins.json
[2112月2025 13:19:32.072] [main/DEBUG] [mixin/]: Selecting config terrablender_forge.mixins.json
[2112月2025 13:19:32.072] [main/DEBUG] [mixin/]: Selecting config ru.mixin.json
[2112月2025 13:19:32.073] [main/DEBUG] [mixin/]: Selecting config smartkeyprompts.mixins.json
[2112月2025 13:19:32.073] [main/DEBUG] [mixin/]: Selecting config creativecore.mixins.json
[2112月2025 13:19:32.073] [main/DEBUG] [mixin/]: Selecting config creativecore.forge.mixins.json
[2112月2025 13:19:32.073] [main/DEBUG] [mixin/]: Selecting config eclipticseasons.mixins.json
[2112月2025 13:19:32.079] [main/DEBUG] [mixin/]: Selecting config smoothboot.mixins.json
[2112月2025 13:19:32.079] [main/DEBUG] [mixin/]: Selecting config servercore.common.mixins.json
[2112月2025 13:19:32.244] [main/DEBUG] [mixin/]: Selecting config xaerohud.mixins.json
[2112月2025 13:19:32.245] [main/DEBUG] [mixin/]: Selecting config xaerohud.forge.mixins.json
[2112月2025 13:19:32.245] [main/DEBUG] [mixin/]: Selecting config xaerominimap.mixins.json
[2112月2025 13:19:32.245] [main/DEBUG] [mixin/]: Selecting config xaerominimap.forge.mixins.json
[2112月2025 13:19:32.246] [main/DEBUG] [mixin/]: Selecting config fastbench.mixins.json
[2112月2025 13:19:32.246] [main/DEBUG] [mixin/]: Selecting config polymorph.mixins.json
[2112月2025 13:19:32.246] [main/DEBUG] [mixin/]: Selecting config polymorph-integrations.forge.mixins.json
[2112月2025 13:19:32.251] [main/DEBUG] [mixin/]: Selecting config bettervillage.mixins.json
[2112月2025 13:19:32.251] [main/DEBUG] [mixin/]: Selecting config fastfurnace.mixins.json
[2112月2025 13:19:32.251] [main/DEBUG] [mixin/]: Selecting config ferritecore.predicates.mixin.json
[2112月2025 13:19:32.261] [main/DEBUG] [mixin/]: Selecting config ferritecore.fastmap.mixin.json
[2112月2025 13:19:32.262] [main/DEBUG] [mixin/]: Selecting config ferritecore.mrl.mixin.json
[2112月2025 13:19:32.263] [main/DEBUG] [mixin/]: Selecting config ferritecore.dedupmultipart.mixin.json
[2112月2025 13:19:32.263] [main/DEBUG] [mixin/]: Selecting config ferritecore.blockstatecache.mixin.json
[2112月2025 13:19:32.264] [main/DEBUG] [mixin/]: Selecting config ferritecore.dedupbakedquad.mixin.json
[2112月2025 13:19:32.264] [main/DEBUG] [mixin/]: Selecting config ferritecore.threaddetec.mixin.json
[2112月2025 13:19:32.265] [main/DEBUG] [mixin/]: Selecting config ferritecore.modelsides.mixin.json
[2112月2025 13:19:32.265] [main/DEBUG] [mixin/]: Selecting config playerrevive.mixins.json
[2112月2025 13:19:32.266] [main/DEBUG] [mixin/]: Preparing lithium.mixins.json (220)
[2112月2025 13:19:32.285] [main/WARN] [Radium Config/]: Force-disabling mixin 'alloc.blockstate.StateMixin' as option 'mixin.alloc.blockstate' (added by mods [ferritecore]) disables it and children
[2112月2025 13:19:32.364] [main/DEBUG] [net.minecraftforge.coremod.transformer.CoreModBaseTransformer/COREMOD]: Transforming net/minecraft/world/entity/raid/Raid
[2112月2025 13:19:32.618] [main/DEBUG] [mixin/]: @Mixin target net/minecraft/world/level/chunk/LevelChunk$BoundTickingBlockEntity is public in lithium.mixins.json:world.block_entity_ticking.world_border.DirectBlockEntityTickInvokerMixin and should be specified in value
[2112月2025 13:19:32.622] [main/DEBUG] [net.minecraftforge.coremod.transformer.CoreModBaseTransformer/COREMOD]: Transforming net/minecraft/world/level/biome/Biome
[2112月2025 13:19:32.639] [main/DEBUG] [mixin/]: Preparing mixin.tt20.json (14)
[2112月2025 13:19:32.655] [main/DEBUG] [mixin/]: @Mixin target net/minecraft/world/level/chunk/LevelChunk$BoundTickingBlockEntity is public in mixin.tt20.json:world.LevelChunkMixin and should be specified in value
[2112月2025 13:19:32.655] [main/DEBUG] [mixin/]: Preparing geckolib.mixins.json (1)
[2112月2025 13:19:32.655] [main/DEBUG] [mixin/]: Preparing lithostitched.mixins.json (18)
[2112月2025 13:19:32.672] [main/DEBUG] [net.minecraftforge.coremod.transformer.CoreModBaseTransformer/COREMOD]: Transforming net/minecraft/world/level/levelgen/structure/templatesystem/StructureTemplate
[2112月2025 13:19:32.721] [main/DEBUG] [mixin/]: Preparing lithostitched.forge.mixins.json (2)
[2112月2025 13:19:32.723] [main/DEBUG] [mixin/]: Preparing tacz.mixins.json (14)
[2112月2025 13:19:32.733] [main/DEBUG] [mixin/]: Preparing xaeroworldmap.mixins.json (12)
[2112月2025 13:19:32.738] [main/DEBUG] [mixin/]: Preparing xaeroworldmap.forge.mixins.json (2)
[2112月2025 13:19:32.738] [main/DEBUG] [mixin/]: Preparing placebo.mixins.json (6)
[2112月2025 13:19:32.744] [main/DEBUG] [net.minecraftforge.coremod.transformer.CoreModBaseTransformer/COREMOD]: Transforming net/minecraft/world/item/ItemStack
[2112月2025 13:19:32.754] [main/DEBUG] [net.minecraftforge.coremod.transformer.CoreModBaseTransformer/COREMOD]: Transforming getEnchantmentLevel with desc (Lnet/minecraft/world/item/enchantment/Enchantment;)I
[2112月2025 13:19:32.760] [main/INFO] [net.minecraftforge.coremod.CoreMod.placebo/COREMODLOG]: Patching IForgeItemStack#getEnchantmentLevel
[2112月2025 13:19:32.785] [main/DEBUG] [net.minecraftforge.coremod.transformer.CoreModBaseTransformer/COREMOD]: Transforming getAllEnchantments with desc ()Ljava/util/Map;
[2112月2025 13:19:32.788] [main/INFO] [net.minecraftforge.coremod.CoreMod.placebo/COREMODLOG]: Patching IForgeItemStack#getEnchantmentLevel
[2112月2025 13:19:32.794] [main/DEBUG] [mixin/]: Preparing modernfix-common.mixins.json (110)
[2112月2025 13:19:32.827] [main/DEBUG] [mixin/]: @Mixin target net/minecraft/world/level/levelgen/SurfaceRules$Context is public in modernfix-common.mixins.json:perf.worldgen_allocation.SurfaceRulesContextMixin and should be specified in value
[2112月2025 13:19:32.828] [main/DEBUG] [mixin/]: Preparing modernfix-forge.mixins.json (61)
[2112月2025 13:19:32.849] [main/DEBUG] [mixin/]: Preparing krypton_fnp.mixins.json (7)
[2112月2025 13:19:32.854] [main/DEBUG] [mixin/]: Preparing tritium.forge.mixins.json (0)
[2112月2025 13:19:32.854] [main/DEBUG] [mixin/]: Preparing mixinextras.init.mixins.json (0)
[2112月2025 13:19:32.854] [main/DEBUG] [mixin/]: Preparing oelib.mixins.json (0)
[2112月2025 13:19:32.854] [main/DEBUG] [mixin/]: Preparing particular.mixins.json (28)
[2112月2025 13:19:32.854] [main/DEBUG] [mixin/]: Preparing starlight.mixins.json (13)
[2112月2025 13:19:32.860] [main/DEBUG] [mixin/]: Preparing economy_system.mixins.json (0)
[2112月2025 13:19:32.860] [main/DEBUG] [mixin/]: Preparing tectonic.mixins.json (13)
[2112月2025 13:19:32.866] [main/DEBUG] [mixin/]: Preparing tectonic_1.20.1.mixins.json (3)
[2112月2025 13:19:32.868] [main/DEBUG] [mixin/]: Preparing terrablender.mixins.json (7)
[2112月2025 13:19:32.872] [main/DEBUG] [mixin/]: Preparing terrablender_forge.mixins.json (0)
[2112月2025 13:19:32.872] [main/DEBUG] [mixin/]: Preparing ru.mixin.json (8)
[2112月2025 13:19:32.874] [main/DEBUG] [mixin/]: Preparing smartkeyprompts.mixins.json (3)
[2112月2025 13:19:32.875] [main/WARN] [mixin/]: Error loading class: com/mojang/blaze3d/platform/InputConstants$Type (java.lang.ClassNotFoundException: com.mojang.blaze3d.platform.InputConstants$Type)
[2112月2025 13:19:32.875] [main/WARN] [mixin/]: @Mixin target com.mojang.blaze3d.platform.InputConstants$Type was not found smartkeyprompts.mixins.json:InputConstants$TypeMixin
[2112月2025 13:19:32.877] [main/ERROR] [net.minecraftforge.fml.loading.RuntimeDistCleaner/DISTXFORM]: Attempted to load class net/minecraft/client/KeyMapping for invalid dist DEDICATED_SERVER
[2112月2025 13:19:32.877] [main/WARN] [mixin/]: Error loading class: net/minecraft/client/KeyMapping (java.lang.RuntimeException: Attempted to load class net/minecraft/client/KeyMapping for invalid dist DEDICATED_SERVER)
[2112月2025 13:19:32.877] [main/WARN] [mixin/]: @Mixin target net.minecraft.client.KeyMapping was not found smartkeyprompts.mixins.json:KeyMappingMixin
[2112月2025 13:19:32.878] [main/DEBUG] [mixin/]: Preparing creativecore.mixins.json (8)
[2112月2025 13:19:32.880] [main/DEBUG] [mixin/]: Preparing creativecore.forge.mixins.json (3)
[2112月2025 13:19:32.881] [main/DEBUG] [mixin/]: Preparing eclipticseasons.mixins.json (75)
[2112月2025 13:19:32.896] [main/DEBUG] [mixin/]: Preparing smoothboot.mixins.json (5)
[2112月2025 13:19:32.899] [main/DEBUG] [mixin/]: Preparing servercore.common.mixins.json (61)
[2112月2025 13:19:32.908] [main/DEBUG] [net.minecraftforge.coremod.transformer.CoreModBaseTransformer/COREMOD]: Transforming net/minecraft/world/entity/animal/frog/Tadpole
[2112月2025 13:19:32.928] [main/DEBUG] [net.minecraftforge.coremod.transformer.CoreModBaseTransformer/COREMOD]: Transforming net/minecraft/world/entity/npc/Villager
[2112月2025 13:19:32.952] [main/DEBUG] [net.minecraftforge.coremod.transformer.CoreModBaseTransformer/COREMOD]: Transforming net/minecraft/world/level/NaturalSpawner
[2112月2025 13:19:32.961] [main/DEBUG] [net.minecraftforge.coremod.transformer.CoreModBaseTransformer/COREMOD]: Transforming net/minecraft/world/entity/monster/Zombie
[2112月2025 13:19:32.975] [main/DEBUG] [mixin/]: Preparing xaerohud.mixins.json (22)
[2112月2025 13:19:32.976] [main/DEBUG] [mixin/]: Preparing xaerohud.forge.mixins.json (0)
[2112月2025 13:19:32.976] [main/DEBUG] [mixin/]: Preparing xaerominimap.mixins.json (0)
[2112月2025 13:19:32.976] [main/DEBUG] [mixin/]: Preparing xaerominimap.forge.mixins.json (0)
[2112月2025 13:19:32.976] [main/DEBUG] [mixin/]: Preparing fastbench.mixins.json (4)
[2112月2025 13:19:32.977] [main/WARN] [mixin/]: Error loading class: vazkii/quark/addons/oddities/inventory/BackpackMenu (java.lang.ClassNotFoundException: vazkii.quark.addons.oddities.inventory.BackpackMenu)
[2112月2025 13:19:32.977] [main/DEBUG] [mixin/]: Skipping virtual target vazkii.quark.addons.oddities.inventory.BackpackMenu for fastbench.mixins.json:MixinBackpackMenu
[2112月2025 13:19:32.977] [main/WARN] [mixin/]: Error loading class: net/minecraft/client/gui/screens/inventory/CraftingScreen (java.lang.ClassNotFoundException: net.minecraft.client.gui.screens.inventory.CraftingScreen)
[2112月2025 13:19:32.978] [main/WARN] [mixin/]: @Mixin target net.minecraft.client.gui.screens.inventory.CraftingScreen was not found fastbench.mixins.json:MixinCraftingScreen
[2112月2025 13:19:32.979] [main/DEBUG] [mixin/]: Preparing polymorph.mixins.json (9)
[2112月2025 13:19:32.981] [main/DEBUG] [mixin/]: Preparing polymorph-integrations.forge.mixins.json (2)
[2112月2025 13:19:32.987] [main/DEBUG] [Polymorph/]: Loaded com.illusivesoulworks.polymorph.platform.ForgeIntegrationPlatform@c82d925 for service interface com.illusivesoulworks.polymorph.platform.services.IIntegrationPlatform
[2112月2025 13:19:32.988] [main/DEBUG] [Polymorph/]: Loaded com.illusivesoulworks.polymorph.platform.ForgeClientPlatform@64420e34 for service interface com.illusivesoulworks.polymorph.platform.services.IClientPlatform
[2112月2025 13:19:32.994] [main/DEBUG] [Polymorph/]: Loaded com.illusivesoulworks.polymorph.platform.ForgePlatform@702f4124 for service interface com.illusivesoulworks.polymorph.platform.services.IPlatform
[2112月2025 13:19:33.016] [main/DEBUG] [mixin/]: Preparing bettervillage.mixins.json (2)
[2112月2025 13:19:33.016] [main/DEBUG] [mixin/]: Preparing fastfurnace.mixins.json (1)
[2112月2025 13:19:33.016] [main/DEBUG] [mixin/]: Preparing ferritecore.predicates.mixin.json (3)
[2112月2025 13:19:33.016] [main/DEBUG] [mixin/]: Preparing ferritecore.fastmap.mixin.json (1)
[2112月2025 13:19:33.018] [main/DEBUG] [mixin/]: Preparing ferritecore.mrl.mixin.json (2)
[2112月2025 13:19:33.018] [main/DEBUG] [mixin/]: Preparing ferritecore.dedupmultipart.mixin.json (2)
[2112月2025 13:19:33.018] [main/DEBUG] [mixin/]: Preparing ferritecore.blockstatecache.mixin.json (8)
[2112月2025 13:19:33.019] [main/DEBUG] [mixin/]: @Mixin target net/minecraft/world/level/block/state/BlockBehaviour$BlockStateBase$Cache is public in ferritecore.blockstatecache.mixin.json:BlockStateCacheMixin and should be specified in value
[2112月2025 13:19:33.019] [main/DEBUG] [mixin/]: Preparing ferritecore.dedupbakedquad.mixin.json (2)
[2112月2025 13:19:33.019] [main/DEBUG] [mixin/]: Preparing ferritecore.threaddetec.mixin.json (1)
[2112月2025 13:19:33.019] [main/DEBUG] [mixin/]: Preparing ferritecore.modelsides.mixin.json (1)
[2112月2025 13:19:33.019] [main/DEBUG] [mixin/]: Preparing playerrevive.mixins.json (5)
[2112月2025 13:19:33.020] [main/DEBUG] [mixin/]: Preparing tritium.mixins.json (48)
[2112月2025 13:19:33.025] [main/DEBUG] [mixin/]: @Mixin target net/minecraft/world/level/levelgen/DensityFunctions$EndIslandDensityFunction is public in tritium.mixins.json:chunk.EndIslandDensityFunctionMixin and should be specified in value
[2112月2025 13:19:33.026] [main/DEBUG] [net.minecraftforge.coremod.transformer.CoreModBaseTransformer/COREMOD]: Transforming net/minecraft/world/item/BucketItem
[2112月2025 13:19:33.032] [main/DEBUG] [net.minecraftforge.coremod.transformer.CoreModBaseTransformer/COREMOD]: Transforming net/minecraft/world/entity/EntityType
[2112月2025 13:19:33.063] [main/DEBUG] [mixin/]: Inner class me/jellysquid/mods/lithium/mixin/ai/poi/SerializingRegionBasedStorageMixin$1 in me/jellysquid/mods/lithium/mixin/ai/poi/SerializingRegionBasedStorageMixin on net/minecraft/world/level/chunk/storage/SectionStorage gets unique name net/minecraft/world/level/chunk/storage/SectionStorage$Anonymous$58414ae20ea2422289f9fa97f6a590ce
[2112月2025 13:19:33.070] [main/DEBUG] [mixin/]: Inner class me/jellysquid/mods/lithium/mixin/chunk/palette/PalettedContainerMixin$2 in me/jellysquid/mods/lithium/mixin/chunk/palette/PalettedContainerMixin on net/minecraft/world/level/chunk/PalettedContainer$Strategy gets unique name net/minecraft/world/level/chunk/PalettedContainer$Strategy$Anonymous$909579081c31499bb28c35467fe97f46
[2112月2025 13:19:33.070] [main/DEBUG] [mixin/]: Inner class me/jellysquid/mods/lithium/mixin/chunk/palette/PalettedContainerMixin$1 in me/jellysquid/mods/lithium/mixin/chunk/palette/PalettedContainerMixin on net/minecraft/world/level/chunk/PalettedContainer$Strategy gets unique name net/minecraft/world/level/chunk/PalettedContainer$Strategy$Anonymous$f52f7e663f014025b0326dab4fb42c01
[2112月2025 13:19:33.106] [main/DEBUG] [mixin/]: Prepared 487 mixins in 1.474 sec (3.0ms avg) (0ms load, 0ms transform, 0ms plugin)
[2112月2025 13:19:33.117] [main/INFO] [MixinExtras|Service/]: Initializing MixinExtras via com.llamalad7.mixinextras.service.MixinExtrasServiceImpl(version=0.4.1).
[2112月2025 13:19:33.119] [main/DEBUG] [mixin/]: Registering new injector for @SugarWrapper with com.llamalad7.mixinextras.sugar.impl.SugarWrapperInjectionInfo
[2112月2025 13:19:33.120] [main/DEBUG] [mixin/]: Registering new injector for @FactoryRedirectWrapper with com.llamalad7.mixinextras.wrapper.factory.FactoryRedirectWrapperInjectionInfo
[2112月2025 13:19:33.130] [main/DEBUG] [mixin/]: Mixing server.MainMixin from smoothboot.mixins.json into net.minecraft.server.Main
[2112月2025 13:19:33.264] [main/DEBUG] [mixin/]: Mixing perf.fix_loop_spin_waiting.MinecraftServerMixin from modernfix-common.mixins.json into net.minecraft.server.MinecraftServer
[2112月2025 13:19:33.268] [main/DEBUG] [mixin/]: Mixing features.misc.MinecraftServerMixin from servercore.common.mixins.json into net.minecraft.server.MinecraftServer
[2112月2025 13:19:33.268] [main/DEBUG] [mixin/]: servercore.common.mixins.json:features.misc.MinecraftServerMixin: Class version 61 required is higher than the class version supported by the current version of Mixin (JAVA_16 supports class version 60)
[2112月2025 13:19:33.269] [main/DEBUG] [mixin/]: Mixing MixinMinecraftServer from xaeroworldmap.mixins.json into net.minecraft.server.MinecraftServer
[2112月2025 13:19:33.269] [main/DEBUG] [mixin/]: Mixing core.MinecraftServerMixin from modernfix-common.mixins.json into net.minecraft.server.MinecraftServer
[2112月2025 13:19:33.270] [main/DEBUG] [mixin/]: Mixing perf.dedicated_reload_executor.MinecraftServerMixin from modernfix-common.mixins.json into net.minecraft.server.MinecraftServer
[2112月2025 13:19:33.271] [main/DEBUG] [mixin/]: Mixing core.MinecraftServerMixin from modernfix-forge.mixins.json into net.minecraft.server.MinecraftServer
[2112月2025 13:19:33.271] [main/DEBUG] [mixin/]: Renaming synthetic method lambda$mfix$endReloadTrack$0(Ljava/lang/Void;)V to mdf407cb$lambda$mfix$endReloadTrack$0$0 in modernfix-forge.mixins.json:core.MinecraftServerMixin
[2112月2025 13:19:33.276] [main/DEBUG] [mixin/]: Mixing MinecraftServerMixin from ru.mixin.json into net.minecraft.server.MinecraftServer
[2112月2025 13:19:33.278] [main/DEBUG] [mixin/]: Mixing MinecraftServerMixin from servercore.common.mixins.json into net.minecraft.server.MinecraftServer
[2112月2025 13:19:33.279] [main/DEBUG] [mixin/]: servercore.common.mixins.json:MinecraftServerMixin: Class version 61 required is higher than the class version supported by the current version of Mixin (JAVA_16 supports class version 60)
[2112月2025 13:19:33.281] [main/DEBUG] [mixin/]: Mixing MixinMinecraftServer from xaerohud.mixins.json into net.minecraft.server.MinecraftServer
[2112月2025 13:19:33.282] [main/DEBUG] [mixin/]: Mixing server.AsyncWorldSaveMixin from tritium.mixins.json into net.minecraft.server.MinecraftServer
[2112月2025 13:19:33.282] [main/DEBUG] [mixin/]: Renaming synthetic method lambda$onSaveAllChunks$1(Z)V to mdf407cb$lambda$onSaveAllChunks$1$1 in tritium.mixins.json:server.AsyncWorldSaveMixin
[2112月2025 13:19:33.282] [main/DEBUG] [mixin/]: Renaming synthetic method lambda$static$0(Ljava/lang/Runnable;)Ljava/lang/Thread; to mdf407cb$lambda$static$0$2 in tritium.mixins.json:server.AsyncWorldSaveMixin
[2112月2025 13:19:33.346] [main/DEBUG] [mixin/]: Mixing common.GameTestServerMixin from lithostitched.mixins.json into net.minecraft.gametest.framework.GameTestServer
[2112月2025 13:19:33.358] [main/DEBUG] [mixin/]: Mixing server.DedicatedServerMixin from lithostitched.mixins.json into net.minecraft.server.dedicated.DedicatedServer
[2112月2025 13:19:33.365] [main/DEBUG] [Smooth Boot (Reloaded)/]: Config path: D:\Desktop\Dreamingfish_Server_github\EconomySystem\server/config/smoothboot.json
[2112月2025 13:19:33.370] [main/DEBUG] [mixin/]: Mixing math.sine_lut.MixinMathHelper from lithium.mixins.json into net.minecraft.util.Mth
[2112月2025 13:19:33.370] [main/DEBUG] [mixin/]: lithium.mixins.json:math.sine_lut.MixinMathHelper: Class version 61 required is higher than the class version supported by the current version of Mixin (JAVA_16 supports class version 60)
[2112月2025 13:19:33.371] [main/DEBUG] [mixin/]: Mixing math.MthMixin from tritium.mixins.json into net.minecraft.util.Mth
[2112月2025 13:19:33.403] [main/DEBUG] [mixin/]: Mixing UtilMixin from smoothboot.mixins.json into net.minecraft.Util
[2112月2025 13:19:33.404] [main/DEBUG] [mixin/]: Renaming synthetic method lambda$replaceIoWorker$1(Ljava/lang/Runnable;)Ljava/lang/Thread; to mdf407cb$lambda$replaceIoWorker$1$0 in smoothboot.mixins.json:UtilMixin
[2112月2025 13:19:33.404] [main/DEBUG] [mixin/]: Renaming synthetic method lambda$replaceWorker$0(Ljava/lang/String;Ljava/util/concurrent/ForkJoinPool;)Ljava/util/concurrent/ForkJoinWorkerThread; to mdf407cb$lambda$replaceWorker$0$1 in smoothboot.mixins.json:UtilMixin
[2112月2025 13:19:33.469] [main/DEBUG] [Smooth Boot (Reloaded)/]: Config: com.abdelaziz.smoothboot.config.SmoothBootConfig@413eaf5d
[2112月2025 13:19:33.469] [main/INFO] [Smooth Boot (Reloaded)/]: Smooth Boot (Reloaded) config initialized
[2112月2025 13:19:33.469] [main/DEBUG] [Smooth Boot (Reloaded)/]: Initialized server game thread
[2112月2025 13:19:33.485] [main/DEBUG] [io.netty.util.internal.logging.InternalLoggerFactory/]: Using SLF4J as the default logging framework
[2112月2025 13:19:33.495] [main/DEBUG] [io.netty.util.ResourceLeakDetector/]: -Dio.netty.leakDetection.level: simple
[2112月2025 13:19:33.495] [main/DEBUG] [io.netty.util.ResourceLeakDetector/]: -Dio.netty.leakDetection.targetRecords: 4
[2112月2025 13:19:33.632] [main/DEBUG] [mixin/]: Mixing perf.tag_id_caching.TagOrElementLocationMixin from modernfix-forge.mixins.json into net.minecraft.util.ExtraCodecs$TagOrElementLocation
[2112月2025 13:19:33.699] [main/DEBUG] [oshi.util.FileUtil/]: No oshi.properties file found from ClassLoader cpw.mods.modlauncher.TransformingClassLoader@3946075
[2112月2025 13:19:33.700] [main/DEBUG] [oshi.util.FileUtil/]: No oshi.properties file found from ClassLoader jdk.internal.loader.ClassLoaders$AppClassLoader@7eda2dbb
[2112月2025 13:19:33.996] [main/DEBUG] [oshi.util.FileUtil/]: No oshi.architecture.properties file found from ClassLoader cpw.mods.modlauncher.TransformingClassLoader@3946075
[2112月2025 13:19:33.996] [main/DEBUG] [oshi.util.FileUtil/]: No oshi.architecture.properties file found from ClassLoader jdk.internal.loader.ClassLoaders$AppClassLoader@7eda2dbb
[2112月2025 13:19:34.440] [main/DEBUG] [mixin/]: Mixing feature.measure_time.BootstrapMixin from modernfix-common.mixins.json into net.minecraft.server.Bootstrap
[2112月2025 13:19:34.441] [main/DEBUG] [mixin/]: Mixing core.BootstrapMixin from modernfix-forge.mixins.json into net.minecraft.server.Bootstrap
[2112月2025 13:19:34.449] [main/INFO] [net.minecraft.server.Bootstrap/]: ModernFix reached bootstrap stage (8.060 s after launch)
[2112月2025 13:19:34.452] [main/DEBUG] [mixin/]: Mixing MixinBuiltInRegistries from terrablender.mixins.json into net.minecraft.core.registries.BuiltInRegistries
[2112月2025 13:19:34.452] [main/DEBUG] [mixin/]: Renaming synthetic method lambda$registerSimple$0(Lnet/minecraft/core/registries/BuiltInRegistries$RegistryBootstrap;Lnet/minecraft/core/Registry;)Ljava/lang/Object; to mdf407cb$lambda$registerSimple$0$0 in terrablender.mixins.json:MixinBuiltInRegistries
[2112月2025 13:19:34.458] [main/DEBUG] [mixin/]: Mixing bugfix.concurrency.MappedRegistryMixin from modernfix-common.mixins.json into net.minecraft.core.MappedRegistry
[2112月2025 13:19:34.461] [main/DEBUG] [mixin/]: Mixing common.MappedRegistryAccessor from lithostitched.mixins.json into net.minecraft.core.MappedRegistry
[2112月2025 13:19:34.465] [main/DEBUG] [mixin/]: Mixing perf.compact_mojang_registries.MappedRegistryMixin from modernfix-common.mixins.json into net.minecraft.core.MappedRegistry
[2112月2025 13:19:34.468] [main/DEBUG] [mixin/]: Mixing perf.mojang_registry_size.MappedRegistryMixin from modernfix-common.mixins.json into net.minecraft.core.MappedRegistry
[2112月2025 13:19:34.477] [main/DEBUG] [mixin/]: Mixing perf.mojang_registry_size.ResourceKeyMixin from modernfix-common.mixins.json into net.minecraft.resources.ResourceKey
[2112月2025 13:19:34.477] [main/DEBUG] [mixin/]: Renaming synthetic method lambda$createEfficient$0(Lnet/minecraft/resources/ResourceLocation;)Ljava/util/Map; to mdf407cb$lambda$createEfficient$0$0 in modernfix-common.mixins.json:perf.mojang_registry_size.ResourceKeyMixin
[2112月2025 13:19:34.505] [main/DEBUG] [mixin/]: Mixing common.HolderReferenceAccessor from lithostitched.mixins.json into net.minecraft.core.Holder$Reference
[2112月2025 13:19:34.512] [main/DEBUG] [mixin/]: Mixing perf.reduce_blockstate_cache_rebuilds.GameDataMixin from modernfix-forge.mixins.json into net.minecraftforge.registries.GameData
[2112月2025 13:19:34.521] [main/DEBUG] [mixin/]: Mixing perf.fast_registry_validation.ForgeRegistryMixin from modernfix-forge.mixins.json into net.minecraftforge.registries.ForgeRegistry
[2112月2025 13:19:34.523] [main/DEBUG] [mixin/]: Mixing perf.forge_registry_alloc.ForgeRegistryMixin from modernfix-forge.mixins.json into net.minecraftforge.registries.ForgeRegistry
[2112月2025 13:19:34.530] [main/WARN] [mixin/]: @Final field delegatesByName:Ljava/util/Map; in modernfix-forge.mixins.json:perf.forge_registry_alloc.ForgeRegistryMixin should be final
[2112月2025 13:19:34.530] [main/WARN] [mixin/]: @Final field delegatesByValue:Ljava/util/Map; in modernfix-forge.mixins.json:perf.forge_registry_alloc.ForgeRegistryMixin should be final
[2112月2025 13:19:34.542] [main/DEBUG] [mixin/]: Mixing perf.reduce_blockstate_cache_rebuilds.BlockCallbacksMixin from modernfix-forge.mixins.json into net.minecraftforge.registries.GameData$BlockCallbacks
[2112月2025 13:19:34.547] [main/DEBUG] [mixin/]: Mixing ai.pathing.MixinBlock from lithium.mixins.json into net.minecraft.world.level.block.Block
[2112月2025 13:19:34.547] [main/DEBUG] [mixin/]: lithium.mixins.json:ai.pathing.MixinBlock: Class version 61 required is higher than the class version supported by the current version of Mixin (JAVA_16 supports class version 60)
[2112月2025 13:19:34.548] [main/DEBUG] [mixin/]: Mixing shapes.blockstate_cache.BlockMixin from lithium.mixins.json into net.minecraft.world.level.block.Block
[2112月2025 13:19:34.548] [main/DEBUG] [mixin/]: lithium.mixins.json:shapes.blockstate_cache.BlockMixin: Class version 61 required is higher than the class version supported by the current version of Mixin (JAVA_16 supports class version 60)
[2112月2025 13:19:34.548] [main/DEBUG] [mixin/]: Renaming synthetic method lambda$static$0(Lnet/minecraft/world/phys/shapes/VoxelShape;)Z to mdf407cb$lambda$static$0$0 in lithium.mixins.json:shapes.blockstate_cache.BlockMixin
[2112月2025 13:19:34.548] [main/DEBUG] [mixin/]: Mixing perf.forge_registry_alloc.DelegateHolderMixin from modernfix-forge.mixins.json into net.minecraft.world.level.block.Block
[2112月2025 13:19:34.576] [main/DEBUG] [mixin/]: Mixing world.BlockMixin from mixin.tt20.json into net.minecraft.world.level.block.state.BlockBehaviour
[2112月2025 13:19:34.578] [main/DEBUG] [mixin/]: Mixing light.FastBamboo from tritium.mixins.json into net.minecraft.world.level.block.state.BlockBehaviour
[2112月2025 13:19:34.627] [main/DEBUG] [mixin/]: Mixing math.fast_blockpos.BlockPosMixin from lithium.mixins.json into net.minecraft.core.BlockPos
[2112月2025 13:19:34.628] [main/DEBUG] [mixin/]: lithium.mixins.json:math.fast_blockpos.BlockPosMixin: Class version 61 required is higher than the class version supported by the current version of Mixin (JAVA_16 supports class version 60)
[2112月2025 13:19:34.635] [main/DEBUG] [mixin/]: Mixing bugfix.chunk_deadlock.BlockStateBaseMixin from modernfix-common.mixins.json into net.minecraft.world.level.block.state.BlockBehaviour$BlockStateBase
[2112月2025 13:19:34.636] [main/DEBUG] [mixin/]: Mixing ai.pathing.AbstractBlockStateMixin from lithium.mixins.json into net.minecraft.world.level.block.state.BlockBehaviour$BlockStateBase
[2112月2025 13:19:34.636] [main/DEBUG] [mixin/]: lithium.mixins.json:ai.pathing.AbstractBlockStateMixin: Class version 61 required is higher than the class version supported by the current version of Mixin (JAVA_16 supports class version 60)
[2112月2025 13:19:34.643] [main/DEBUG] [mixin/]: Mixing util.block_tracking.AbstractBlockStateMixin from lithium.mixins.json into net.minecraft.world.level.block.state.BlockBehaviour$BlockStateBase
[2112月2025 13:19:34.643] [main/DEBUG] [mixin/]: lithium.mixins.json:util.block_tracking.AbstractBlockStateMixin: Class version 61 required is higher than the class version supported by the current version of Mixin (JAVA_16 supports class version 60)
[2112月2025 13:19:34.644] [main/DEBUG] [mixin/]: Mixing perf.reduce_blockstate_cache_rebuilds.BlockStateBaseMixin from modernfix-common.mixins.json into net.minecraft.world.level.block.state.BlockBehaviour$BlockStateBase
[2112月2025 13:19:34.645] [main/DEBUG] [mixin/]: Mixing common.blockstate.BlockStateBaseMixin from starlight.mixins.json into net.minecraft.world.level.block.state.BlockBehaviour$BlockStateBase
[2112月2025 13:19:34.646] [main/DEBUG] [mixin/]: Mixing common.block.MixinBlockStateBase from eclipticseasons.mixins.json into net.minecraft.world.level.block.state.BlockBehaviour$BlockStateBase
[2112月2025 13:19:34.650] [main/DEBUG] [mixin/]: Mixing common.block.MixinIBlockExtension from eclipticseasons.mixins.json into net.minecraft.world.level.block.state.BlockBehaviour$BlockStateBase
[2112月2025 13:19:34.650] [main/DEBUG] [mixin/]: Mixing BlockStateBaseMixin from ferritecore.blockstatecache.mixin.json into net.minecraft.world.level.block.state.BlockBehaviour$BlockStateBase
[2112月2025 13:19:34.672] [main/INFO] [ModernFix/]: Injecting BlockStateBase cache population hook into getOpacityIfCached from ca.spottedleaf.starlight.mixin.common.blockstate.BlockStateBaseMixin
[2112月2025 13:19:34.672] [main/INFO] [ModernFix/]: Injecting BlockStateBase cache population hook into redirect$zjh000$genCacheBeforeGettingTicking from org.embeddedt.modernfix.common.mixin.perf.reduce_blockstate_cache_rebuilds.BlockStateBaseMixin
[2112月2025 13:19:34.673] [main/INFO] [ModernFix/]: Injecting BlockStateBase cache population hook into getNeighborPathNodeType from me.jellysquid.mods.lithium.mixin.ai.pathing.AbstractBlockStateMixin
[2112月2025 13:19:34.673] [main/INFO] [ModernFix/]: Injecting BlockStateBase cache population hook into getPathNodeType from me.jellysquid.mods.lithium.mixin.ai.pathing.AbstractBlockStateMixin
[2112月2025 13:19:34.673] [main/INFO] [ModernFix/]: Injecting BlockStateBase cache population hook into eclipticseasons$tick from com.teamtea.eclipticseasons.mixin.common.block.MixinBlockStateBase
[2112月2025 13:19:34.673] [main/INFO] [ModernFix/]: Injecting BlockStateBase cache population hook into isConditionallyFullOpaque from ca.spottedleaf.starlight.mixin.common.blockstate.BlockStateBaseMixin
[2112月2025 13:19:34.673] [main/INFO] [ModernFix/]: Injecting BlockStateBase cache population hook into eclipticseasons$getType from com.teamtea.eclipticseasons.mixin.common.block.MixinBlockStateBase
[2112月2025 13:19:34.673] [main/INFO] [ModernFix/]: Injecting BlockStateBase cache population hook into getAllFlags from me.jellysquid.mods.lithium.mixin.util.block_tracking.AbstractBlockStateMixin
[2112月2025 13:19:34.684] [main/DEBUG] [mixin/]: Mixing FastMapStateHolderMixin from ferritecore.fastmap.mixin.json into net.minecraft.world.level.block.state.StateHolder
[2112月2025 13:19:34.688] [main/DEBUG] [mixin/]: Mixing common.block.MixinBlockState from eclipticseasons.mixins.json into net.minecraft.world.level.block.state.BlockState
[2112月2025 13:19:34.693] [main/DEBUG] [mixin/]: Mixing perf.model_optimizations.PropertyMixin from modernfix-common.mixins.json into net.minecraft.world.level.block.state.properties.Property
[2112月2025 13:19:34.702] [main/DEBUG] [mixin/]: Mixing entity.collisions.fluid.EntityMixin from lithium.mixins.json into net.minecraft.world.entity.Entity
[2112月2025 13:19:34.703] [main/DEBUG] [mixin/]: lithium.mixins.json:entity.collisions.fluid.EntityMixin: Class version 61 required is higher than the class version supported by the current version of Mixin (JAVA_16 supports class version 60)
[2112月2025 13:19:34.708] [main/DEBUG] [mixin/]: Mixing alloc.deep_passengers.EntityMixin from lithium.mixins.json into net.minecraft.world.entity.Entity
[2112月2025 13:19:34.708] [main/DEBUG] [mixin/]: lithium.mixins.json:alloc.deep_passengers.EntityMixin: Class version 61 required is higher than the class version supported by the current version of Mixin (JAVA_16 supports class version 60)
[2112月2025 13:19:34.717] [main/DEBUG] [mixin/]: Mixing collections.fluid_submersion.EntityMixin from lithium.mixins.json into net.minecraft.world.entity.Entity
[2112月2025 13:19:34.717] [main/DEBUG] [mixin/]: lithium.mixins.json:collections.fluid_submersion.EntityMixin: Class version 61 required is higher than the class version supported by the current version of Mixin (JAVA_16 supports class version 60)
[2112月2025 13:19:34.719] [main/DEBUG] [mixin/]: Mixing entity.collisions.movement.EntityMixin from lithium.mixins.json into net.minecraft.world.entity.Entity
[2112月2025 13:19:34.719] [main/DEBUG] [mixin/]: lithium.mixins.json:entity.collisions.movement.EntityMixin: Class version 61 required is higher than the class version supported by the current version of Mixin (JAVA_16 supports class version 60)
[2112月2025 13:19:34.723] [main/DEBUG] [mixin/]: Mixing entity.collisions.unpushable_cramming.EntityMixin from lithium.mixins.json into net.minecraft.world.entity.Entity
[2112月2025 13:19:34.723] [main/DEBUG] [mixin/]: lithium.mixins.json:entity.collisions.unpushable_cramming.EntityMixin: Class version 61 required is higher than the class version supported by the current version of Mixin (JAVA_16 supports class version 60)
[2112月2025 13:19:34.723] [main/DEBUG] [mixin/]: Mixing bugfix.chunk_deadlock.EntityMixin from modernfix-common.mixins.json into net.minecraft.world.entity.Entity
[2112月2025 13:19:34.724] [main/DEBUG] [mixin/]: Mixing common.entity.MixinEntity from eclipticseasons.mixins.json into net.minecraft.world.entity.Entity
[2112月2025 13:19:34.725] [main/DEBUG] [mixin/]: Mixing features.activation_range.EntityMixin from servercore.common.mixins.json into net.minecraft.world.entity.Entity
[2112月2025 13:19:34.725] [main/DEBUG] [mixin/]: servercore.common.mixins.json:features.activation_range.EntityMixin: Class version 61 required is higher than the class version supported by the current version of Mixin (JAVA_16 supports class version 60)
[2112月2025 13:19:34.727] [main/DEBUG] [mixin/]: Mixing features.misc.EntityMixin from servercore.common.mixins.json into net.minecraft.world.entity.Entity
[2112月2025 13:19:34.728] [main/DEBUG] [mixin/]: servercore.common.mixins.json:features.misc.EntityMixin: Class version 61 required is higher than the class version supported by the current version of Mixin (JAVA_16 supports class version 60)
[2112月2025 13:19:34.795] [main/DEBUG] [mixin/]: Mixing alloc.enum_values.living_entity.LivingEntityMixin from lithium.mixins.json into net.minecraft.world.entity.LivingEntity
[2112月2025 13:19:34.795] [main/DEBUG] [mixin/]: lithium.mixins.json:alloc.enum_values.living_entity.LivingEntityMixin: Class version 61 required is higher than the class version supported by the current version of Mixin (JAVA_16 supports class version 60)
[2112月2025 13:19:34.796] [main/DEBUG] [mixin/]: Mixing entity.collisions.unpushable_cramming.LivingEntityMixin from lithium.mixins.json into net.minecraft.world.entity.LivingEntity
[2112月2025 13:19:34.796] [main/DEBUG] [mixin/]: lithium.mixins.json:entity.collisions.unpushable_cramming.LivingEntityMixin: Class version 61 required is higher than the class version supported by the current version of Mixin (JAVA_16 supports class version 60)
[2112月2025 13:19:34.805] [main/DEBUG] [mixin/]: Mixing entity.fast_elytra_check.LivingEntityMixin from lithium.mixins.json into net.minecraft.world.entity.LivingEntity
[2112月2025 13:19:34.805] [main/DEBUG] [mixin/]: lithium.mixins.json:entity.fast_elytra_check.LivingEntityMixin: Class version 61 required is higher than the class version supported by the current version of Mixin (JAVA_16 supports class version 60)
[2112月2025 13:19:34.805] [main/DEBUG] [mixin/]: Mixing entity.fast_hand_swing.LivingEntityMixin from lithium.mixins.json into net.minecraft.world.entity.LivingEntity
[2112月2025 13:19:34.805] [main/DEBUG] [mixin/]: lithium.mixins.json:entity.fast_hand_swing.LivingEntityMixin: Class version 61 required is higher than the class version supported by the current version of Mixin (JAVA_16 supports class version 60)
[2112月2025 13:19:34.805] [main/DEBUG] [mixin/]: Mixing entity.fast_powder_snow_check.LivingEntityMixin from lithium.mixins.json into net.minecraft.world.entity.LivingEntity
[2112月2025 13:19:34.806] [main/DEBUG] [mixin/]: lithium.mixins.json:entity.fast_powder_snow_check.LivingEntityMixin: Class version 61 required is higher than the class version supported by the current version of Mixin (JAVA_16 supports class version 60)
[2112月2025 13:19:34.806] [main/DEBUG] [mixin/]: Mixing entity.skip_equipment_change_check.LivingEntityMixin from lithium.mixins.json into net.minecraft.world.entity.LivingEntity
[2112月2025 13:19:34.806] [main/DEBUG] [mixin/]: lithium.mixins.json:entity.skip_equipment_change_check.LivingEntityMixin: Class version 61 required is higher than the class version supported by the current version of Mixin (JAVA_16 supports class version 60)
[2112月2025 13:19:34.806] [main/DEBUG] [mixin/]: Renaming synthetic method lambda$static$0(Lnet/minecraft/world/item/ItemStack;)Z to mdf407cb$lambda$static$0$0 in lithium.mixins.json:entity.skip_equipment_change_check.LivingEntityMixin
[2112月2025 13:19:34.813] [main/DEBUG] [mixin/]: Mixing LivingEntityMixin from mixin.tt20.json into net.minecraft.world.entity.LivingEntity
[2112月2025 13:19:34.813] [main/DEBUG] [mixin/]: Mixing common.LivingEntityMixin from tacz.mixins.json into net.minecraft.world.entity.LivingEntity
[2112月2025 13:19:34.815] [main/DEBUG] [mixin/]: Renaming synthetic method lambda$initialData$0()Lnet/minecraft/world/item/ItemStack; to mdf407cb$lambda$initialData$0$1 in tacz.mixins.json:common.LivingEntityMixin
[2112月2025 13:19:34.824] [main/DEBUG] [mixin/]: Mixing perf.forge_cap_retrieval.LivingEntityMixin from modernfix-forge.mixins.json into net.minecraft.world.entity.LivingEntity
[2112月2025 13:19:34.825] [main/DEBUG] [mixin/]: Mixing common.entity.MixinLivingEntity from eclipticseasons.mixins.json into net.minecraft.world.entity.LivingEntity
[2112月2025 13:19:34.825] [main/DEBUG] [mixin/]: Mixing features.activation_range.inactive_ticks.LivingEntityMixin from servercore.common.mixins.json into net.minecraft.world.entity.LivingEntity
[2112月2025 13:19:34.825] [main/DEBUG] [mixin/]: servercore.common.mixins.json:features.activation_range.inactive_ticks.LivingEntityMixin: Class version 61 required is higher than the class version supported by the current version of Mixin (JAVA_16 supports class version 60)
[2112月2025 13:19:34.869] [main/DEBUG] [mixin/]: Mixing perf.model_optimizations.BooleanPropertyMixin from modernfix-common.mixins.json into net.minecraft.world.level.block.state.properties.BooleanProperty
[2112月2025 13:19:34.876] [main/DEBUG] [mixin/]: Mixing alloc.chunk_random.WorldMixin from lithium.mixins.json into net.minecraft.world.level.Level
[2112月2025 13:19:34.876] [main/DEBUG] [mixin/]: lithium.mixins.json:alloc.chunk_random.WorldMixin: Class version 61 required is higher than the class version supported by the current version of Mixin (JAVA_16 supports class version 60)
[2112月2025 13:19:34.877] [main/DEBUG] [mixin/]: Mixing entity.collisions.intersection.WorldMixin from lithium.mixins.json into net.minecraft.world.level.Level
[2112月2025 13:19:34.877] [main/DEBUG] [mixin/]: lithium.mixins.json:entity.collisions.intersection.WorldMixin: Class version 61 required is higher than the class version supported by the current version of Mixin (JAVA_16 supports class version 60)
[2112月2025 13:19:34.878] [main/DEBUG] [mixin/]: Mixing util.block_entity_retrieval.WorldMixin from lithium.mixins.json into net.minecraft.world.level.Level
[2112月2025 13:19:34.878] [main/DEBUG] [mixin/]: lithium.mixins.json:util.block_entity_retrieval.WorldMixin: Class version 61 required is higher than the class version supported by the current version of Mixin (JAVA_16 supports class version 60)
[2112月2025 13:19:34.880] [main/DEBUG] [mixin/]: Mixing util.block_tracking.block_listening.WorldMixin from lithium.mixins.json into net.minecraft.world.level.Level
[2112月2025 13:19:34.880] [main/DEBUG] [mixin/]: lithium.mixins.json:util.block_tracking.block_listening.WorldMixin: Class version 61 required is higher than the class version supported by the current version of Mixin (JAVA_16 supports class version 60)
[2112月2025 13:19:34.880] [main/DEBUG] [mixin/]: Mixing world.chunk_access.WorldMixin from lithium.mixins.json into net.minecraft.world.level.Level
[2112月2025 13:19:34.880] [main/DEBUG] [mixin/]: lithium.mixins.json:world.chunk_access.WorldMixin: Class version 61 required is higher than the class version supported by the current version of Mixin (JAVA_16 supports class version 60)
[2112月2025 13:19:34.881] [main/DEBUG] [mixin/]: Mixing world.inline_block_access.WorldMixin from lithium.mixins.json into net.minecraft.world.level.Level
[2112月2025 13:19:34.881] [main/DEBUG] [mixin/]: lithium.mixins.json:world.inline_block_access.WorldMixin: Class version 61 required is higher than the class version supported by the current version of Mixin (JAVA_16 supports class version 60)
[2112月2025 13:19:34.882] [main/DEBUG] [mixin/]: Mixing world.inline_height.WorldMixin from lithium.mixins.json into net.minecraft.world.level.Level
[2112月2025 13:19:34.882] [main/DEBUG] [mixin/]: lithium.mixins.json:world.inline_height.WorldMixin: Class version 61 required is higher than the class version supported by the current version of Mixin (JAVA_16 supports class version 60)
[2112月2025 13:19:34.883] [main/DEBUG] [mixin/]: Mixing common.world.LevelMixin from starlight.mixins.json into net.minecraft.world.level.Level
[2112月2025 13:19:34.883] [main/DEBUG] [mixin/]: Mixing common.level.MixinLevel from eclipticseasons.mixins.json into net.minecraft.world.level.Level
[2112月2025 13:19:34.887] [main/DEBUG] [mixin/]: Mixing MCBUG.bee.LevelMixin from tritium.mixins.json into net.minecraft.world.level.Level
[2112月2025 13:19:34.887] [main/DEBUG] [mixin/]: Mixing tickstop.LevelMixin from tritium.mixins.json into net.minecraft.world.level.Level
[2112月2025 13:19:34.904] [main/DEBUG] [mixin/]: Mixing util.chunk_access.WorldViewMixin from lithium.mixins.json into net.minecraft.world.level.LevelReader
[2112月2025 13:19:34.904] [main/DEBUG] [mixin/]: lithium.mixins.json:util.chunk_access.WorldViewMixin: Class version 61 required is higher than the class version supported by the current version of Mixin (JAVA_16 supports class version 60)
[2112月2025 13:19:34.904] [main/DEBUG] [mixin/]: Mixing common.level.MixinLevelReader from eclipticseasons.mixins.json into net.minecraft.world.level.LevelReader
[2112月2025 13:19:34.907] [main/DEBUG] [mixin/]: Mixing common.level.MixinLevelTimeAccess from eclipticseasons.mixins.json into net.minecraft.world.level.LevelTimeAccess
[2112月2025 13:19:34.913] [main/DEBUG] [mixin/]: Mixing optimizations.ticking.chunk.random.ServerLevelMixin from servercore.common.mixins.json into net.minecraft.server.level.ServerLevel
[2112月2025 13:19:34.913] [main/DEBUG] [mixin/]: servercore.common.mixins.json:optimizations.ticking.chunk.random.ServerLevelMixin: Class version 61 required is higher than the class version supported by the current version of Mixin (JAVA_16 supports class version 60)
[2112月2025 13:19:34.914] [main/DEBUG] [mixin/]: Mixing alloc.chunk_random.ServerWorldMixin from lithium.mixins.json into net.minecraft.server.level.ServerLevel
[2112月2025 13:19:34.914] [main/DEBUG] [mixin/]: lithium.mixins.json:alloc.chunk_random.ServerWorldMixin: Class version 61 required is higher than the class version supported by the current version of Mixin (JAVA_16 supports class version 60)
[2112月2025 13:19:34.914] [main/DEBUG] [mixin/]: Mixing chunk.entity_class_groups.ServerWorldAccessor from lithium.mixins.json into net.minecraft.server.level.ServerLevel
[2112月2025 13:19:34.914] [main/DEBUG] [mixin/]: lithium.mixins.json:chunk.entity_class_groups.ServerWorldAccessor: Class version 61 required is higher than the class version supported by the current version of Mixin (JAVA_16 supports class version 60)
[2112月2025 13:19:34.915] [main/DEBUG] [mixin/]: Mixing entity.inactive_navigations.ServerWorldMixin from lithium.mixins.json into net.minecraft.server.level.ServerLevel
[2112月2025 13:19:34.915] [main/DEBUG] [mixin/]: lithium.mixins.json:entity.inactive_navigations.ServerWorldMixin: Class version 61 required is higher than the class version supported by the current version of Mixin (JAVA_16 supports class version 60)
[2112月2025 13:19:34.917] [main/DEBUG] [mixin/]: Mixing profiler.ServerWorldMixin from lithium.mixins.json into net.minecraft.server.level.ServerLevel
[2112月2025 13:19:34.917] [main/DEBUG] [mixin/]: lithium.mixins.json:profiler.ServerWorldMixin: Class version 61 required is higher than the class version supported by the current version of Mixin (JAVA_16 supports class version 60)
[2112月2025 13:19:34.917] [main/DEBUG] [mixin/]: Mixing util.entity_movement_tracking.ServerWorldAccessor from lithium.mixins.json into net.minecraft.server.level.ServerLevel
[2112月2025 13:19:34.917] [main/DEBUG] [mixin/]: lithium.mixins.json:util.entity_movement_tracking.ServerWorldAccessor: Class version 61 required is higher than the class version supported by the current version of Mixin (JAVA_16 supports class version 60)
[2112月2025 13:19:34.917] [main/DEBUG] [mixin/]: Mixing world.ServerLevelMixin from mixin.tt20.json into net.minecraft.server.level.ServerLevel
[2112月2025 13:19:34.917] [main/DEBUG] [mixin/]: Mixing bugfix.chunk_deadlock.ServerLevelMixin from modernfix-common.mixins.json into net.minecraft.server.level.ServerLevel
[2112月2025 13:19:34.918] [main/DEBUG] [mixin/]: Mixing perf.cache_strongholds.ServerLevelMixin from modernfix-common.mixins.json into net.minecraft.server.level.ServerLevel
[2112月2025 13:19:34.918] [main/DEBUG] [mixin/]: Discarding sythetic bridge method synthetic in m_6325_ because existing method in modernfix-common.mixins.json:perf.cache_strongholds.ServerLevelMixin is compatible
[2112月2025 13:19:34.919] [main/DEBUG] [mixin/]: Mixing perf.faster_structure_location.ServerLevelMixin from modernfix-common.mixins.json into net.minecraft.server.level.ServerLevel
[2112月2025 13:19:34.920] [main/DEBUG] [mixin/]: Mixing common.world.ServerWorldMixin from starlight.mixins.json into net.minecraft.server.level.ServerLevel
[2112月2025 13:19:34.921] [main/DEBUG] [mixin/]: Mixing common.level.MixinServerLevel from eclipticseasons.mixins.json into net.minecraft.server.level.ServerLevel
[2112月2025 13:19:34.926] [main/DEBUG] [mixin/]: Mixing features.activation_range.ServerLevelMixin from servercore.common.mixins.json into net.minecraft.server.level.ServerLevel
[2112月2025 13:19:34.926] [main/DEBUG] [mixin/]: servercore.common.mixins.json:features.activation_range.ServerLevelMixin: Class version 61 required is higher than the class version supported by the current version of Mixin (JAVA_16 supports class version 60)
[2112月2025 13:19:34.927] [main/DEBUG] [mixin/]: Mixing features.spawn_chunks.ServerLevelMixin from servercore.common.mixins.json into net.minecraft.server.level.ServerLevel
[2112月2025 13:19:34.927] [main/DEBUG] [mixin/]: servercore.common.mixins.json:features.spawn_chunks.ServerLevelMixin: Class version 61 required is higher than the class version supported by the current version of Mixin (JAVA_16 supports class version 60)
[2112月2025 13:19:34.927] [main/DEBUG] [mixin/]: Mixing optimizations.sync_loads.ServerLevelMixin from servercore.common.mixins.json into net.minecraft.server.level.ServerLevel
[2112月2025 13:19:34.927] [main/DEBUG] [mixin/]: servercore.common.mixins.json:optimizations.sync_loads.ServerLevelMixin: Class version 61 required is higher than the class version supported by the current version of Mixin (JAVA_16 supports class version 60)
[2112月2025 13:19:34.927] [main/DEBUG] [mixin/]: Discarding sythetic bridge method synthetic in m_6325_ because existing method in servercore.common.mixins.json:optimizations.sync_loads.ServerLevelMixin is compatible
[2112月2025 13:19:35.065] [main/DEBUG] [mixin/]: Unexpected: Registered method getEntityManager()Lnet/minecraft/world/level/entity/PersistentEntitySectionManager; in net.minecraft.server.level.ServerLevel was not merged
[2112月2025 13:19:35.075] [main/DEBUG] [net.minecraftforge.coremod.transformer.CoreModBaseTransformer/COREMOD]: Transforming net/minecraft/world/level/biome/Biome
[2112月2025 13:19:35.088] [main/DEBUG] [mixin/]: Mixing PlayerMixin from mixin.tt20.json into net.minecraft.world.entity.player.Player
[2112月2025 13:19:35.090] [main/DEBUG] [mixin/]: Mixing PlayerMixin from playerrevive.mixins.json into net.minecraft.world.entity.player.Player
[2112月2025 13:19:35.108] [main/DEBUG] [mixin/]: Mixing item.ItemEntityMixin from mixin.tt20.json into net.minecraft.world.entity.item.ItemEntity
[2112月2025 13:19:35.109] [main/DEBUG] [mixin/]: Mixing features.activation_range.inactive_ticks.ItemEntityMixin from servercore.common.mixins.json into net.minecraft.world.entity.item.ItemEntity
[2112月2025 13:19:35.109] [main/DEBUG] [mixin/]: servercore.common.mixins.json:features.activation_range.inactive_ticks.ItemEntityMixin: Class version 61 required is higher than the class version supported by the current version of Mixin (JAVA_16 supports class version 60)
[2112月2025 13:19:35.109] [main/DEBUG] [mixin/]: Mixing features.merging.ItemEntityMixin from servercore.common.mixins.json into net.minecraft.world.entity.item.ItemEntity
[2112月2025 13:19:35.109] [main/DEBUG] [mixin/]: servercore.common.mixins.json:features.merging.ItemEntityMixin: Class version 61 required is higher than the class version supported by the current version of Mixin (JAVA_16 supports class version 60)
[2112月2025 13:19:35.109] [main/DEBUG] [mixin/]: Mixing entity.stack.item.ItemEntityMixin from tritium.mixins.json into net.minecraft.world.entity.item.ItemEntity
[2112月2025 13:19:35.111] [main/DEBUG] [mixin/]: Renaming synthetic method lambda$tritium$findMergeableItems$0(Lnet/minecraft/world/entity/item/ItemEntity;ILjava/util/List;Lnet/minecraft/world/entity/item/ItemEntity;)Z to mdf407cb$lambda$tritium$findMergeableItems$0$0 in tritium.mixins.json:entity.stack.item.ItemEntityMixin
[2112月2025 13:19:35.116] [main/DEBUG] [net.minecraftforge.coremod.transformer.CoreModBaseTransformer/COREMOD]: Transforming getEnchantmentLevel with desc (Lnet/minecraft/world/item/enchantment/Enchantment;)I
[2112月2025 13:19:35.119] [main/INFO] [net.minecraftforge.coremod.CoreMod.placebo/COREMODLOG]: Patching IForgeItemStack#getEnchantmentLevel
[2112月2025 13:19:35.120] [main/DEBUG] [net.minecraftforge.coremod.transformer.CoreModBaseTransformer/COREMOD]: Transforming getAllEnchantments with desc ()Ljava/util/Map;
[2112月2025 13:19:35.122] [main/INFO] [net.minecraftforge.coremod.CoreMod.placebo/COREMODLOG]: Patching IForgeItemStack#getEnchantmentLevel
[2112月2025 13:19:35.140] [main/DEBUG] [mixin/]: Mixing bugfix.concurrency.ForgeRegistryTagManagerMixin from modernfix-forge.mixins.json into net.minecraftforge.registries.ForgeRegistryTagManager
[2112月2025 13:19:35.152] [main/DEBUG] [mixin/]: Mixing bugfix.concurrency.NamespacedWrapperMixin from modernfix-forge.mixins.json into net.minecraftforge.registries.NamespacedWrapper
[2112月2025 13:19:35.152] [main/DEBUG] [mixin/]: Mixing perf.fast_forge_dummies.NamespacedHolderHelperMixin from modernfix-forge.mixins.json into net.minecraftforge.registries.NamespacedWrapper
[2112月2025 13:19:35.165] [main/DEBUG] [mixin/]: Mixing item.ItemMixin from mixin.tt20.json into net.minecraft.world.item.Item
[2112月2025 13:19:35.165] [main/DEBUG] [mixin/]: Mixing perf.forge_registry_alloc.DelegateHolderMixin from modernfix-forge.mixins.json into net.minecraft.world.item.Item
[2112月2025 13:19:35.179] [main/DEBUG] [net.minecraftforge.coremod.transformer.CoreModBaseTransformer/COREMOD]: Transforming net/minecraft/world/entity/EntityType
[2112月2025 13:19:35.194] [main/DEBUG] [mixin/]: Mixing tickstop.EntityTypeMixin from tritium.mixins.json into net.minecraft.world.entity.EntityType
[2112月2025 13:19:35.202] [main/DEBUG] [mixin/]: Mixing ai.poi.PointOfInterestTypesMixin from lithium.mixins.json into net.minecraftforge.registries.GameData$PointOfInterestTypeCallbacks
[2112月2025 13:19:35.202] [main/DEBUG] [mixin/]: lithium.mixins.json:ai.poi.PointOfInterestTypesMixin: Class version 61 required is higher than the class version supported by the current version of Mixin (JAVA_16 supports class version 60)
[2112月2025 13:19:35.221] [main/DEBUG] [mixin/]: Mixing perf.dynamic_dfu.BlockEntityTypeMixin from modernfix-common.mixins.json into net.minecraft.world.level.block.entity.BlockEntityType
[2112月2025 13:19:35.291] [main/DEBUG] [mixin/]: Mixing WorldCarverMixin from tectonic.mixins.json into net.minecraft.world.level.levelgen.carver.WorldCarver
[2112月2025 13:19:35.328] [main/DEBUG] [mixin/]: Mixing perf.memoize_creative_tab_build.CreativeModeTabMixin from modernfix-common.mixins.json into net.minecraft.world.item.CreativeModeTab
[2112月2025 13:19:35.335] [main/DEBUG] [mixin/]: Mixing common.block.MixinFireBlock from eclipticseasons.mixins.json into net.minecraft.world.level.block.FireBlock
[2112月2025 13:19:35.346] [main/DEBUG] [mixin/]: Mixing math.fast_blockpos.DirectionMixin from lithium.mixins.json into net.minecraft.core.Direction
[2112月2025 13:19:35.346] [main/DEBUG] [mixin/]: lithium.mixins.json:math.fast_blockpos.DirectionMixin: Class version 61 required is higher than the class version supported by the current version of Mixin (JAVA_16 supports class version 60)
[2112月2025 13:19:35.346] [main/DEBUG] [mixin/]: Mixing math.fast_util.DirectionMixin from lithium.mixins.json into net.minecraft.core.Direction
[2112月2025 13:19:35.346] [main/DEBUG] [mixin/]: lithium.mixins.json:math.fast_util.DirectionMixin: Class version 61 required is higher than the class version supported by the current version of Mixin (JAVA_16 supports class version 60)
[2112月2025 13:19:35.388] [main/DEBUG] [mixin/]: Mixing block.moving_block_shapes.VoxelShapeMixin from lithium.mixins.json into net.minecraft.world.phys.shapes.VoxelShape
[2112月2025 13:19:35.388] [main/DEBUG] [mixin/]: lithium.mixins.json:block.moving_block_shapes.VoxelShapeMixin: Class version 61 required is higher than the class version supported by the current version of Mixin (JAVA_16 supports class version 60)
[2112月2025 13:19:35.389] [main/DEBUG] [mixin/]: Mixing shapes.specialized_shapes.VoxelShapeMixin from lithium.mixins.json into net.minecraft.world.phys.shapes.VoxelShape
[2112月2025 13:19:35.389] [main/DEBUG] [mixin/]: lithium.mixins.json:shapes.specialized_shapes.VoxelShapeMixin: Class version 61 required is higher than the class version supported by the current version of Mixin (JAVA_16 supports class version 60)
[2112月2025 13:19:35.391] [main/DEBUG] [mixin/]: Mixing VoxelShapeAccessor from creativecore.mixins.json into net.minecraft.world.phys.shapes.VoxelShape
[2112月2025 13:19:35.392] [main/DEBUG] [mixin/]: Mixing VoxelShapeAccess from ferritecore.blockstatecache.mixin.json into net.minecraft.world.phys.shapes.VoxelShape
[2112月2025 13:19:35.399] [main/DEBUG] [mixin/]: Unexpected: Registered method setShape(Lnet/minecraft/world/phys/shapes/DiscreteVoxelShape;)V in net.minecraft.world.phys.shapes.VoxelShape was not merged
[2112月2025 13:19:35.404] [main/DEBUG] [mixin/]: Mixing shapes.optimized_matching.VoxelShapesMixin from lithium.mixins.json into net.minecraft.world.phys.shapes.Shapes
[2112月2025 13:19:35.404] [main/DEBUG] [mixin/]: lithium.mixins.json:shapes.optimized_matching.VoxelShapesMixin: Class version 61 required is higher than the class version supported by the current version of Mixin (JAVA_16 supports class version 60)
[2112月2025 13:19:35.405] [main/DEBUG] [mixin/]: Mixing shapes.shape_merging.VoxelShapesMixin from lithium.mixins.json into net.minecraft.world.phys.shapes.Shapes
[2112月2025 13:19:35.405] [main/DEBUG] [mixin/]: lithium.mixins.json:shapes.shape_merging.VoxelShapesMixin: Class version 61 required is higher than the class version supported by the current version of Mixin (JAVA_16 supports class version 60)
[2112月2025 13:19:35.405] [main/DEBUG] [mixin/]: Mixing shapes.specialized_shapes.VoxelShapesMixin from lithium.mixins.json into net.minecraft.world.phys.shapes.Shapes
[2112月2025 13:19:35.405] [main/DEBUG] [mixin/]: lithium.mixins.json:shapes.specialized_shapes.VoxelShapesMixin: Class version 61 required is higher than the class version supported by the current version of Mixin (JAVA_16 supports class version 60)
[2112月2025 13:19:35.407] [main/DEBUG] [mixin/]: Mixing ShapesMixin from creativecore.mixins.json into net.minecraft.world.phys.shapes.Shapes
[2112月2025 13:19:35.422] [main/DEBUG] [mixin/]: Mixing DiscreteVSAccess from ferritecore.blockstatecache.mixin.json into net.minecraft.world.phys.shapes.DiscreteVoxelShape
[2112月2025 13:19:35.423] [main/DEBUG] [mixin/]: Mixing BitSetDVSAccess from ferritecore.blockstatecache.mixin.json into net.minecraft.world.phys.shapes.BitSetDiscreteVoxelShape
[2112月2025 13:19:35.425] [main/DEBUG] [mixin/]: Mixing ArrayVSAccess from ferritecore.blockstatecache.mixin.json into net.minecraft.world.phys.shapes.ArrayVoxelShape
[2112月2025 13:19:35.426] [main/DEBUG] [mixin/]: Mixing SliceShapeAccess from ferritecore.blockstatecache.mixin.json into net.minecraft.world.phys.shapes.SliceShape
[2112月2025 13:19:35.428] [main/DEBUG] [mixin/]: Mixing shapes.precompute_shape_arrays.SimpleVoxelShapeMixin from lithium.mixins.json into net.minecraft.world.phys.shapes.CubeVoxelShape
[2112月2025 13:19:35.428] [main/DEBUG] [mixin/]: lithium.mixins.json:shapes.precompute_shape_arrays.SimpleVoxelShapeMixin: Class version 61 required is higher than the class version supported by the current version of Mixin (JAVA_16 supports class version 60)
[2112月2025 13:19:35.432] [main/DEBUG] [mixin/]: Mixing shapes.precompute_shape_arrays.FractionalDoubleListMixin from lithium.mixins.json into net.minecraft.world.phys.shapes.CubePointRange
[2112月2025 13:19:35.432] [main/DEBUG] [mixin/]: lithium.mixins.json:shapes.precompute_shape_arrays.FractionalDoubleListMixin: Class version 61 required is higher than the class version supported by the current version of Mixin (JAVA_16 supports class version 60)
[2112月2025 13:19:35.549] [main/DEBUG] [mixin/]: Mixing perf.reduce_blockstate_cache_rebuilds.BlocksMixin from modernfix-common.mixins.json into net.minecraft.world.level.block.Blocks
[2112月2025 13:19:35.549] [main/DEBUG] [mixin/]: Renaming synthetic method lambda$getEmptyConsumer$0(Ljava/lang/Object;)V to mdf407cb$lambda$getEmptyConsumer$0$0 in modernfix-common.mixins.json:perf.reduce_blockstate_cache_rebuilds.BlocksMixin
[2112月2025 13:19:35.567] [main/DEBUG] [net.minecraftforge.coremod.transformer.CoreModBaseTransformer/COREMOD]: Transforming net/minecraft/world/level/block/LiquidBlock
[2112月2025 13:19:35.579] [main/DEBUG] [mixin/]: Mixing alloc.enum_values.piston_block.PistonBlockMixin from lithium.mixins.json into net.minecraft.world.level.block.piston.PistonBaseBlock
[2112月2025 13:19:35.579] [main/DEBUG] [mixin/]: lithium.mixins.json:alloc.enum_values.piston_block.PistonBlockMixin: Class version 61 required is higher than the class version supported by the current version of Mixin (JAVA_16 supports class version 60)
[2112月2025 13:19:35.587] [main/DEBUG] [net.minecraftforge.coremod.transformer.CoreModBaseTransformer/COREMOD]: Transforming net/minecraft/world/level/block/StairBlock
[2112月2025 13:19:35.592] [main/DEBUG] [mixin/]: Mixing alloc.enum_values.redstone_wire.RedstoneWireBlockMixin from lithium.mixins.json into net.minecraft.world.level.block.RedStoneWireBlock
[2112月2025 13:19:35.592] [main/DEBUG] [mixin/]: lithium.mixins.json:alloc.enum_values.redstone_wire.RedstoneWireBlockMixin: Class version 61 required is higher than the class version supported by the current version of Mixin (JAVA_16 supports class version 60)
[2112月2025 13:19:35.592] [main/DEBUG] [mixin/]: Mixing block.redstone_wire.RedstoneWireBlockMixin from lithium.mixins.json into net.minecraft.world.level.block.RedStoneWireBlock
[2112月2025 13:19:35.592] [main/DEBUG] [mixin/]: lithium.mixins.json:block.redstone_wire.RedstoneWireBlockMixin: Class version 61 required is higher than the class version supported by the current version of Mixin (JAVA_16 supports class version 60)
[2112月2025 13:19:35.597] [main/DEBUG] [mixin/]: Mixing CropPlacerMixin from ru.mixin.json into net.minecraft.world.level.block.CropBlock
[2112月2025 13:19:35.614] [main/DEBUG] [mixin/]: Mixing NetherrackBlockMixin from ru.mixin.json into net.minecraft.world.level.block.NetherrackBlock
[2112月2025 13:19:35.616] [main/DEBUG] [mixin/]: Mixing features.mob_spawning.NetherPortalBlockMixin from servercore.common.mixins.json into net.minecraft.world.level.block.NetherPortalBlock
[2112月2025 13:19:35.616] [main/DEBUG] [mixin/]: servercore.common.mixins.json:features.mob_spawning.NetherPortalBlockMixin: Class version 61 required is higher than the class version supported by the current version of Mixin (JAVA_16 supports class version 60)
[2112月2025 13:19:35.627] [main/DEBUG] [mixin/]: Mixing common.block.MixinLayeredCauldronBlock from eclipticseasons.mixins.json into net.minecraft.world.level.block.LayeredCauldronBlock
[2112月2025 13:19:35.633] [main/DEBUG] [mixin/]: Mixing perf.deduplicate_wall_shapes.WallBlockMixin from modernfix-common.mixins.json into net.minecraft.world.level.block.WallBlock
[2112月2025 13:19:35.638] [main/DEBUG] [net.minecraftforge.coremod.transformer.CoreModBaseTransformer/COREMOD]: Transforming net/minecraft/world/level/block/FlowerPotBlock
[2112月2025 13:19:35.644] [main/DEBUG] [mixin/]: Mixing AnvilBlockMixin from placebo.mixins.json into net.minecraft.world.level.block.AnvilBlock
[2112月2025 13:19:35.646] [main/DEBUG] [mixin/]: Mixing util.inventory_comparator_tracking.ComparatorBlockMixin from lithium.mixins.json into net.minecraft.world.level.block.ComparatorBlock
[2112月2025 13:19:35.647] [main/DEBUG] [mixin/]: lithium.mixins.json:util.inventory_comparator_tracking.ComparatorBlockMixin: Class version 61 required is higher than the class version supported by the current version of Mixin (JAVA_16 supports class version 60)
[2112月2025 13:19:35.658] [main/DEBUG] [mixin/]: Mixing MCBUG.bee.TurtleEggBlockMixin from tritium.mixins.json into net.minecraft.world.level.block.TurtleEggBlock
[2112月2025 13:19:35.678] [main/DEBUG] [mixin/]: Mixing common.block.MixinLightningRodBlock from eclipticseasons.mixins.json into net.minecraft.world.level.block.LightningRodBlock
[2112月2025 13:19:35.712] [main/DEBUG] [mixin/]: Mixing perf.state_definition_construct.StateDefinitionMixin from modernfix-common.mixins.json into net.minecraft.world.level.block.state.StateDefinition
[2112月2025 13:19:35.722] [main/DEBUG] [mixin/]: Mixing fluid.WaterFluidMixin from mixin.tt20.json into net.minecraft.world.level.material.WaterFluid
[2112月2025 13:19:35.725] [main/DEBUG] [mixin/]: Mixing fluid.LavaFluidMixin from mixin.tt20.json into net.minecraft.world.level.material.LavaFluid
[2112月2025 13:19:35.726] [main/DEBUG] [mixin/]: Mixing block.flatten_states.FluidStateMixin from lithium.mixins.json into net.minecraft.world.level.material.FluidState
[2112月2025 13:19:35.726] [main/DEBUG] [mixin/]: lithium.mixins.json:block.flatten_states.FluidStateMixin: Class version 61 required is higher than the class version supported by the current version of Mixin (JAVA_16 supports class version 60)
[2112月2025 13:19:35.752] [main/DEBUG] [mixin/]: Mixing entity.inactive_navigations.MobEntityMixin from lithium.mixins.json into net.minecraft.world.entity.Mob
[2112月2025 13:19:35.752] [main/DEBUG] [mixin/]: lithium.mixins.json:entity.inactive_navigations.MobEntityMixin: Class version 61 required is higher than the class version supported by the current version of Mixin (JAVA_16 supports class version 60)
[2112月2025 13:19:35.752] [main/DEBUG] [mixin/]: Mixing entity.skip_equipment_change_check.MobEntityMixin from lithium.mixins.json into net.minecraft.world.entity.Mob
[2112月2025 13:19:35.752] [main/DEBUG] [mixin/]: lithium.mixins.json:entity.skip_equipment_change_check.MobEntityMixin: Class version 61 required is higher than the class version supported by the current version of Mixin (JAVA_16 supports class version 60)
[2112月2025 13:19:35.753] [main/DEBUG] [mixin/]: Mixing features.activation_range.inactive_ticks.MobMixin from servercore.common.mixins.json into net.minecraft.world.entity.Mob
[2112月2025 13:19:35.753] [main/DEBUG] [mixin/]: servercore.common.mixins.json:features.activation_range.inactive_ticks.MobMixin: Class version 61 required is higher than the class version supported by the current version of Mixin (JAVA_16 supports class version 60)
[2112月2025 13:19:35.759] [main/DEBUG] [mixin/]: Mixing util.inventory_change_listening.BlockEntityMixin from lithium.mixins.json into net.minecraft.world.level.block.entity.BlockEntity
[2112月2025 13:19:35.759] [main/DEBUG] [mixin/]: lithium.mixins.json:util.inventory_change_listening.BlockEntityMixin: Class version 61 required is higher than the class version supported by the current version of Mixin (JAVA_16 supports class version 60)
[2112月2025 13:19:35.760] [main/DEBUG] [mixin/]: Mixing util.inventory_comparator_tracking.BlockEntityMixin from lithium.mixins.json into net.minecraft.world.level.block.entity.BlockEntity
[2112月2025 13:19:35.760] [main/DEBUG] [mixin/]: lithium.mixins.json:util.inventory_comparator_tracking.BlockEntityMixin: Class version 61 required is higher than the class version supported by the current version of Mixin (JAVA_16 supports class version 60)
[2112月2025 13:19:35.763] [main/DEBUG] [net.minecraftforge.coremod.transformer.CoreModBaseTransformer/COREMOD]: Transforming net/minecraft/world/item/ItemStack
[2112月2025 13:19:35.764] [main/DEBUG] [mixin/]: Mixing ItemStackMixin from placebo.mixins.json into net.minecraft.world.item.ItemStack
[2112月2025 13:19:35.764] [main/DEBUG] [mixin/]: Renaming synthetic method lambda$getOrCreate$0(Ljava/util/function/Function;Ljava/util/function/ToIntFunction;Lnet/minecraft/resources/ResourceLocation;)Ldev/shadowsoffire/placebo/util/CachedObject; to mdf407cb$lambda$getOrCreate$0$0 in placebo.mixins.json:ItemStackMixin
[2112月2025 13:19:35.767] [main/DEBUG] [mixin/]: Mixing entity.stack.item.ItemStackMixin from tritium.mixins.json into net.minecraft.world.item.ItemStack
[2112月2025 13:19:35.770] [main/DEBUG] [net.minecraftforge.coremod.transformer.CoreModBaseTransformer/COREMOD]: Transforming getEnchantmentLevel with desc (Lnet/minecraft/world/item/enchantment/Enchantment;)I
[2112月2025 13:19:35.771] [main/INFO] [net.minecraftforge.coremod.CoreMod.placebo/COREMODLOG]: Patching IForgeItemStack#getEnchantmentLevel
[2112月2025 13:19:35.771] [main/DEBUG] [net.minecraftforge.coremod.transformer.CoreModBaseTransformer/COREMOD]: Transforming getAllEnchantments with desc ()Ljava/util/Map;
[2112月2025 13:19:35.771] [main/INFO] [net.minecraftforge.coremod.CoreMod.placebo/COREMODLOG]: Patching IForgeItemStack#getEnchantmentLevel
[2112月2025 13:19:35.774] [main/DEBUG] [mixin/]: Mixing world.explosions.ExplosionMixin from lithium.mixins.json into net.minecraft.world.level.Explosion
[2112月2025 13:19:35.775] [main/DEBUG] [mixin/]: lithium.mixins.json:world.explosions.ExplosionMixin: Class version 61 required is higher than the class version supported by the current version of Mixin (JAVA_16 supports class version 60)
[2112月2025 13:19:35.804] [main/INFO] [net.minecraft.server.Bootstrap/]: Vanilla bootstrap took 1351 milliseconds
[2112月2025 13:19:35.825] [main/DEBUG] [io.netty.util.internal.PlatformDependent0/]: -Dio.netty.noUnsafe: false
[2112月2025 13:19:35.825] [main/DEBUG] [io.netty.util.internal.PlatformDependent0/]: Java version: 21
[2112月2025 13:19:35.826] [main/DEBUG] [io.netty.util.internal.PlatformDependent0/]: sun.misc.Unsafe.theUnsafe: available
[2112月2025 13:19:35.827] [main/DEBUG] [io.netty.util.internal.PlatformDependent0/]: sun.misc.Unsafe.copyMemory: available
[2112月2025 13:19:35.828] [main/DEBUG] [io.netty.util.internal.PlatformDependent0/]: sun.misc.Unsafe.storeFence: available
[2112月2025 13:19:35.829] [main/DEBUG] [io.netty.util.internal.PlatformDependent0/]: java.nio.Buffer.address: available
[2112月2025 13:19:35.829] [main/DEBUG] [io.netty.util.internal.PlatformDependent0/]: direct buffer constructor: unavailable
java.lang.NoSuchMethodException: java.nio.DirectByteBuffer.<init>(long,int)
	at java.lang.Class.getConstructor0(Class.java:3763) ~[?:?]
	at java.lang.Class.getDeclaredConstructor(Class.java:2932) ~[?:?]
	at io.netty.util.internal.PlatformDependent0$5.run(PlatformDependent0.java:287) ~[netty-common-4.1.82.Final.jar%2382!/:4.1.82.Final]
	at java.security.AccessController.doPrivileged(AccessController.java:319) ~[?:?]
	at io.netty.util.internal.PlatformDependent0.<clinit>(PlatformDependent0.java:282) ~[netty-common-4.1.82.Final.jar%2382!/:4.1.82.Final]
	at io.netty.util.internal.PlatformDependent.isAndroid(PlatformDependent.java:333) ~[netty-common-4.1.82.Final.jar%2382!/:4.1.82.Final]
	at io.netty.util.internal.PlatformDependent.<clinit>(PlatformDependent.java:88) ~[netty-common-4.1.82.Final.jar%2382!/:4.1.82.Final]
	at io.netty.util.ConstantPool.<init>(ConstantPool.java:34) ~[netty-common-4.1.82.Final.jar%2382!/:4.1.82.Final]
	at io.netty.util.AttributeKey$1.<init>(AttributeKey.java:27) ~[netty-common-4.1.82.Final.jar%2382!/:4.1.82.Final]
	at io.netty.util.AttributeKey.<clinit>(AttributeKey.java:27) ~[netty-common-4.1.82.Final.jar%2382!/:4.1.82.Final]
	at net.minecraftforge.network.NetworkConstants.<clinit>(NetworkConstants.java:34) ~[forge-1.20.1-47.4.10-universal.jar%23180!/:?]
	at net.minecraft.server.Bootstrap.handler$zlc000$doClassloadHack(Bootstrap.java:1034) ~[server-1.20.1-20230612.114412-srg.jar%23175!/:?]
	at net.minecraft.server.Bootstrap.m_135870_(Bootstrap.java:69) ~[server-1.20.1-20230612.114412-srg.jar%23175!/:?]
	at net.minecraftforge.registries.ForgeRegistries.init(ForgeRegistries.java:212) ~[forge-1.20.1-47.4.10-universal.jar%23180!/:?]
	at net.minecraftforge.registries.ForgeRegistries.<clinit>(ForgeRegistries.java:65) ~[forge-1.20.1-47.4.10-universal.jar%23180!/:?]
	at net.minecraft.world.level.block.LiquidBlock.<init>(LiquidBlock.java:53) ~[server-1.20.1-20230612.114412-srg.jar%23175!/:?]
	at net.minecraft.world.level.block.Blocks.<clinit>(Blocks.java:77) ~[server-1.20.1-20230612.114412-srg.jar%23175!/:?]
	at net.minecraft.world.level.block.FireBlock.m_53484_(FireBlock.java:301) ~[server-1.20.1-20230612.114412-srg.jar%23175!/:?]
	at net.minecraft.server.Bootstrap.m_135870_(Bootstrap.java:46) ~[server-1.20.1-20230612.114412-srg.jar%23175!/:?]
	at net.minecraft.server.Main.main(Main.java:121) ~[server-1.20.1-20230612.114412-srg.jar%23175!/:?]
	at jdk.internal.reflect.DirectMethodHandleAccessor.invoke(DirectMethodHandleAccessor.java:103) ~[?:?]
	at java.lang.reflect.Method.invoke(Method.java:580) ~[?:?]
	at net.minecraftforge.fml.loading.targets.CommonLaunchHandler.runTarget(CommonLaunchHandler.java:111) ~[fmlloader-1.20.1-47.4.10.jar%2369!/:?]
	at net.minecraftforge.fml.loading.targets.CommonLaunchHandler.serverService(CommonLaunchHandler.java:103) ~[fmlloader-1.20.1-47.4.10.jar%2369!/:?]
	at net.minecraftforge.fml.loading.targets.CommonServerLaunchHandler.lambda$makeService$0(CommonServerLaunchHandler.java:27) ~[fmlloader-1.20.1-47.4.10.jar%2369!/:?]
	at cpw.mods.modlauncher.LaunchServiceHandlerDecorator.launch(LaunchServiceHandlerDecorator.java:30) ~[modlauncher-10.0.9.jar%2355!/:?]
	at cpw.mods.modlauncher.LaunchServiceHandler.launch(LaunchServiceHandler.java:53) ~[modlauncher-10.0.9.jar%2355!/:?]
	at cpw.mods.modlauncher.LaunchServiceHandler.launch(LaunchServiceHandler.java:71) ~[modlauncher-10.0.9.jar%2355!/:?]
	at cpw.mods.modlauncher.Launcher.run(Launcher.java:108) ~[modlauncher-10.0.9.jar%2355!/:?]
	at cpw.mods.modlauncher.Launcher.main(Launcher.java:78) ~[modlauncher-10.0.9.jar%2355!/:?]
	at cpw.mods.modlauncher.BootstrapLaunchConsumer.accept(BootstrapLaunchConsumer.java:26) ~[modlauncher-10.0.9.jar%2355!/:?]
	at cpw.mods.modlauncher.BootstrapLaunchConsumer.accept(BootstrapLaunchConsumer.java:23) ~[modlauncher-10.0.9.jar%2355!/:?]
	at cpw.mods.bootstraplauncher.BootstrapLauncher.main(BootstrapLauncher.java:141) ~[bootstraplauncher-1.1.2.jar:?]
[2112月2025 13:19:35.831] [main/DEBUG] [io.netty.util.internal.PlatformDependent0/]: java.nio.Bits.unaligned: available, true
[2112月2025 13:19:35.832] [main/DEBUG] [io.netty.util.internal.PlatformDependent0/]: jdk.internal.misc.Unsafe.allocateUninitializedArray(int): unavailable
java.lang.IllegalAccessException: class io.netty.util.internal.PlatformDependent0$7 (in module io.netty.common) cannot access class jdk.internal.misc.Unsafe (in module java.base) because module java.base does not export jdk.internal.misc to module io.netty.common
	at jdk.internal.reflect.Reflection.newIllegalAccessException(Reflection.java:394) ~[?:?]
	at java.lang.reflect.AccessibleObject.checkAccess(AccessibleObject.java:714) ~[?:?]
	at java.lang.reflect.Method.invoke(Method.java:571) ~[?:?]
	at io.netty.util.internal.PlatformDependent0$7.run(PlatformDependent0.java:410) ~[netty-common-4.1.82.Final.jar%2382!/:4.1.82.Final]
	at java.security.AccessController.doPrivileged(AccessController.java:319) ~[?:?]
	at io.netty.util.internal.PlatformDependent0.<clinit>(PlatformDependent0.java:401) ~[netty-common-4.1.82.Final.jar%2382!/:4.1.82.Final]
	at io.netty.util.internal.PlatformDependent.isAndroid(PlatformDependent.java:333) ~[netty-common-4.1.82.Final.jar%2382!/:4.1.82.Final]
	at io.netty.util.internal.PlatformDependent.<clinit>(PlatformDependent.java:88) ~[netty-common-4.1.82.Final.jar%2382!/:4.1.82.Final]
	at io.netty.util.ConstantPool.<init>(ConstantPool.java:34) ~[netty-common-4.1.82.Final.jar%2382!/:4.1.82.Final]
	at io.netty.util.AttributeKey$1.<init>(AttributeKey.java:27) ~[netty-common-4.1.82.Final.jar%2382!/:4.1.82.Final]
	at io.netty.util.AttributeKey.<clinit>(AttributeKey.java:27) ~[netty-common-4.1.82.Final.jar%2382!/:4.1.82.Final]
	at net.minecraftforge.network.NetworkConstants.<clinit>(NetworkConstants.java:34) ~[forge-1.20.1-47.4.10-universal.jar%23180!/:?]
	at net.minecraft.server.Bootstrap.handler$zlc000$doClassloadHack(Bootstrap.java:1034) ~[server-1.20.1-20230612.114412-srg.jar%23175!/:?]
	at net.minecraft.server.Bootstrap.m_135870_(Bootstrap.java:69) ~[server-1.20.1-20230612.114412-srg.jar%23175!/:?]
	at net.minecraftforge.registries.ForgeRegistries.init(ForgeRegistries.java:212) ~[forge-1.20.1-47.4.10-universal.jar%23180!/:?]
	at net.minecraftforge.registries.ForgeRegistries.<clinit>(ForgeRegistries.java:65) ~[forge-1.20.1-47.4.10-universal.jar%23180!/:?]
	at net.minecraft.world.level.block.LiquidBlock.<init>(LiquidBlock.java:53) ~[server-1.20.1-20230612.114412-srg.jar%23175!/:?]
	at net.minecraft.world.level.block.Blocks.<clinit>(Blocks.java:77) ~[server-1.20.1-20230612.114412-srg.jar%23175!/:?]
	at net.minecraft.world.level.block.FireBlock.m_53484_(FireBlock.java:301) ~[server-1.20.1-20230612.114412-srg.jar%23175!/:?]
	at net.minecraft.server.Bootstrap.m_135870_(Bootstrap.java:46) ~[server-1.20.1-20230612.114412-srg.jar%23175!/:?]
	at net.minecraft.server.Main.main(Main.java:121) ~[server-1.20.1-20230612.114412-srg.jar%23175!/:?]
	at jdk.internal.reflect.DirectMethodHandleAccessor.invoke(DirectMethodHandleAccessor.java:103) ~[?:?]
	at java.lang.reflect.Method.invoke(Method.java:580) ~[?:?]
	at net.minecraftforge.fml.loading.targets.CommonLaunchHandler.runTarget(CommonLaunchHandler.java:111) ~[fmlloader-1.20.1-47.4.10.jar%2369!/:?]
	at net.minecraftforge.fml.loading.targets.CommonLaunchHandler.serverService(CommonLaunchHandler.java:103) ~[fmlloader-1.20.1-47.4.10.jar%2369!/:?]
	at net.minecraftforge.fml.loading.targets.CommonServerLaunchHandler.lambda$makeService$0(CommonServerLaunchHandler.java:27) ~[fmlloader-1.20.1-47.4.10.jar%2369!/:?]
	at cpw.mods.modlauncher.LaunchServiceHandlerDecorator.launch(LaunchServiceHandlerDecorator.java:30) ~[modlauncher-10.0.9.jar%2355!/:?]
	at cpw.mods.modlauncher.LaunchServiceHandler.launch(LaunchServiceHandler.java:53) ~[modlauncher-10.0.9.jar%2355!/:?]
	at cpw.mods.modlauncher.LaunchServiceHandler.launch(LaunchServiceHandler.java:71) ~[modlauncher-10.0.9.jar%2355!/:?]
	at cpw.mods.modlauncher.Launcher.run(Launcher.java:108) ~[modlauncher-10.0.9.jar%2355!/:?]
	at cpw.mods.modlauncher.Launcher.main(Launcher.java:78) ~[modlauncher-10.0.9.jar%2355!/:?]
	at cpw.mods.modlauncher.BootstrapLaunchConsumer.accept(BootstrapLaunchConsumer.java:26) ~[modlauncher-10.0.9.jar%2355!/:?]
	at cpw.mods.modlauncher.BootstrapLaunchConsumer.accept(BootstrapLaunchConsumer.java:23) ~[modlauncher-10.0.9.jar%2355!/:?]
	at cpw.mods.bootstraplauncher.BootstrapLauncher.main(BootstrapLauncher.java:141) ~[bootstraplauncher-1.1.2.jar:?]
[2112月2025 13:19:35.834] [main/DEBUG] [io.netty.util.internal.PlatformDependent0/]: java.nio.DirectByteBuffer.<init>(long, int): unavailable
[2112月2025 13:19:35.834] [main/DEBUG] [io.netty.util.internal.PlatformDependent/]: sun.misc.Unsafe: available
[2112月2025 13:19:35.834] [main/DEBUG] [io.netty.util.internal.PlatformDependent/]: maxDirectMemory: 8539602944 bytes (maybe)
[2112月2025 13:19:35.834] [main/DEBUG] [io.netty.util.internal.PlatformDependent/]: -Dio.netty.tmpdir: C:\Users\hanhanyu\AppData\Local\Temp (java.io.tmpdir)
[2112月2025 13:19:35.834] [main/DEBUG] [io.netty.util.internal.PlatformDependent/]: -Dio.netty.bitMode: 64 (sun.arch.data.model)
[2112月2025 13:19:35.835] [main/DEBUG] [io.netty.util.internal.PlatformDependent/]: Platform: Windows
[2112月2025 13:19:35.836] [main/DEBUG] [io.netty.util.internal.PlatformDependent/]: -Dio.netty.maxDirectMemory: -1 bytes
[2112月2025 13:19:35.836] [main/DEBUG] [io.netty.util.internal.PlatformDependent/]: -Dio.netty.uninitializedArrayAllocationThreshold: -1
[2112月2025 13:19:35.838] [main/DEBUG] [io.netty.util.internal.CleanerJava9/]: java.nio.ByteBuffer.cleaner(): available
[2112月2025 13:19:35.838] [main/DEBUG] [io.netty.util.internal.PlatformDependent/]: -Dio.netty.noPreferDirect: false
[2112月2025 13:19:35.870] [main/DEBUG] [mixin/]: Mixing network.microopt.FriendlyByteBufMixin from krypton_fnp.mixins.json into net.minecraft.network.FriendlyByteBuf
[2112月2025 13:19:35.982] [main/DEBUG] [mixin/]: Mixing util.inventory_change_listening.StackListReplacementTracking$InventoryChangeTrackingDispenserBlockEntity from lithium.mixins.json into net.minecraft.world.level.block.entity.DispenserBlockEntity
[2112月2025 13:19:35.983] [main/DEBUG] [mixin/]: lithium.mixins.json:util.inventory_change_listening.StackListReplacementTracking$InventoryChangeTrackingDispenserBlockEntity: Class version 61 required is higher than the class version supported by the current version of Mixin (JAVA_16 supports class version 60)
[2112月2025 13:19:35.985] [main/DEBUG] [mixin/]: Mixing util.inventory_change_listening.LockableContainerBlockEntityMixin from lithium.mixins.json into net.minecraft.world.level.block.entity.BaseContainerBlockEntity
[2112月2025 13:19:35.985] [main/DEBUG] [mixin/]: lithium.mixins.json:util.inventory_change_listening.LockableContainerBlockEntityMixin: Class version 61 required is higher than the class version supported by the current version of Mixin (JAVA_16 supports class version 60)
[2112月2025 13:19:35.986] [main/DEBUG] [mixin/]: Renaming synthetic method lambda$emitFirstComparatorAdded$0(Lme/jellysquid/mods/lithium/common/block/entity/inventory_change_tracking/InventoryChangeListener;)Z to mdf407cb$lambda$emitFirstComparatorAdded$0$0 in lithium.mixins.json:util.inventory_change_listening.LockableContainerBlockEntityMixin
[2112月2025 13:19:35.992] [main/DEBUG] [mixin/]: Mixing util.inventory_change_listening.StackListReplacementTracking$StackListReplacementTrackingLockableContainerBlockEntity from lithium.mixins.json into net.minecraft.world.level.block.entity.BaseContainerBlockEntity
[2112月2025 13:19:35.992] [main/DEBUG] [mixin/]: lithium.mixins.json:util.inventory_change_listening.StackListReplacementTracking$StackListReplacementTrackingLockableContainerBlockEntity: Class version 61 required is higher than the class version supported by the current version of Mixin (JAVA_16 supports class version 60)
[2112月2025 13:19:36.019] [main/DEBUG] [mixin/]: Mixing math.fast_util.AxisCycleDirectionMixin$ForwardMixin from lithium.mixins.json into net.minecraft.core.AxisCycle$2
[2112月2025 13:19:36.019] [main/DEBUG] [mixin/]: lithium.mixins.json:math.fast_util.AxisCycleDirectionMixin$ForwardMixin: Class version 61 required is higher than the class version supported by the current version of Mixin (JAVA_16 supports class version 60)
[2112月2025 13:19:36.020] [main/DEBUG] [mixin/]: Mixing math.fast_util.AxisCycleDirectionMixin$BackwardMixin from lithium.mixins.json into net.minecraft.core.AxisCycle$3
[2112月2025 13:19:36.020] [main/DEBUG] [mixin/]: lithium.mixins.json:math.fast_util.AxisCycleDirectionMixin$BackwardMixin: Class version 61 required is higher than the class version supported by the current version of Mixin (JAVA_16 supports class version 60)
[2112月2025 13:19:36.034] [main/DEBUG] [mixin/]: Mixing entity.collisions.unpushable_cramming.AbstractMinecartEntityMixin from lithium.mixins.json into net.minecraft.world.entity.vehicle.AbstractMinecart
[2112月2025 13:19:36.035] [main/DEBUG] [mixin/]: lithium.mixins.json:entity.collisions.unpushable_cramming.AbstractMinecartEntityMixin: Class version 61 required is higher than the class version supported by the current version of Mixin (JAVA_16 supports class version 60)
[2112月2025 13:19:36.035] [main/DEBUG] [mixin/]: Mixing entity.replace_entitytype_predicates.AbstractMinecartEntityMixin from lithium.mixins.json into net.minecraft.world.entity.vehicle.AbstractMinecart
[2112月2025 13:19:36.035] [main/DEBUG] [mixin/]: lithium.mixins.json:entity.replace_entitytype_predicates.AbstractMinecartEntityMixin: Class version 61 required is higher than the class version supported by the current version of Mixin (JAVA_16 supports class version 60)
[2112月2025 13:19:36.035] [main/DEBUG] [mixin/]: Renaming synthetic method lambda$getOtherAbstractMinecarts$0(Lnet/minecraft/world/entity/Entity;Lnet/minecraft/world/entity/vehicle/AbstractMinecart;)Z to mdf407cb$lambda$getOtherAbstractMinecarts$0$0 in lithium.mixins.json:entity.replace_entitytype_predicates.AbstractMinecartEntityMixin
[2112月2025 13:19:36.042] [main/DEBUG] [mixin/]: Mixing math.fast_util.BoxMixin from lithium.mixins.json into net.minecraft.world.phys.AABB
[2112月2025 13:19:36.042] [main/DEBUG] [mixin/]: lithium.mixins.json:math.fast_util.BoxMixin: Class version 61 required is higher than the class version supported by the current version of Mixin (JAVA_16 supports class version 60)
[2112月2025 13:19:36.063] [main/DEBUG] [mixin/]: Mixing features.activation_range.fixes.PistonMovingBlockEntityMixin from servercore.common.mixins.json into net.minecraft.world.level.block.piston.PistonMovingBlockEntity
[2112月2025 13:19:36.063] [main/DEBUG] [mixin/]: servercore.common.mixins.json:features.activation_range.fixes.PistonMovingBlockEntityMixin: Class version 61 required is higher than the class version supported by the current version of Mixin (JAVA_16 supports class version 60)
[2112月2025 13:19:36.063] [main/DEBUG] [mixin/]: Mixing block.moving_block_shapes.PistonBlockEntityMixin from lithium.mixins.json into net.minecraft.world.level.block.piston.PistonMovingBlockEntity
[2112月2025 13:19:36.063] [main/DEBUG] [mixin/]: lithium.mixins.json:block.moving_block_shapes.PistonBlockEntityMixin: Class version 61 required is higher than the class version supported by the current version of Mixin (JAVA_16 supports class version 60)
[2112月2025 13:19:36.077] [main/DEBUG] [mixin/]: Mixing TrunkPlacerDirtMixin from ru.mixin.json into net.minecraft.world.level.levelgen.feature.trunkplacers.TrunkPlacer
[2112月2025 13:19:36.078] [main/DEBUG] [mixin/]: Renaming synthetic method lambda$isAlphaGrass$2(Lnet/minecraft/world/level/block/state/BlockState;)Z to mdf407cb$lambda$isAlphaGrass$2$0 in ru.mixin.json:TrunkPlacerDirtMixin
[2112月2025 13:19:36.078] [main/DEBUG] [mixin/]: Renaming synthetic method lambda$isPlainsGrass$1(Lnet/minecraft/world/level/block/state/BlockState;)Z to mdf407cb$lambda$isPlainsGrass$1$1 in ru.mixin.json:TrunkPlacerDirtMixin
[2112月2025 13:19:36.078] [main/DEBUG] [mixin/]: Renaming synthetic method lambda$isForestGrass$0(Lnet/minecraft/world/level/block/state/BlockState;)Z to mdf407cb$lambda$isForestGrass$0$2 in ru.mixin.json:TrunkPlacerDirtMixin
[2112月2025 13:19:36.138] [main/DEBUG] [mixin/]: Mixing util.inventory_change_listening.ChestBlockEntityMixin from lithium.mixins.json into net.minecraft.world.level.block.entity.ChestBlockEntity
[2112月2025 13:19:36.138] [main/DEBUG] [mixin/]: lithium.mixins.json:util.inventory_change_listening.ChestBlockEntityMixin: Class version 61 required is higher than the class version supported by the current version of Mixin (JAVA_16 supports class version 60)
[2112月2025 13:19:36.138] [main/DEBUG] [mixin/]: Mixing util.inventory_change_listening.StackListReplacementTracking$InventoryChangeTrackingChestBlockEntity from lithium.mixins.json into net.minecraft.world.level.block.entity.ChestBlockEntity
[2112月2025 13:19:36.138] [main/DEBUG] [mixin/]: lithium.mixins.json:util.inventory_change_listening.StackListReplacementTracking$InventoryChangeTrackingChestBlockEntity: Class version 61 required is higher than the class version supported by the current version of Mixin (JAVA_16 supports class version 60)
[2112月2025 13:19:36.150] [main/DEBUG] [mixin/]: Mixing AbstractContainerMenuInvoker from placebo.mixins.json into net.minecraft.world.inventory.AbstractContainerMenu
[2112月2025 13:19:36.152] [main/DEBUG] [mixin/]: Mixing MixinCraftingMenu from fastbench.mixins.json into net.minecraft.world.inventory.CraftingMenu
[2112月2025 13:19:36.152] [main/DEBUG] [mixin/]: Renaming synthetic method lambda$slotsChanged$0(Lnet/minecraft/world/level/Level;Lnet/minecraft/core/BlockPos;)V to mdf407cb$lambda$slotsChanged$0$0 in fastbench.mixins.json:MixinCraftingMenu
[2112月2025 13:19:36.153] [main/DEBUG] [mixin/]: Mixing AccessorCraftingMenu from polymorph.mixins.json into net.minecraft.world.inventory.CraftingMenu
[2112月2025 13:19:36.153] [main/DEBUG] [mixin/]: Mixing MixinCraftingMenu from polymorph.mixins.json into net.minecraft.world.inventory.CraftingMenu
[2112月2025 13:19:36.160] [main/DEBUG] [mixin/]: Mixing entity.stack.item.InventoryMixin from tritium.mixins.json into net.minecraft.world.entity.player.Inventory
[2112月2025 13:19:36.165] [main/DEBUG] [mixin/]: Mixing util.inventory_change_listening.StackListReplacementTracking$InventoryChangeTrackingAbstractFurnaceBlockEntity from lithium.mixins.json into net.minecraft.world.level.block.entity.AbstractFurnaceBlockEntity
[2112月2025 13:19:36.165] [main/DEBUG] [mixin/]: lithium.mixins.json:util.inventory_change_listening.StackListReplacementTracking$InventoryChangeTrackingAbstractFurnaceBlockEntity: Class version 61 required is higher than the class version supported by the current version of Mixin (JAVA_16 supports class version 60)
[2112月2025 13:19:36.165] [main/DEBUG] [mixin/]: Mixing AccessorAbstractFurnaceBlockEntity from polymorph.mixins.json into net.minecraft.world.level.block.entity.AbstractFurnaceBlockEntity
[2112月2025 13:19:36.165] [main/DEBUG] [mixin/]: Mixing MixinAbstractFurnaceBlockEntity from fastfurnace.mixins.json into net.minecraft.world.level.block.entity.AbstractFurnaceBlockEntity
[2112月2025 13:19:36.165] [main/DEBUG] [mixin/]: Mixing cache.AbstractFurnaceBlockEntityMixin from tritium.mixins.json into net.minecraft.world.level.block.entity.AbstractFurnaceBlockEntity
[2112月2025 13:19:36.236] [main/DEBUG] [mixin/]: Mixing common.entity.monster.MixinMonster from eclipticseasons.mixins.json into net.minecraft.world.entity.monster.Monster
[2112月2025 13:19:36.273] [main/DEBUG] [mixin/]: Mixing util.inventory_change_listening.StackListReplacementTracking$InventoryChangeTrackingBrewingStandBlockEntity from lithium.mixins.json into net.minecraft.world.level.block.entity.BrewingStandBlockEntity
[2112月2025 13:19:36.273] [main/DEBUG] [mixin/]: lithium.mixins.json:util.inventory_change_listening.StackListReplacementTracking$InventoryChangeTrackingBrewingStandBlockEntity: Class version 61 required is higher than the class version supported by the current version of Mixin (JAVA_16 supports class version 60)
[2112月2025 13:19:36.342] [main/DEBUG] [mixin/]: Mixing entity.replace_entitytype_predicates.ItemFrameEntityMixin from lithium.mixins.json into net.minecraft.world.entity.decoration.ItemFrame
[2112月2025 13:19:36.343] [main/DEBUG] [mixin/]: lithium.mixins.json:entity.replace_entitytype_predicates.ItemFrameEntityMixin: Class version 61 required is higher than the class version supported by the current version of Mixin (JAVA_16 supports class version 60)
[2112月2025 13:19:36.343] [main/DEBUG] [mixin/]: Renaming synthetic method lambda$getAbstractDecorationEntities$0(Lnet/minecraft/world/entity/Entity;Lnet/minecraft/world/entity/decoration/HangingEntity;)Z to mdf407cb$lambda$getAbstractDecorationEntities$0$0 in lithium.mixins.json:entity.replace_entitytype_predicates.ItemFrameEntityMixin
[2112月2025 13:19:36.350] [main/DEBUG] [mixin/]: Mixing entity.replace_entitytype_predicates.AbstractDecorationEntityMixin from lithium.mixins.json into net.minecraft.world.entity.decoration.HangingEntity
[2112月2025 13:19:36.350] [main/DEBUG] [mixin/]: lithium.mixins.json:entity.replace_entitytype_predicates.AbstractDecorationEntityMixin: Class version 61 required is higher than the class version supported by the current version of Mixin (JAVA_16 supports class version 60)
[2112月2025 13:19:36.350] [main/DEBUG] [mixin/]: Renaming synthetic method lambda$getAbstractDecorationEntities$0(Lnet/minecraft/world/entity/Entity;Lnet/minecraft/world/entity/decoration/HangingEntity;)Z to mdf407cb$lambda$getAbstractDecorationEntities$0$0 in lithium.mixins.json:entity.replace_entitytype_predicates.AbstractDecorationEntityMixin
[2112月2025 13:19:36.351] [main/DEBUG] [mixin/]: Mixing AbstractDecorationEntityMixin from bettervillage.mixins.json into net.minecraft.world.entity.decoration.HangingEntity
[2112月2025 13:19:36.357] [main/DEBUG] [mixin/]: Mixing entity.hopper_minecart.HopperBlockEntityMixin from lithium.mixins.json into net.minecraft.world.level.block.entity.HopperBlockEntity
[2112月2025 13:19:36.357] [main/DEBUG] [mixin/]: lithium.mixins.json:entity.hopper_minecart.HopperBlockEntityMixin: Class version 61 required is higher than the class version supported by the current version of Mixin (JAVA_16 supports class version 60)
[2112月2025 13:19:36.359] [main/DEBUG] [mixin/]: Mixing util.inventory_change_listening.StackListReplacementTracking$InventoryChangeTrackingHopperBlockEntity from lithium.mixins.json into net.minecraft.world.level.block.entity.HopperBlockEntity
[2112月2025 13:19:36.359] [main/DEBUG] [mixin/]: lithium.mixins.json:util.inventory_change_listening.StackListReplacementTracking$InventoryChangeTrackingHopperBlockEntity: Class version 61 required is higher than the class version supported by the current version of Mixin (JAVA_16 supports class version 60)
[2112月2025 13:19:36.404] [main/DEBUG] [mixin/]: Mixing util.inventory_change_listening.StackListReplacementTracking$InventoryChangeTrackingShulkerBoxBlockEntity from lithium.mixins.json into net.minecraft.world.level.block.entity.ShulkerBoxBlockEntity
[2112月2025 13:19:36.404] [main/DEBUG] [mixin/]: lithium.mixins.json:util.inventory_change_listening.StackListReplacementTracking$InventoryChangeTrackingShulkerBoxBlockEntity: Class version 61 required is higher than the class version supported by the current version of Mixin (JAVA_16 supports class version 60)
[2112月2025 13:19:36.414] [main/DEBUG] [mixin/]: Mixing features.activation_range.inactive_ticks.AgeableMobMixin from servercore.common.mixins.json into net.minecraft.world.entity.AgeableMob
[2112月2025 13:19:36.414] [main/DEBUG] [mixin/]: servercore.common.mixins.json:features.activation_range.inactive_ticks.AgeableMobMixin: Class version 61 required is higher than the class version supported by the current version of Mixin (JAVA_16 supports class version 60)
[2112月2025 13:19:36.449] [main/DEBUG] [mixin/]: Mixing util.inventory_change_listening.StackListReplacementTracking$InventoryChangeTrackingBarrelBlockEntity from lithium.mixins.json into net.minecraft.world.level.block.entity.BarrelBlockEntity
[2112月2025 13:19:36.449] [main/DEBUG] [mixin/]: lithium.mixins.json:util.inventory_change_listening.StackListReplacementTracking$InventoryChangeTrackingBarrelBlockEntity: Class version 61 required is higher than the class version supported by the current version of Mixin (JAVA_16 supports class version 60)
[2112月2025 13:19:36.457] [main/DEBUG] [mixin/]: Mixing MixinSmithingMenu from polymorph.mixins.json into net.minecraft.world.inventory.SmithingMenu
[2112月2025 13:19:36.468] [main/DEBUG] [mixin/]: Mixing optimizations.tickets.ChunkGeneratorMixin from servercore.common.mixins.json into net.minecraft.world.level.chunk.ChunkGenerator
[2112月2025 13:19:36.468] [main/DEBUG] [mixin/]: servercore.common.mixins.json:optimizations.tickets.ChunkGeneratorMixin: Class version 61 required is higher than the class version supported by the current version of Mixin (JAVA_16 supports class version 60)
[2112月2025 13:19:36.486] [main/DEBUG] [mixin/]: Mixing jigsaw.JigsawBlockEntityMixin from tritium.mixins.json into net.minecraft.world.level.block.entity.JigsawBlockEntity
[2112月2025 13:19:36.507] [main/DEBUG] [mixin/]: Mixing common.block.MixinBeehiveBlockEntity from eclipticseasons.mixins.json into net.minecraft.world.level.block.entity.BeehiveBlockEntity
[2112月2025 13:19:36.507] [main/DEBUG] [mixin/]: Mixing game.MixinBeehiveBlockEntity from eclipticseasons.mixins.json into net.minecraft.world.level.block.entity.BeehiveBlockEntity
[2112月2025 13:19:36.572] [main/DEBUG] [mixin/]: Mixing common.ServerPlayerMixin from tacz.mixins.json into net.minecraft.server.level.ServerPlayer
[2112月2025 13:19:36.572] [main/DEBUG] [mixin/]: Mixing MixinServerPlayer from xaeroworldmap.mixins.json into net.minecraft.server.level.ServerPlayer
[2112月2025 13:19:36.573] [main/DEBUG] [mixin/]: Mixing optimizations.players.ServerPlayerMixin from servercore.common.mixins.json into net.minecraft.server.level.ServerPlayer
[2112月2025 13:19:36.573] [main/DEBUG] [mixin/]: servercore.common.mixins.json:optimizations.players.ServerPlayerMixin: Class version 61 required is higher than the class version supported by the current version of Mixin (JAVA_16 supports class version 60)
[2112月2025 13:19:36.573] [main/DEBUG] [mixin/]: Mixing MixinServerPlayer from xaerohud.mixins.json into net.minecraft.server.level.ServerPlayer
[2112月2025 13:19:36.573] [main/DEBUG] [mixin/]: Mixing ServerPlayerMixin from playerrevive.mixins.json into net.minecraft.server.level.ServerPlayer
[2112月2025 13:19:36.625] [main/DEBUG] [net.minecraftforge.coremod.transformer.CoreModBaseTransformer/COREMOD]: Transforming net/minecraft/world/entity/animal/frog/Tadpole
[2112月2025 13:19:36.627] [main/DEBUG] [mixin/]: Mixing features.activation_range.inactive_ticks.TadpoleMixin from servercore.common.mixins.json into net.minecraft.world.entity.animal.frog.Tadpole
[2112月2025 13:19:36.627] [main/DEBUG] [mixin/]: servercore.common.mixins.json:features.activation_range.inactive_ticks.TadpoleMixin: Class version 61 required is higher than the class version supported by the current version of Mixin (JAVA_16 supports class version 60)
[2112月2025 13:19:36.658] [main/DEBUG] [net.minecraftforge.coremod.transformer.CoreModBaseTransformer/COREMOD]: Transforming net/minecraft/world/item/BucketItem
[2112月2025 13:19:36.658] [main/DEBUG] [mixin/]: Mixing entity.stack.item.fix.BucketItem from tritium.mixins.json into net.minecraft.world.item.BucketItem
[2112月2025 13:19:36.658] [main/DEBUG] [mixin/]: Mixing entity.stack.item.fix.BucketItemAccessor from tritium.mixins.json into net.minecraft.world.item.BucketItem
[2112月2025 13:19:36.668] [main/DEBUG] [mixin/]: Mixing optimizations.sync_loads.MapItemMixin from servercore.common.mixins.json into net.minecraft.world.item.MapItem
[2112月2025 13:19:36.668] [main/DEBUG] [mixin/]: servercore.common.mixins.json:optimizations.sync_loads.MapItemMixin: Class version 61 required is higher than the class version supported by the current version of Mixin (JAVA_16 supports class version 60)
[2112月2025 13:19:36.751] [main/DEBUG] [mixin/]: Mixing features.breeding_cap.AllayMixin from servercore.common.mixins.json into net.minecraft.world.entity.animal.allay.Allay
[2112月2025 13:19:36.752] [main/DEBUG] [mixin/]: servercore.common.mixins.json:features.breeding_cap.AllayMixin: Class version 61 required is higher than the class version supported by the current version of Mixin (JAVA_16 supports class version 60)
[2112月2025 13:19:36.758] [main/DEBUG] [mixin/]: Mixing perf.ticking_chunk_alloc.ChunkAccessMixin from modernfix-common.mixins.json into net.minecraft.world.level.chunk.ChunkAccess
[2112月2025 13:19:36.759] [main/DEBUG] [mixin/]: Mixing common.chunk.ChunkAccessMixin from starlight.mixins.json into net.minecraft.world.level.chunk.ChunkAccess
[2112月2025 13:19:36.759] [main/DEBUG] [mixin/]: Mixing ChunkAccessMixin from tectonic.mixins.json into net.minecraft.world.level.chunk.ChunkAccess
[2112月2025 13:19:36.762] [main/DEBUG] [mixin/]: Mixing common.chunk.MixinChunkAccess from eclipticseasons.mixins.json into net.minecraft.world.level.chunk.ChunkAccess
[2112月2025 13:19:36.767] [main/DEBUG] [mixin/]: Mixing world.inline_block_access.WorldChunkMixin from lithium.mixins.json into net.minecraft.world.level.chunk.LevelChunk
[2112月2025 13:19:36.767] [main/DEBUG] [mixin/]: lithium.mixins.json:world.inline_block_access.WorldChunkMixin: Class version 61 required is higher than the class version supported by the current version of Mixin (JAVA_16 supports class version 60)
[2112月2025 13:19:36.767] [main/DEBUG] [mixin/]: Mixing collections.block_entity_tickers.WorldChunkMixin from lithium.mixins.json into net.minecraft.world.level.chunk.LevelChunk
[2112月2025 13:19:36.767] [main/DEBUG] [mixin/]: lithium.mixins.json:collections.block_entity_tickers.WorldChunkMixin: Class version 61 required is higher than the class version supported by the current version of Mixin (JAVA_16 supports class version 60)
[2112月2025 13:19:36.767] [main/DEBUG] [mixin/]: Mixing world.combined_heightmap_update.WorldChunkMixin from lithium.mixins.json into net.minecraft.world.level.chunk.LevelChunk
[2112月2025 13:19:36.768] [main/DEBUG] [mixin/]: lithium.mixins.json:world.combined_heightmap_update.WorldChunkMixin: Class version 61 required is higher than the class version supported by the current version of Mixin (JAVA_16 supports class version 60)
[2112月2025 13:19:36.768] [main/DEBUG] [mixin/]: Mixing world.inline_height.WorldChunkMixin from lithium.mixins.json into net.minecraft.world.level.chunk.LevelChunk
[2112月2025 13:19:36.768] [main/DEBUG] [mixin/]: lithium.mixins.json:world.inline_height.WorldChunkMixin: Class version 61 required is higher than the class version supported by the current version of Mixin (JAVA_16 supports class version 60)
[2112月2025 13:19:36.769] [main/DEBUG] [mixin/]: Mixing common.chunk.LevelChunkMixin from starlight.mixins.json into net.minecraft.world.level.chunk.LevelChunk
[2112月2025 13:19:36.771] [main/DEBUG] [mixin/]: Mixing common.chunk.MixinLevelChunk from eclipticseasons.mixins.json into net.minecraft.world.level.chunk.LevelChunk
[2112月2025 13:19:36.772] [main/DEBUG] [mixin/]: Mixing optimizations.ticking.chunk.random.LevelChunkMixin from servercore.common.mixins.json into net.minecraft.world.level.chunk.LevelChunk
[2112月2025 13:19:36.772] [main/DEBUG] [mixin/]: servercore.common.mixins.json:optimizations.ticking.chunk.random.LevelChunkMixin: Class version 61 required is higher than the class version supported by the current version of Mixin (JAVA_16 supports class version 60)
[2112月2025 13:19:36.792] [main/DEBUG] [mixin/]: Mixing entity.inactive_navigations.EntityNavigationMixin from lithium.mixins.json into net.minecraft.world.entity.ai.navigation.PathNavigation
[2112月2025 13:19:36.792] [main/DEBUG] [mixin/]: lithium.mixins.json:entity.inactive_navigations.EntityNavigationMixin: Class version 61 required is higher than the class version supported by the current version of Mixin (JAVA_16 supports class version 60)
[2112月2025 13:19:36.795] [main/DEBUG] [mixin/]: Mixing optimizations.sync_loads.GroundPathNavigationMixin from servercore.common.mixins.json into net.minecraft.world.entity.ai.navigation.GroundPathNavigation
[2112月2025 13:19:36.795] [main/DEBUG] [mixin/]: servercore.common.mixins.json:optimizations.sync_loads.GroundPathNavigationMixin: Class version 61 required is higher than the class version supported by the current version of Mixin (JAVA_16 supports class version 60)
[2112月2025 13:19:36.799] [main/DEBUG] [mixin/]: Mixing features.dynamic.MobCategoryMixin from servercore.common.mixins.json into net.minecraft.world.entity.MobCategory
[2112月2025 13:19:36.800] [main/DEBUG] [mixin/]: servercore.common.mixins.json:features.dynamic.MobCategoryMixin: Class version 61 required is higher than the class version supported by the current version of Mixin (JAVA_16 supports class version 60)
[2112月2025 13:19:36.802] [main/DEBUG] [mixin/]: Mixing perf.dynamic_dfu.EntityTypeBuilderMixin from modernfix-common.mixins.json into net.minecraft.world.entity.EntityType$Builder
[2112月2025 13:19:36.811] [main/DEBUG] [mixin/]: Mixing features.activation_range.inactive_ticks.AreaEffectCloudMixin from servercore.common.mixins.json into net.minecraft.world.entity.AreaEffectCloud
[2112月2025 13:19:36.811] [main/DEBUG] [mixin/]: servercore.common.mixins.json:features.activation_range.inactive_ticks.AreaEffectCloudMixin: Class version 61 required is higher than the class version supported by the current version of Mixin (JAVA_16 supports class version 60)
[2112月2025 13:19:36.813] [main/DEBUG] [mixin/]: Mixing entity.replace_entitytype_predicates.ArmorStandEntityMixin from lithium.mixins.json into net.minecraft.world.entity.decoration.ArmorStand
[2112月2025 13:19:36.813] [main/DEBUG] [mixin/]: lithium.mixins.json:entity.replace_entitytype_predicates.ArmorStandEntityMixin: Class version 61 required is higher than the class version supported by the current version of Mixin (JAVA_16 supports class version 60)
[2112月2025 13:19:36.814] [main/DEBUG] [mixin/]: Renaming synthetic method lambda$getMinecartsDirectly$0(Lnet/minecraft/world/entity/Entity;Lnet/minecraft/world/entity/Entity;)Z to mdf407cb$lambda$getMinecartsDirectly$0$0 in lithium.mixins.json:entity.replace_entitytype_predicates.ArmorStandEntityMixin
[2112月2025 13:19:36.814] [main/DEBUG] [mixin/]: Mixing entity.skip_equipment_change_check.ArmorStandEntityMixin from lithium.mixins.json into net.minecraft.world.entity.decoration.ArmorStand
[2112月2025 13:19:36.814] [main/DEBUG] [mixin/]: lithium.mixins.json:entity.skip_equipment_change_check.ArmorStandEntityMixin: Class version 61 required is higher than the class version supported by the current version of Mixin (JAVA_16 supports class version 60)
[2112月2025 13:19:36.819] [main/DEBUG] [mixin/]: Mixing features.activation_range.inactive_ticks.ArrowMixin from servercore.common.mixins.json into net.minecraft.world.entity.projectile.Arrow
[2112月2025 13:19:36.820] [main/DEBUG] [mixin/]: servercore.common.mixins.json:features.activation_range.inactive_ticks.ArrowMixin: Class version 61 required is higher than the class version supported by the current version of Mixin (JAVA_16 supports class version 60)
[2112月2025 13:19:36.826] [main/DEBUG] [mixin/]: Mixing features.merging.ExperienceOrbMixin from servercore.common.mixins.json into net.minecraft.world.entity.ExperienceOrb
[2112月2025 13:19:36.826] [main/DEBUG] [mixin/]: servercore.common.mixins.json:features.merging.ExperienceOrbMixin: Class version 61 required is higher than the class version supported by the current version of Mixin (JAVA_16 supports class version 60)
[2112月2025 13:19:36.826] [main/DEBUG] [mixin/]: Mixing entity.stack.ExperienceOrbMixin from tritium.mixins.json into net.minecraft.world.entity.ExperienceOrb
[2112月2025 13:19:36.831] [main/DEBUG] [mixin/]: Mixing perf.ticking_chunk_alloc.BatMixin from modernfix-common.mixins.json into net.minecraft.world.entity.ambient.Bat
[2112月2025 13:19:36.836] [main/DEBUG] [mixin/]: Mixing common.entity.animal.bee.MixinBee from eclipticseasons.mixins.json into net.minecraft.world.entity.animal.Bee
[2112月2025 13:19:36.836] [main/DEBUG] [mixin/]: Mixing features.activation_range.inactive_ticks.BeeMixin from servercore.common.mixins.json into net.minecraft.world.entity.animal.Bee
[2112月2025 13:19:36.836] [main/DEBUG] [mixin/]: servercore.common.mixins.json:features.activation_range.inactive_ticks.BeeMixin: Class version 61 required is higher than the class version supported by the current version of Mixin (JAVA_16 supports class version 60)
[2112月2025 13:19:36.837] [main/DEBUG] [mixin/]: Mixing optimizations.sync_loads.BeeMixin from servercore.common.mixins.json into net.minecraft.world.entity.animal.Bee
[2112月2025 13:19:36.837] [main/DEBUG] [mixin/]: servercore.common.mixins.json:optimizations.sync_loads.BeeMixin: Class version 61 required is higher than the class version supported by the current version of Mixin (JAVA_16 supports class version 60)
[2112月2025 13:19:36.837] [main/DEBUG] [mixin/]: Mixing MCBUG.bee.BeeMixin from tritium.mixins.json into net.minecraft.world.entity.animal.Bee
[2112月2025 13:19:36.842] [main/DEBUG] [mixin/]: Mixing game.MixinBreedGoal from eclipticseasons.mixins.json into net.minecraft.world.entity.ai.goal.BreedGoal
[2112月2025 13:19:36.842] [main/DEBUG] [mixin/]: Mixing features.breeding_cap.tasks.BreedGoalMixin from servercore.common.mixins.json into net.minecraft.world.entity.ai.goal.BreedGoal
[2112月2025 13:19:36.842] [main/DEBUG] [mixin/]: servercore.common.mixins.json:features.breeding_cap.tasks.BreedGoalMixin: Class version 61 required is higher than the class version supported by the current version of Mixin (JAVA_16 supports class version 60)
[2112月2025 13:19:36.844] [main/DEBUG] [mixin/]: Mixing common.entity.animal.bee.MixinBee_BeePollinateGoal from eclipticseasons.mixins.json into net.minecraft.world.entity.animal.Bee$BeePollinateGoal
[2112月2025 13:19:36.845] [main/DEBUG] [mixin/]: Mixing game.MixinBee_BeePollinateGoal from eclipticseasons.mixins.json into net.minecraft.world.entity.animal.Bee$BeePollinateGoal
[2112月2025 13:19:36.854] [main/DEBUG] [mixin/]: Mixing entity.collisions.unpushable_cramming.BoatEntityMixin from lithium.mixins.json into net.minecraft.world.entity.vehicle.Boat
[2112月2025 13:19:36.854] [main/DEBUG] [mixin/]: lithium.mixins.json:entity.collisions.unpushable_cramming.BoatEntityMixin: Class version 61 required is higher than the class version supported by the current version of Mixin (JAVA_16 supports class version 60)
[2112月2025 13:19:36.855] [main/DEBUG] [mixin/]: Mixing MCBUG.boat.BoatMixin from tritium.mixins.json into net.minecraft.world.entity.vehicle.Boat
[2112月2025 13:19:36.871] [main/DEBUG] [mixin/]: Mixing features.activation_range.fixes.CatMixin from servercore.common.mixins.json into net.minecraft.world.entity.animal.Cat
[2112月2025 13:19:36.872] [main/DEBUG] [mixin/]: servercore.common.mixins.json:features.activation_range.fixes.CatMixin: Class version 61 required is higher than the class version supported by the current version of Mixin (JAVA_16 supports class version 60)
[2112月2025 13:19:36.886] [main/DEBUG] [net.minecraftforge.coremod.transformer.CoreModBaseTransformer/COREMOD]: Transforming net/minecraft/world/entity/monster/Spider
[2112月2025 13:19:36.906] [main/DEBUG] [mixin/]: Mixing features.activation_range.inactive_ticks.ChickenMixin from servercore.common.mixins.json into net.minecraft.world.entity.animal.Chicken
[2112月2025 13:19:36.906] [main/DEBUG] [mixin/]: servercore.common.mixins.json:features.activation_range.inactive_ticks.ChickenMixin: Class version 61 required is higher than the class version supported by the current version of Mixin (JAVA_16 supports class version 60)
[2112月2025 13:19:36.915] [main/DEBUG] [mixin/]: Mixing game.MixinCow from eclipticseasons.mixins.json into net.minecraft.world.entity.animal.Cow
[2112月2025 13:19:36.923] [main/DEBUG] [mixin/]: Mixing entity.inactive_navigations.DrownedEntityMixin from lithium.mixins.json into net.minecraft.world.entity.monster.Drowned
[2112月2025 13:19:36.923] [main/DEBUG] [mixin/]: lithium.mixins.json:entity.inactive_navigations.DrownedEntityMixin: Class version 61 required is higher than the class version supported by the current version of Mixin (JAVA_16 supports class version 60)
[2112月2025 13:19:36.925] [main/DEBUG] [net.minecraftforge.coremod.transformer.CoreModBaseTransformer/COREMOD]: Transforming net/minecraft/world/entity/monster/Zombie
[2112月2025 13:19:36.932] [main/DEBUG] [mixin/]: Mixing features.mob_spawning.ZombieMixin from servercore.common.mixins.json into net.minecraft.world.entity.monster.Zombie
[2112月2025 13:19:36.932] [main/DEBUG] [mixin/]: servercore.common.mixins.json:features.mob_spawning.ZombieMixin: Class version 61 required is higher than the class version supported by the current version of Mixin (JAVA_16 supports class version 60)
[2112月2025 13:19:36.941] [main/DEBUG] [mixin/]: Mixing optimizations.sync_loads.RemoveBlockGoalMixin from servercore.common.mixins.json into net.minecraft.world.entity.ai.goal.RemoveBlockGoal
[2112月2025 13:19:36.941] [main/DEBUG] [mixin/]: servercore.common.mixins.json:optimizations.sync_loads.RemoveBlockGoalMixin: Class version 61 required is higher than the class version supported by the current version of Mixin (JAVA_16 supports class version 60)
[2112月2025 13:19:36.944] [main/DEBUG] [net.minecraftforge.coremod.transformer.CoreModBaseTransformer/COREMOD]: Transforming net/minecraft/world/entity/monster/ZombieVillager
[2112月2025 13:19:36.955] [main/DEBUG] [mixin/]: Mixing entity.inactive_navigations.DrownedEntityLeaveWaterGoalMixin from lithium.mixins.json into net.minecraft.world.entity.monster.Drowned$DrownedGoToBeachGoal
[2112月2025 13:19:36.955] [main/DEBUG] [mixin/]: lithium.mixins.json:entity.inactive_navigations.DrownedEntityLeaveWaterGoalMixin: Class version 61 required is higher than the class version supported by the current version of Mixin (JAVA_16 supports class version 60)
[2112月2025 13:19:36.957] [main/DEBUG] [mixin/]: Mixing common.entity.projectile.MixinThrownTrident from eclipticseasons.mixins.json into net.minecraft.world.entity.projectile.ThrownTrident
[2112月2025 13:19:36.960] [main/DEBUG] [mixin/]: Mixing features.breeding_cap.ThrownEggMixin from servercore.common.mixins.json into net.minecraft.world.entity.projectile.ThrownEgg
[2112月2025 13:19:36.960] [main/DEBUG] [mixin/]: servercore.common.mixins.json:features.breeding_cap.ThrownEggMixin: Class version 61 required is higher than the class version supported by the current version of Mixin (JAVA_16 supports class version 60)
[2112月2025 13:19:36.989] [main/DEBUG] [mixin/]: Mixing ai.raid.RaiderEntityMixin from lithium.mixins.json into net.minecraft.world.entity.raid.Raider
[2112月2025 13:19:36.989] [main/DEBUG] [mixin/]: lithium.mixins.json:ai.raid.RaiderEntityMixin: Class version 61 required is higher than the class version supported by the current version of Mixin (JAVA_16 supports class version 60)
[2112月2025 13:19:36.989] [main/DEBUG] [mixin/]: Renaming synthetic method lambda$static$0(Lnet/minecraft/world/entity/item/ItemEntity;)Z to mdf407cb$lambda$static$0$0 in lithium.mixins.json:ai.raid.RaiderEntityMixin
[2112月2025 13:19:36.996] [main/DEBUG] [mixin/]: Mixing ai.raid.PickupBannerAsLeaderGoalMixin from lithium.mixins.json into net.minecraft.world.entity.raid.Raider$ObtainRaidLeaderBannerGoal
[2112月2025 13:19:36.996] [main/DEBUG] [mixin/]: lithium.mixins.json:ai.raid.PickupBannerAsLeaderGoalMixin: Class version 61 required is higher than the class version supported by the current version of Mixin (JAVA_16 supports class version 60)
[2112月2025 13:19:36.997] [main/DEBUG] [mixin/]: Mixing ai.poi.tasks.RaiderEntityAttackHomeGoalMixin from lithium.mixins.json into net.minecraft.world.entity.raid.Raider$RaiderMoveThroughVillageGoal
[2112月2025 13:19:36.997] [main/DEBUG] [mixin/]: lithium.mixins.json:ai.poi.tasks.RaiderEntityAttackHomeGoalMixin: Class version 61 required is higher than the class version supported by the current version of Mixin (JAVA_16 supports class version 60)
[2112月2025 13:19:37.000] [main/DEBUG] [net.minecraftforge.coremod.transformer.CoreModBaseTransformer/COREMOD]: Transforming net/minecraft/world/entity/monster/Evoker$EvokerSummonSpellGoal
[2112月2025 13:19:37.019] [main/DEBUG] [mixin/]: Mixing common.entity.animal.fox.MixinFox from eclipticseasons.mixins.json into net.minecraft.world.entity.animal.Fox
[2112月2025 13:19:37.026] [main/DEBUG] [mixin/]: Mixing common.entity.animal.fox.MixinFox_SeekShelterGoal from eclipticseasons.mixins.json into net.minecraft.world.entity.animal.Fox$SeekShelterGoal
[2112月2025 13:19:37.046] [main/DEBUG] [mixin/]: Mixing entity.replace_entitytype_predicates.IronGolemWanderAroundGoalMixin from lithium.mixins.json into net.minecraft.world.entity.ai.goal.GolemRandomStrollInVillageGoal
[2112月2025 13:19:37.047] [main/DEBUG] [mixin/]: lithium.mixins.json:entity.replace_entitytype_predicates.IronGolemWanderAroundGoalMixin: Class version 61 required is higher than the class version supported by the current version of Mixin (JAVA_16 supports class version 60)
[2112月2025 13:19:37.055] [main/DEBUG] [mixin/]: Mixing entity.replace_entitytype_predicates.FormCaravanGoalMixin from lithium.mixins.json into net.minecraft.world.entity.ai.goal.LlamaFollowCaravanGoal
[2112月2025 13:19:37.056] [main/DEBUG] [mixin/]: lithium.mixins.json:entity.replace_entitytype_predicates.FormCaravanGoalMixin: Class version 61 required is higher than the class version supported by the current version of Mixin (JAVA_16 supports class version 60)
[2112月2025 13:19:37.056] [main/DEBUG] [mixin/]: Renaming synthetic method lambda$getLlamasForCaravan$0(Lnet/minecraft/world/entity/Entity;Lnet/minecraft/world/entity/animal/horse/Llama;)Z to mdf407cb$lambda$getLlamasForCaravan$0$0 in lithium.mixins.json:entity.replace_entitytype_predicates.FormCaravanGoalMixin
[2112月2025 13:19:37.063] [main/DEBUG] [mixin/]: Mixing features.activation_range.fixes.OcelotMixin from servercore.common.mixins.json into net.minecraft.world.entity.animal.Ocelot
[2112月2025 13:19:37.063] [main/DEBUG] [mixin/]: servercore.common.mixins.json:features.activation_range.fixes.OcelotMixin: Class version 61 required is higher than the class version supported by the current version of Mixin (JAVA_16 supports class version 60)
[2112月2025 13:19:37.066] [main/DEBUG] [mixin/]: Mixing common.entity.animal.pandas.MixinPanda from eclipticseasons.mixins.json into net.minecraft.world.entity.animal.Panda
[2112月2025 13:19:37.092] [main/DEBUG] [mixin/]: Mixing EatBlockGoalMixin from ru.mixin.json into net.minecraft.world.entity.ai.goal.EatBlockGoal
[2112月2025 13:19:37.101] [main/DEBUG] [mixin/]: Mixing features.activation_range.inactive_ticks.SkeletonHorseMixin from servercore.common.mixins.json into net.minecraft.world.entity.animal.horse.SkeletonHorse
[2112月2025 13:19:37.101] [main/DEBUG] [mixin/]: servercore.common.mixins.json:features.activation_range.inactive_ticks.SkeletonHorseMixin: Class version 61 required is higher than the class version supported by the current version of Mixin (JAVA_16 supports class version 60)
[2112月2025 13:19:37.103] [main/DEBUG] [net.minecraftforge.coremod.transformer.CoreModBaseTransformer/COREMOD]: Transforming net/minecraft/world/entity/animal/horse/SkeletonTrapGoal
[2112月2025 13:19:37.110] [main/DEBUG] [mixin/]: Mixing features.mob_spawning.BaseSpawnerMixin from servercore.common.mixins.json into net.minecraft.world.level.BaseSpawner
[2112月2025 13:19:37.110] [main/DEBUG] [mixin/]: servercore.common.mixins.json:features.mob_spawning.BaseSpawnerMixin: Class version 61 required is higher than the class version supported by the current version of Mixin (JAVA_16 supports class version 60)
[2112月2025 13:19:37.113] [main/DEBUG] [mixin/]: Mixing features.activation_range.inactive_ticks.SpectralArrowMixin from servercore.common.mixins.json into net.minecraft.world.entity.projectile.SpectralArrow
[2112月2025 13:19:37.113] [main/DEBUG] [mixin/]: servercore.common.mixins.json:features.activation_range.inactive_ticks.SpectralArrowMixin: Class version 61 required is higher than the class version supported by the current version of Mixin (JAVA_16 supports class version 60)
[2112月2025 13:19:37.118] [main/DEBUG] [net.minecraftforge.coremod.transformer.CoreModBaseTransformer/COREMOD]: Transforming net/minecraft/world/entity/monster/Strider
[2112月2025 13:19:37.153] [main/DEBUG] [mixin/]: Mixing entity.data_tracker.use_arrays.DataTrackerMixin from lithium.mixins.json into net.minecraft.network.syncher.SynchedEntityData
[2112月2025 13:19:37.153] [main/DEBUG] [mixin/]: lithium.mixins.json:entity.data_tracker.use_arrays.DataTrackerMixin: Class version 61 required is higher than the class version supported by the current version of Mixin (JAVA_16 supports class version 60)
[2112月2025 13:19:37.156] [main/DEBUG] [mixin/]: Mixing entity.data_tracker.no_locks.DataTrackerMixin from lithium.mixins.json into net.minecraft.network.syncher.SynchedEntityData
[2112月2025 13:19:37.156] [main/DEBUG] [mixin/]: lithium.mixins.json:entity.data_tracker.no_locks.DataTrackerMixin: Class version 61 required is higher than the class version supported by the current version of Mixin (JAVA_16 supports class version 60)
[2112月2025 13:19:37.165] [main/DEBUG] [mixin/]: Mixing ai.sensor.secondary_poi.SecondaryPointsOfInterestSensorMixin from lithium.mixins.json into net.minecraft.world.entity.ai.sensing.SecondaryPoiSensor
[2112月2025 13:19:37.165] [main/DEBUG] [mixin/]: lithium.mixins.json:ai.sensor.secondary_poi.SecondaryPointsOfInterestSensorMixin: Class version 61 required is higher than the class version supported by the current version of Mixin (JAVA_16 supports class version 60)
[2112月2025 13:19:37.173] [main/DEBUG] [mixin/]: Mixing util.world_border_listener.WorldBorderMixin from lithium.mixins.json into net.minecraft.world.level.border.WorldBorder
[2112月2025 13:19:37.173] [main/DEBUG] [mixin/]: lithium.mixins.json:util.world_border_listener.WorldBorderMixin: Class version 61 required is higher than the class version supported by the current version of Mixin (JAVA_16 supports class version 60)
[2112月2025 13:19:37.186] [main/DEBUG] [net.minecraftforge.coremod.transformer.CoreModBaseTransformer/COREMOD]: Transforming net/minecraft/world/entity/npc/Villager
[2112月2025 13:19:37.194] [main/DEBUG] [mixin/]: Mixing features.activation_range.inactive_ticks.VillagerMixin from servercore.common.mixins.json into net.minecraft.world.entity.npc.Villager
[2112月2025 13:19:37.194] [main/DEBUG] [mixin/]: servercore.common.mixins.json:features.activation_range.inactive_ticks.VillagerMixin: Class version 61 required is higher than the class version supported by the current version of Mixin (JAVA_16 supports class version 60)
[2112月2025 13:19:37.195] [main/DEBUG] [mixin/]: Mixing features.ticking.VillagerMixin from servercore.common.mixins.json into net.minecraft.world.entity.npc.Villager
[2112月2025 13:19:37.195] [main/DEBUG] [mixin/]: servercore.common.mixins.json:features.ticking.VillagerMixin: Class version 61 required is higher than the class version supported by the current version of Mixin (JAVA_16 supports class version 60)
[2112月2025 13:19:37.232] [main/DEBUG] [mixin/]: Mixing game.MixinFishingHook from eclipticseasons.mixins.json into net.minecraft.world.entity.projectile.FishingHook
[2112月2025 13:19:37.238] [main/DEBUG] [mixin/]: Mixing entity.collisions.unpushable_cramming.EntityPredicatesMixin from lithium.mixins.json into net.minecraft.world.entity.EntitySelector
[2112月2025 13:19:37.238] [main/DEBUG] [mixin/]: lithium.mixins.json:entity.collisions.unpushable_cramming.EntityPredicatesMixin: Class version 61 required is higher than the class version supported by the current version of Mixin (JAVA_16 supports class version 60)
[2112月2025 13:19:37.246] [main/DEBUG] [mixin/]: Mixing perf.faster_ingredients.IngredientMixin from modernfix-forge.mixins.json into net.minecraft.world.item.crafting.Ingredient
[2112月2025 13:19:37.246] [main/DEBUG] [mixin/]: Renaming synthetic method lambda$computeItemsArray$1(I)[Lnet/minecraft/world/item/ItemStack; to mdf407cb$lambda$computeItemsArray$1$0 in modernfix-forge.mixins.json:perf.faster_ingredients.IngredientMixin
[2112月2025 13:19:37.246] [main/DEBUG] [mixin/]: Renaming synthetic method lambda$modernfix$fasterTagIngredientStacking$0(Lnet/minecraft/core/Holder;)I to mdf407cb$lambda$modernfix$fasterTagIngredientStacking$0$1 in modernfix-forge.mixins.json:perf.faster_ingredients.IngredientMixin
[2112月2025 13:19:37.250] [main/DEBUG] [mixin/]: Mixing perf.smart_ingredient_sync.IngredientMixin from modernfix-forge.mixins.json into net.minecraft.world.item.crafting.Ingredient
[2112月2025 13:19:37.260] [main/DEBUG] [net.minecraftforge.coremod.transformer.CoreModBaseTransformer/COREMOD]: Transforming net/minecraft/world/effect/MobEffectInstance
[2112月2025 13:19:37.297] [main/DEBUG] [mixin/]: Mixing common.ServerGamePacketListenerImplMixin from tacz.mixins.json into net.minecraft.server.network.ServerGamePacketListenerImpl
[2112月2025 13:19:37.297] [main/DEBUG] [mixin/]: Mixing common.ServerPlayNetHandlerMixin from tacz.mixins.json into net.minecraft.server.network.ServerGamePacketListenerImpl
[2112月2025 13:19:37.298] [main/DEBUG] [mixin/]: Mixing bugfix.forge_vehicle_packets.ServerGamePacketListenerImplMixin from modernfix-forge.mixins.json into net.minecraft.server.network.ServerGamePacketListenerImpl
[2112月2025 13:19:37.299] [main/DEBUG] [mixin/]: Mixing features.misc.ServerGamePacketListenerImplMixin from servercore.common.mixins.json into net.minecraft.server.network.ServerGamePacketListenerImpl
[2112月2025 13:19:37.299] [main/DEBUG] [mixin/]: servercore.common.mixins.json:features.misc.ServerGamePacketListenerImplMixin: Class version 61 required is higher than the class version supported by the current version of Mixin (JAVA_16 supports class version 60)
[2112月2025 13:19:37.319] [main/DEBUG] [mixin/]: Mixing alloc.nbt.NbtCompoundMixin from lithium.mixins.json into net.minecraft.nbt.CompoundTag
[2112月2025 13:19:37.319] [main/DEBUG] [mixin/]: lithium.mixins.json:alloc.nbt.NbtCompoundMixin: Class version 61 required is higher than the class version supported by the current version of Mixin (JAVA_16 supports class version 60)
[2112月2025 13:19:37.322] [main/DEBUG] [mixin/]: Mixing alloc.nbt.NbtCompoundMixin$Type from lithium.mixins.json into net.minecraft.nbt.CompoundTag$1
[2112月2025 13:19:37.322] [main/DEBUG] [mixin/]: lithium.mixins.json:alloc.nbt.NbtCompoundMixin$Type: Class version 61 required is higher than the class version supported by the current version of Mixin (JAVA_16 supports class version 60)
[2112月2025 13:19:37.375] [main/DEBUG] [mixin/]: Mixing common.level.MixinHeightmap_Types from eclipticseasons.mixins.json into net.minecraft.world.level.levelgen.Heightmap$Types
[2112月2025 13:19:37.377] [main/DEBUG] [mixin/]: Mixing common.lightengine.LevelLightEngineMixin from starlight.mixins.json into net.minecraft.world.level.lighting.LevelLightEngine
[2112月2025 13:19:37.377] [main/DEBUG] [mixin/]: Renaming synthetic method lambda$clientUpdateLight$1(J)[Lca/spottedleaf/starlight/common/light/SWMRNibbleArray; to mdf407cb$lambda$clientUpdateLight$1$0 in starlight.mixins.json:common.lightengine.LevelLightEngineMixin
[2112月2025 13:19:37.377] [main/DEBUG] [mixin/]: Renaming synthetic method lambda$clientUpdateLight$0(J)[Lca/spottedleaf/starlight/common/light/SWMRNibbleArray; to mdf407cb$lambda$clientUpdateLight$0$1 in starlight.mixins.json:common.lightengine.LevelLightEngineMixin
[2112月2025 13:19:37.385] [main/DEBUG] [mixin/]: Mixing common.lightengine.ThreadedLevelLightEngineMixin from starlight.mixins.json into net.minecraft.server.level.ThreadedLevelLightEngine
[2112月2025 13:19:37.385] [main/DEBUG] [mixin/]: Renaming synthetic method lambda$lightChunk$7(Lnet/minecraft/world/level/ChunkPos;Lnet/minecraft/world/level/chunk/ChunkAccess;Ljava/lang/Throwable;)V to mdf407cb$lambda$lightChunk$7$0 in starlight.mixins.json:common.lightengine.ThreadedLevelLightEngineMixin
[2112月2025 13:19:37.385] [main/DEBUG] [mixin/]: Renaming synthetic method lambda$lightChunk$6(Lnet/minecraft/world/level/ChunkPos;Ljava/lang/Runnable;)V to mdf407cb$lambda$lightChunk$6$1 in starlight.mixins.json:common.lightengine.ThreadedLevelLightEngineMixin
[2112月2025 13:19:37.385] [main/DEBUG] [mixin/]: Renaming synthetic method lambda$lightChunk$5(Lnet/minecraft/world/level/chunk/ChunkAccess;ZLnet/minecraft/world/level/ChunkPos;)Lnet/minecraft/world/level/chunk/ChunkAccess; to mdf407cb$lambda$lightChunk$5$2 in starlight.mixins.json:common.lightengine.ThreadedLevelLightEngineMixin
[2112月2025 13:19:37.385] [main/DEBUG] [mixin/]: Renaming synthetic method lambda$updateSectionStatus$4(Lnet/minecraft/core/SectionPos;Z)Ljava/util/concurrent/CompletableFuture; to mdf407cb$lambda$updateSectionStatus$4$3 in starlight.mixins.json:common.lightengine.ThreadedLevelLightEngineMixin
[2112月2025 13:19:37.385] [main/DEBUG] [mixin/]: Renaming synthetic method lambda$checkBlock$3(Lnet/minecraft/core/BlockPos;)Ljava/util/concurrent/CompletableFuture; to mdf407cb$lambda$checkBlock$3$4 in starlight.mixins.json:common.lightengine.ThreadedLevelLightEngineMixin
[2112月2025 13:19:37.385] [main/DEBUG] [mixin/]: Renaming synthetic method lambda$queueTaskForSection$2(IILjava/lang/Void;Ljava/lang/Throwable;)V to mdf407cb$lambda$queueTaskForSection$2$5 in starlight.mixins.json:common.lightengine.ThreadedLevelLightEngineMixin
[2112月2025 13:19:37.385] [main/DEBUG] [mixin/]: Renaming synthetic method lambda$queueTaskForSection$1(JIILnet/minecraft/server/level/ServerLevel;Ljava/lang/Void;)V to mdf407cb$lambda$queueTaskForSection$1$6 in starlight.mixins.json:common.lightengine.ThreadedLevelLightEngineMixin
[2112月2025 13:19:37.386] [main/DEBUG] [mixin/]: Renaming synthetic method lambda$queueTaskForSection$0(IIILjava/util/function/Supplier;)V to mdf407cb$lambda$queueTaskForSection$0$7 in starlight.mixins.json:common.lightengine.ThreadedLevelLightEngineMixin
[2112月2025 13:19:37.391] [main/DEBUG] [mixin/]: Mixing world.combined_heightmap_update.HeightmapAccessor from lithium.mixins.json into net.minecraft.world.level.levelgen.Heightmap
[2112月2025 13:19:37.392] [main/DEBUG] [mixin/]: lithium.mixins.json:world.combined_heightmap_update.HeightmapAccessor: Class version 61 required is higher than the class version supported by the current version of Mixin (JAVA_16 supports class version 60)
[2112月2025 13:19:37.392] [main/DEBUG] [mixin/]: Mixing HeightmapMixin from tectonic.mixins.json into net.minecraft.world.level.levelgen.Heightmap
[2112月2025 13:19:37.394] [main/DEBUG] [mixin/]: Mixing perf.dynamic_structure_manager.StructureManagerMixin from modernfix-common.mixins.json into net.minecraft.world.level.levelgen.structure.templatesystem.StructureTemplateManager
[2112月2025 13:19:37.395] [main/DEBUG] [mixin/]: Mixing perf.cache_upgraded_structures.StructureManagerMixin from modernfix-common.mixins.json into net.minecraft.world.level.levelgen.structure.templatesystem.StructureTemplateManager
[2112月2025 13:19:37.411] [main/DEBUG] [mixin/]: Mixing entity.stack.item.SlotMixin from tritium.mixins.json into net.minecraft.world.inventory.Slot
[2112月2025 13:19:37.498] [main/DEBUG] [mixin/]: Mixing collections.mob_spawning.PoolMixin from lithium.mixins.json into net.minecraft.util.random.WeightedRandomList
[2112月2025 13:19:37.498] [main/DEBUG] [mixin/]: lithium.mixins.json:collections.mob_spawning.PoolMixin: Class version 61 required is higher than the class version supported by the current version of Mixin (JAVA_16 supports class version 60)
[2112月2025 13:19:37.503] [main/DEBUG] [mixin/]: Mixing DimensionTypeAccessor from tectonic.mixins.json into net.minecraft.world.level.dimension.DimensionType
[2112月2025 13:19:37.503] [main/DEBUG] [mixin/]: Mixing common.level.MixinDimensionType from eclipticseasons.mixins.json into net.minecraft.world.level.dimension.DimensionType
[2112月2025 13:19:37.549] [main/DEBUG] [mixin/]: Mixing common.PlacedFeatureAccessor from lithostitched.mixins.json into net.minecraft.world.level.levelgen.placement.PlacedFeature
[2112月2025 13:19:37.556] [main/DEBUG] [mixin/]: Mixing common.StructureProcessorListAccessor from lithostitched.mixins.json into net.minecraft.world.level.levelgen.structure.templatesystem.StructureProcessorList
[2112月2025 13:19:37.596] [main/DEBUG] [mixin/]: Mixing common.StructureSetAccessor from lithostitched.mixins.json into net.minecraft.world.level.levelgen.structure.StructureSet
[2112月2025 13:19:37.596] [main/DEBUG] [mixin/]: Mixing StructureSetMixin from bettervillage.mixins.json into net.minecraft.world.level.levelgen.structure.StructureSet
[2112月2025 13:19:37.596] [main/DEBUG] [mixin/]: Renaming synthetic method lambda$onCreateStructureSet$1(Lnet/minecraft/world/level/levelgen/structure/StructureSet$StructureSelectionEntry;)Z to mdf407cb$lambda$onCreateStructureSet$1$0 in bettervillage.mixins.json:StructureSetMixin
[2112月2025 13:19:37.596] [main/DEBUG] [mixin/]: Renaming synthetic method lambda$onCreateStructureSet$0(Lnet/minecraft/resources/ResourceKey;)Ljava/lang/Boolean; to mdf407cb$lambda$onCreateStructureSet$0$1 in bettervillage.mixins.json:StructureSetMixin
[2112月2025 13:19:37.599] [main/DEBUG] [net.minecraftforge.coremod.transformer.CoreModBaseTransformer/COREMOD]: Transforming net/minecraft/world/level/levelgen/structure/Structure
[2112月2025 13:19:37.606] [main/DEBUG] [mixin/]: Mixing StructurePieceMixin from tectonic.mixins.json into net.minecraft.world.level.levelgen.structure.StructurePiece
[2112月2025 13:19:37.622] [main/DEBUG] [net.minecraftforge.coremod.transformer.CoreModBaseTransformer/COREMOD]: Transforming net/minecraft/world/level/levelgen/structure/structures/OceanRuinPieces$OceanRuinPiece
[2112月2025 13:19:37.626] [main/DEBUG] [net.minecraftforge.coremod.transformer.CoreModBaseTransformer/COREMOD]: Transforming net/minecraft/world/level/levelgen/structure/structures/SwampHutPiece
[2112月2025 13:19:37.629] [main/DEBUG] [net.minecraftforge.coremod.transformer.CoreModBaseTransformer/COREMOD]: Transforming net/minecraft/world/level/levelgen/structure/structures/OceanMonumentPieces$OceanMonumentPiece
[2112月2025 13:19:37.639] [main/DEBUG] [net.minecraftforge.coremod.transformer.CoreModBaseTransformer/COREMOD]: Transforming net/minecraft/world/level/levelgen/structure/structures/WoodlandMansionPieces$WoodlandMansionPiece
[2112月2025 13:19:37.642] [main/DEBUG] [mixin/]: Mixing common.ShipwreckPieceMixin from lithostitched.mixins.json into net.minecraft.world.level.levelgen.structure.structures.ShipwreckPieces$ShipwreckPiece
[2112月2025 13:19:37.648] [main/DEBUG] [mixin/]: Mixing collections.mob_spawning.SpawnSettingsMixin from lithium.mixins.json into net.minecraft.world.level.biome.MobSpawnSettings
[2112月2025 13:19:37.648] [main/DEBUG] [mixin/]: lithium.mixins.json:collections.mob_spawning.SpawnSettingsMixin: Class version 61 required is higher than the class version supported by the current version of Mixin (JAVA_16 supports class version 60)
[2112月2025 13:19:37.658] [main/DEBUG] [mixin/]: Mixing common.JigsawStructureMixin from lithostitched.mixins.json into net.minecraft.world.level.levelgen.structure.structures.JigsawStructure
[2112月2025 13:19:37.659] [main/DEBUG] [net.minecraftforge.coremod.transformer.CoreModBaseTransformer/COREMOD]: Transforming net/minecraft/world/level/levelgen/structure/Structure
[2112月2025 13:19:37.661] [main/DEBUG] [mixin/]: Mixing common.StructureTemplatePoolAccessor from lithostitched.mixins.json into net.minecraft.world.level.levelgen.structure.pools.StructureTemplatePool
[2112月2025 13:19:37.661] [main/DEBUG] [mixin/]: Mixing common.StructureTemplatePoolMixin from lithostitched.mixins.json into net.minecraft.world.level.levelgen.structure.pools.StructureTemplatePool
[2112月2025 13:19:37.661] [main/DEBUG] [mixin/]: Renaming synthetic method lambda$compileRawTemplates$0(Lcom/mojang/datafixers/util/Pair;)V to mdf407cb$lambda$compileRawTemplates$0$0 in lithostitched.mixins.json:common.StructureTemplatePoolMixin
[2112月2025 13:19:37.662] [main/DEBUG] [mixin/]: Mixing jigsaw.StructureTemplatePoolMixin from tritium.mixins.json into net.minecraft.world.level.levelgen.structure.pools.StructureTemplatePool
[2112月2025 13:19:37.711] [main/DEBUG] [mixin/]: Mixing MixinBiomeSource from terrablender.mixins.json into net.minecraft.world.level.biome.BiomeSource
[2112月2025 13:19:37.712] [main/DEBUG] [mixin/]: Renaming synthetic method lambda$appendDeferredBiomesList$0(Lcom/google/common/collect/ImmutableList;)Ljava/util/Set; to mdf407cb$lambda$appendDeferredBiomesList$0$0 in terrablender.mixins.json:MixinBiomeSource
[2112月2025 13:19:37.713] [main/DEBUG] [mixin/]: Mixing access.BiomeSourceAccess from ru.mixin.json into net.minecraft.world.level.biome.BiomeSource
[2112月2025 13:19:37.715] [main/DEBUG] [net.minecraftforge.coremod.transformer.CoreModBaseTransformer/COREMOD]: Transforming net/minecraft/world/level/biome/Biome
[2112月2025 13:19:37.715] [main/DEBUG] [mixin/]: Mixing world.chunk_ticking.spread_ice.BiomeMixin from lithium.mixins.json into net.minecraft.world.level.biome.Biome
[2112月2025 13:19:37.715] [main/DEBUG] [mixin/]: lithium.mixins.json:world.chunk_ticking.spread_ice.BiomeMixin: Class version 61 required is higher than the class version supported by the current version of Mixin (JAVA_16 supports class version 60)
[2112月2025 13:19:37.715] [main/DEBUG] [mixin/]: Mixing world.temperature_cache.BiomeMixin from lithium.mixins.json into net.minecraft.world.level.biome.Biome
[2112月2025 13:19:37.715] [main/DEBUG] [mixin/]: lithium.mixins.json:world.temperature_cache.BiomeMixin: Class version 61 required is higher than the class version supported by the current version of Mixin (JAVA_16 supports class version 60)
[2112月2025 13:19:37.715] [main/DEBUG] [mixin/]: Mixing perf.remove_biome_temperature_cache.BiomeMixin from modernfix-common.mixins.json into net.minecraft.world.level.biome.Biome
[2112月2025 13:19:37.716] [main/WARN] [mixin/]: Static binding violation: PRIVATE @Overwrite method m_47505_ in modernfix-common.mixins.json:perf.remove_biome_temperature_cache.BiomeMixin cannot reduce visibiliy of PUBLIC target method, visibility will be upgraded.
[2112月2025 13:19:37.716] [main/DEBUG] [mixin/]: Mixing BiomeMixin from tectonic.mixins.json into net.minecraft.world.level.biome.Biome
[2112月2025 13:19:37.716] [main/DEBUG] [mixin/]: Mixing common.biome.MixinBiome from eclipticseasons.mixins.json into net.minecraft.world.level.biome.Biome
[2112月2025 13:19:37.717] [main/WARN] [mixin/]: Method overwrite conflict for m_47505_ in modernfix-common.mixins.json:perf.remove_biome_temperature_cache.BiomeMixin, previously written by me.jellysquid.mods.lithium.mixin.world.temperature_cache.BiomeMixin. Skipping method.
[2112月2025 13:19:37.718] [main/DEBUG] [mixin/]: Unexpected: Registered method m_47505_(Lnet/minecraft/core/BlockPos;)F in net.minecraft.world.level.biome.Biome was not merged
[2112月2025 13:19:37.723] [main/DEBUG] [mixin/]: Mixing TemperatureModifierMixin from tectonic.mixins.json into net.minecraft.world.level.biome.Biome$TemperatureModifier$2
[2112月2025 13:19:37.739] [main/DEBUG] [mixin/]: Mixing MixinMultiNoiseBiomeSource from terrablender.mixins.json into net.minecraft.world.level.biome.MultiNoiseBiomeSource
[2112月2025 13:19:37.740] [main/DEBUG] [mixin/]: Mixing MixinParameterList from terrablender.mixins.json into net.minecraft.world.level.biome.Climate$ParameterList
[2112月2025 13:19:37.741] [main/DEBUG] [mixin/]: Renaming synthetic method lambda$initializeForTerraBlender$0(Lnet/minecraft/core/Registry;Lcom/google/common/collect/ImmutableList$Builder;Lcom/mojang/datafixers/util/Pair;)V to mdf407cb$lambda$initializeForTerraBlender$0$0 in terrablender.mixins.json:MixinParameterList
[2112月2025 13:19:37.754] [main/DEBUG] [mixin/]: Mixing NoiseBasedChunkGeneratorMixin from tectonic.mixins.json into net.minecraft.world.level.levelgen.NoiseBasedChunkGenerator
[2112月2025 13:19:37.754] [main/DEBUG] [mixin/]: Renaming synthetic method lambda$tectonic$fixLavaLevel$2(Lnet/minecraft/core/Holder;)Lnet/minecraft/world/level/levelgen/Aquifer$FluidPicker; to mdf407cb$lambda$tectonic$fixLavaLevel$2$0 in tectonic.mixins.json:NoiseBasedChunkGeneratorMixin
[2112月2025 13:19:37.754] [main/DEBUG] [mixin/]: Renaming synthetic method lambda$tectonic$fixLavaLevel$1(Lnet/minecraft/world/level/levelgen/Aquifer$FluidStatus;IILnet/minecraft/world/level/levelgen/Aquifer$FluidStatus;Lnet/minecraft/world/level/levelgen/Aquifer$FluidStatus;III)Lnet/minecraft/world/level/levelgen/Aquifer$FluidStatus; to mdf407cb$lambda$tectonic$fixLavaLevel$1$1 in tectonic.mixins.json:NoiseBasedChunkGeneratorMixin
[2112月2025 13:19:37.754] [main/DEBUG] [mixin/]: Renaming synthetic method lambda$tectonic$fixLavaLevel$0(Lnet/minecraft/resources/ResourceKey;)Ljava/lang/Boolean; to mdf407cb$lambda$tectonic$fixLavaLevel$0$2 in tectonic.mixins.json:NoiseBasedChunkGeneratorMixin
[2112月2025 13:19:37.755] [main/DEBUG] [mixin/]: Mixing access.NoiseBasedChunkGeneratorAccess from ru.mixin.json into net.minecraft.world.level.levelgen.NoiseBasedChunkGenerator
[2112月2025 13:19:37.759] [main/DEBUG] [mixin/]: Mixing common.NoiseGeneratorSettingsAccessor from lithostitched.mixins.json into net.minecraft.world.level.levelgen.NoiseGeneratorSettings
[2112月2025 13:19:37.759] [main/DEBUG] [mixin/]: Mixing MixinNoiseGeneratorSettings from terrablender.mixins.json into net.minecraft.world.level.levelgen.NoiseGeneratorSettings
[2112月2025 13:19:37.760] [main/DEBUG] [mixin/]: Mixing access.NoiseGeneratorSettingsAccess from ru.mixin.json into net.minecraft.world.level.levelgen.NoiseGeneratorSettings
[2112月2025 13:19:37.762] [main/DEBUG] [mixin/]: Mixing NoiseSettingsAccessor from tectonic.mixins.json into net.minecraft.world.level.levelgen.NoiseSettings
[2112月2025 13:19:37.795] [main/DEBUG] [mixin/]: Mixing chunk.EndIslandDensityFunctionMixin from tritium.mixins.json into net.minecraft.world.level.levelgen.DensityFunctions$EndIslandDensityFunction
[2112月2025 13:19:37.815] [main/DEBUG] [mixin/]: Mixing common.SinglePoolElementAccessor from lithostitched.mixins.json into net.minecraft.world.level.levelgen.structure.pools.SinglePoolElement
[2112月2025 13:19:37.815] [main/DEBUG] [mixin/]: Mixing jigsaw.SinglePoolElementMixin from tritium.mixins.json into net.minecraft.world.level.levelgen.structure.pools.SinglePoolElement
[2112月2025 13:19:37.870] [main/DEBUG] [mixin/]: Mixing core.NetworkHooksMixin from modernfix-forge.mixins.json into net.minecraftforge.network.NetworkHooks
[2112月2025 13:19:37.874] [main/DEBUG] [net.minecraftforge.network.NetworkHooks/]: Loading Network data for FML net version: FML3
[2112月2025 13:19:37.890] [main/DEBUG] [net.minecraftforge.common.ForgeI18n/CORE]: Loading I18N data entries: 6434
[2112月2025 13:19:37.921] [main/DEBUG] [net.minecraftforge.fml.ModWorkManager/LOADING]: Using 32 threads for parallel mod-loading
[2112月2025 13:19:37.925] [main/DEBUG] [net.minecraftforge.fml.javafmlmod.FMLJavaModLanguageProvider/LOADING]: Loading FMLModContainer from classloader cpw.mods.modlauncher.TransformingClassLoader@3946075 - got cpw.mods.cl.ModuleClassLoader@4a55a6e8
[2112月2025 13:19:37.929] [main/DEBUG] [net.minecraftforge.fml.javafmlmod.FMLModContainer/LOADING]: Creating FMLModContainer instance for me.jellysquid.mods.lithium.common.LithiumMod
[2112月2025 13:19:37.930] [main/DEBUG] [net.minecraftforge.fml.javafmlmod.FMLJavaModLanguageProvider/LOADING]: Loading FMLModContainer from classloader cpw.mods.modlauncher.TransformingClassLoader@3946075 - got cpw.mods.cl.ModuleClassLoader@4a55a6e8
[2112月2025 13:19:37.930] [main/DEBUG] [net.minecraftforge.fml.javafmlmod.FMLModContainer/LOADING]: Creating FMLModContainer instance for net.snackbag.tt20.TT20
[2112月2025 13:19:37.931] [main/DEBUG] [net.minecraftforge.fml.javafmlmod.FMLJavaModLanguageProvider/LOADING]: Loading FMLModContainer from classloader cpw.mods.modlauncher.TransformingClassLoader@3946075 - got cpw.mods.cl.ModuleClassLoader@4a55a6e8
[2112月2025 13:19:37.931] [main/DEBUG] [net.minecraftforge.fml.javafmlmod.FMLModContainer/LOADING]: Creating FMLModContainer instance for software.bernie.example.GeckoLibMod
[2112月2025 13:19:37.932] [main/DEBUG] [net.minecraftforge.fml.javafmlmod.FMLJavaModLanguageProvider/LOADING]: Loading FMLModContainer from classloader cpw.mods.modlauncher.TransformingClassLoader@3946075 - got cpw.mods.cl.ModuleClassLoader@4a55a6e8
[2112月2025 13:19:37.932] [main/DEBUG] [net.minecraftforge.fml.javafmlmod.FMLModContainer/LOADING]: Creating FMLModContainer instance for mezz.jei.forge.JustEnoughItems
[2112月2025 13:19:37.932] [main/DEBUG] [net.minecraftforge.fml.javafmlmod.FMLJavaModLanguageProvider/LOADING]: Loading FMLModContainer from classloader cpw.mods.modlauncher.TransformingClassLoader@3946075 - got cpw.mods.cl.ModuleClassLoader@4a55a6e8
[2112月2025 13:19:37.932] [main/DEBUG] [net.minecraftforge.fml.javafmlmod.FMLModContainer/LOADING]: Creating FMLModContainer instance for dev.worldgen.lithostitched.LithostitchedForge
[2112月2025 13:19:37.933] [main/DEBUG] [net.minecraftforge.fml.javafmlmod.FMLJavaModLanguageProvider/LOADING]: Loading FMLModContainer from classloader cpw.mods.modlauncher.TransformingClassLoader@3946075 - got cpw.mods.cl.ModuleClassLoader@4a55a6e8
[2112月2025 13:19:37.933] [main/DEBUG] [net.minecraftforge.fml.javafmlmod.FMLModContainer/LOADING]: Creating FMLModContainer instance for com.tacz.guns.GunMod
[2112月2025 13:19:37.933] [main/DEBUG] [net.minecraftforge.fml.javafmlmod.FMLJavaModLanguageProvider/LOADING]: Loading FMLModContainer from classloader cpw.mods.modlauncher.TransformingClassLoader@3946075 - got cpw.mods.cl.ModuleClassLoader@4a55a6e8
[2112月2025 13:19:37.933] [main/DEBUG] [net.minecraftforge.fml.javafmlmod.FMLModContainer/LOADING]: Creating FMLModContainer instance for com.jtorleonstudios.libraryferret.LibraryFerret
[2112月2025 13:19:37.934] [main/DEBUG] [net.minecraftforge.fml.javafmlmod.FMLJavaModLanguageProvider/LOADING]: Loading FMLModContainer from classloader cpw.mods.modlauncher.TransformingClassLoader@3946075 - got cpw.mods.cl.ModuleClassLoader@4a55a6e8
[2112月2025 13:19:37.934] [main/DEBUG] [net.minecraftforge.fml.javafmlmod.FMLModContainer/LOADING]: Creating FMLModContainer instance for net.p3pp3rf1y.sophisticatedcore.SophisticatedCore
[2112月2025 13:19:37.934] [main/DEBUG] [net.minecraftforge.fml.javafmlmod.FMLJavaModLanguageProvider/LOADING]: Loading FMLModContainer from classloader cpw.mods.modlauncher.TransformingClassLoader@3946075 - got cpw.mods.cl.ModuleClassLoader@4a55a6e8
[2112月2025 13:19:37.934] [main/DEBUG] [net.minecraftforge.fml.javafmlmod.FMLModContainer/LOADING]: Creating FMLModContainer instance for xaero.map.WorldMapForge
[2112月2025 13:19:37.935] [main/DEBUG] [net.minecraftforge.fml.javafmlmod.FMLJavaModLanguageProvider/LOADING]: Loading FMLModContainer from classloader cpw.mods.modlauncher.TransformingClassLoader@3946075 - got cpw.mods.cl.ModuleClassLoader@4a55a6e8
[2112月2025 13:19:37.935] [main/DEBUG] [net.minecraftforge.fml.javafmlmod.FMLModContainer/LOADING]: Creating FMLModContainer instance for dev.shadowsoffire.placebo.Placebo
[2112月2025 13:19:37.936] [main/DEBUG] [net.minecraftforge.fml.javafmlmod.FMLJavaModLanguageProvider/LOADING]: Loading FMLModContainer from classloader cpw.mods.modlauncher.TransformingClassLoader@3946075 - got cpw.mods.cl.ModuleClassLoader@4a55a6e8
[2112月2025 13:19:37.936] [main/DEBUG] [net.minecraftforge.fml.javafmlmod.FMLModContainer/LOADING]: Creating FMLModContainer instance for org.embeddedt.modernfix.forge.init.ModernFixForge
[2112月2025 13:19:37.937] [main/DEBUG] [net.minecraftforge.fml.javafmlmod.FMLJavaModLanguageProvider/LOADING]: Loading FMLModContainer from classloader cpw.mods.modlauncher.TransformingClassLoader@3946075 - got cpw.mods.cl.ModuleClassLoader@4a55a6e8
[2112月2025 13:19:37.937] [main/DEBUG] [net.minecraftforge.fml.javafmlmod.FMLModContainer/LOADING]: Creating FMLModContainer instance for com.chaosthedude.naturescompass.NaturesCompass
[2112月2025 13:19:37.937] [main/DEBUG] [net.minecraftforge.fml.javafmlmod.FMLJavaModLanguageProvider/LOADING]: Loading FMLModContainer from classloader cpw.mods.modlauncher.TransformingClassLoader@3946075 - got cpw.mods.cl.ModuleClassLoader@4a55a6e8
[2112月2025 13:19:37.937] [main/DEBUG] [net.minecraftforge.fml.javafmlmod.FMLModContainer/LOADING]: Creating FMLModContainer instance for one.pkg.mod.krypton_fnp.KryptonBootstrap
[2112月2025 13:19:37.938] [main/DEBUG] [net.minecraftforge.fml.javafmlmod.FMLJavaModLanguageProvider/LOADING]: Loading FMLModContainer from classloader cpw.mods.modlauncher.TransformingClassLoader@3946075 - got cpw.mods.cl.ModuleClassLoader@4a55a6e8
[2112月2025 13:19:37.938] [main/DEBUG] [net.minecraftforge.fml.javafmlmod.FMLModContainer/LOADING]: Creating FMLModContainer instance for org.craftamethyst.tritium.tritium
[2112月2025 13:19:37.938] [main/DEBUG] [net.minecraftforge.fml.javafmlmod.FMLJavaModLanguageProvider/LOADING]: Loading FMLModContainer from classloader cpw.mods.modlauncher.TransformingClassLoader@3946075 - got cpw.mods.cl.ModuleClassLoader@4a55a6e8
[2112月2025 13:19:37.938] [main/DEBUG] [net.minecraftforge.fml.javafmlmod.FMLModContainer/LOADING]: Creating FMLModContainer instance for com.llamalad7.mixinextras.platform.forge.MixinExtrasMod
[2112月2025 13:19:37.938] [main/DEBUG] [net.minecraftforge.fml.javafmlmod.FMLJavaModLanguageProvider/LOADING]: Loading FMLModContainer from classloader cpw.mods.modlauncher.TransformingClassLoader@3946075 - got cpw.mods.cl.ModuleClassLoader@4a55a6e8
[2112月2025 13:19:37.938] [main/DEBUG] [net.minecraftforge.fml.javafmlmod.FMLModContainer/LOADING]: Creating FMLModContainer instance for com.mafuyu404.oelib.forge.OELibForge
[2112月2025 13:19:37.939] [main/DEBUG] [net.minecraftforge.fml.javafmlmod.FMLJavaModLanguageProvider/LOADING]: Loading FMLModContainer from classloader cpw.mods.modlauncher.TransformingClassLoader@3946075 - got cpw.mods.cl.ModuleClassLoader@4a55a6e8
[2112月2025 13:19:37.939] [main/DEBUG] [net.minecraftforge.fml.javafmlmod.FMLModContainer/LOADING]: Creating FMLModContainer instance for net.p3pp3rf1y.sophisticatedbackpacks.SophisticatedBackpacks
[2112月2025 13:19:37.939] [main/DEBUG] [net.minecraftforge.fml.javafmlmod.FMLJavaModLanguageProvider/LOADING]: Loading FMLModContainer from classloader cpw.mods.modlauncher.TransformingClassLoader@3946075 - got cpw.mods.cl.ModuleClassLoader@4a55a6e8
[2112月2025 13:19:37.939] [main/DEBUG] [net.minecraftforge.fml.javafmlmod.FMLModContainer/LOADING]: Creating FMLModContainer instance for com.leclowndu93150.particular.Main
[2112月2025 13:19:37.940] [main/DEBUG] [net.minecraftforge.fml.javafmlmod.FMLJavaModLanguageProvider/LOADING]: Loading FMLModContainer from classloader cpw.mods.modlauncher.TransformingClassLoader@3946075 - got cpw.mods.cl.ModuleClassLoader@4a55a6e8
[2112月2025 13:19:37.940] [main/DEBUG] [net.minecraftforge.fml.javafmlmod.FMLModContainer/LOADING]: Creating FMLModContainer instance for ca.spottedleaf.starlight.Starlight
[2112月2025 13:19:37.940] [main/DEBUG] [net.minecraftforge.fml.javafmlmod.FMLJavaModLanguageProvider/LOADING]: Loading FMLModContainer from classloader cpw.mods.modlauncher.TransformingClassLoader@3946075 - got cpw.mods.cl.ModuleClassLoader@4a55a6e8
[2112月2025 13:19:37.940] [main/DEBUG] [net.minecraftforge.fml.javafmlmod.FMLModContainer/LOADING]: Creating FMLModContainer instance for net.minecraftforge.common.ForgeMod
[2112月2025 13:19:37.941] [main/DEBUG] [net.minecraftforge.fml.javafmlmod.FMLJavaModLanguageProvider/LOADING]: Loading FMLModContainer from classloader cpw.mods.modlauncher.TransformingClassLoader@3946075 - got cpw.mods.cl.ModuleClassLoader@4a55a6e8
[2112月2025 13:19:37.941] [main/DEBUG] [net.minecraftforge.fml.javafmlmod.FMLModContainer/LOADING]: Creating FMLModContainer instance for com.mo.economy_system.EconomySystem
[2112月2025 13:19:37.942] [main/DEBUG] [net.minecraftforge.fml.javafmlmod.FMLJavaModLanguageProvider/LOADING]: Loading FMLModContainer from classloader cpw.mods.modlauncher.TransformingClassLoader@3946075 - got cpw.mods.cl.ModuleClassLoader@4a55a6e8
[2112月2025 13:19:37.942] [main/DEBUG] [net.minecraftforge.fml.javafmlmod.FMLModContainer/LOADING]: Creating FMLModContainer instance for dev.worldgen.tectonic.TectonicLexforge
[2112月2025 13:19:37.943] [main/DEBUG] [net.minecraftforge.fml.javafmlmod.FMLJavaModLanguageProvider/LOADING]: Loading FMLModContainer from classloader cpw.mods.modlauncher.TransformingClassLoader@3946075 - got cpw.mods.cl.ModuleClassLoader@4a55a6e8
[2112月2025 13:19:37.943] [main/DEBUG] [net.minecraftforge.fml.javafmlmod.FMLModContainer/LOADING]: Creating FMLModContainer instance for terrablender.core.TerraBlenderForge
[2112月2025 13:19:37.943] [main/DEBUG] [net.minecraftforge.fml.javafmlmod.FMLJavaModLanguageProvider/LOADING]: Loading FMLModContainer from classloader cpw.mods.modlauncher.TransformingClassLoader@3946075 - got cpw.mods.cl.ModuleClassLoader@4a55a6e8
[2112月2025 13:19:37.943] [main/DEBUG] [net.minecraftforge.fml.javafmlmod.FMLModContainer/LOADING]: Creating FMLModContainer instance for net.regions_unexplored.RegionsUnexploredMod
[2112月2025 13:19:37.943] [main/DEBUG] [net.minecraftforge.fml.javafmlmod.FMLJavaModLanguageProvider/LOADING]: Loading FMLModContainer from classloader cpw.mods.modlauncher.TransformingClassLoader@3946075 - got cpw.mods.cl.ModuleClassLoader@4a55a6e8
[2112月2025 13:19:37.943] [main/DEBUG] [net.minecraftforge.fml.javafmlmod.FMLModContainer/LOADING]: Creating FMLModContainer instance for org.mods.gd656killicon.Gd656killicon
[2112月2025 13:19:37.946] [main/DEBUG] [net.minecraftforge.fml.javafmlmod.FMLJavaModLanguageProvider/LOADING]: Loading FMLModContainer from classloader cpw.mods.modlauncher.TransformingClassLoader@3946075 - got cpw.mods.cl.ModuleClassLoader@4a55a6e8
[2112月2025 13:19:37.946] [main/DEBUG] [net.minecraftforge.fml.javafmlmod.FMLModContainer/LOADING]: Creating FMLModContainer instance for com.mafuyu404.smartkeyprompts.SmartKeyPrompts
[2112月2025 13:19:37.946] [main/DEBUG] [net.minecraftforge.fml.javafmlmod.FMLJavaModLanguageProvider/LOADING]: Loading FMLModContainer from classloader cpw.mods.modlauncher.TransformingClassLoader@3946075 - got cpw.mods.cl.ModuleClassLoader@4a55a6e8
[2112月2025 13:19:37.946] [main/DEBUG] [net.minecraftforge.fml.javafmlmod.FMLModContainer/LOADING]: Creating FMLModContainer instance for team.creative.creativecore.CreativeCore
[2112月2025 13:19:37.947] [main/DEBUG] [net.minecraftforge.fml.javafmlmod.FMLJavaModLanguageProvider/LOADING]: Loading FMLModContainer from classloader cpw.mods.modlauncher.TransformingClassLoader@3946075 - got cpw.mods.cl.ModuleClassLoader@4a55a6e8
[2112月2025 13:19:37.947] [main/DEBUG] [net.minecraftforge.fml.javafmlmod.FMLModContainer/LOADING]: Creating FMLModContainer instance for com.illusivesoulworks.spectrelib.SpectreForgeMod
[2112月2025 13:19:37.948] [main/DEBUG] [net.minecraftforge.fml.javafmlmod.FMLJavaModLanguageProvider/LOADING]: Loading FMLModContainer from classloader cpw.mods.modlauncher.TransformingClassLoader@3946075 - got cpw.mods.cl.ModuleClassLoader@4a55a6e8
[2112月2025 13:19:37.948] [main/DEBUG] [net.minecraftforge.fml.javafmlmod.FMLModContainer/LOADING]: Creating FMLModContainer instance for com.teamtea.eclipticseasons.EclipticSeasons
[2112月2025 13:19:37.948] [main/DEBUG] [net.minecraftforge.fml.javafmlmod.FMLJavaModLanguageProvider/LOADING]: Loading FMLModContainer from classloader cpw.mods.modlauncher.TransformingClassLoader@3946075 - got cpw.mods.cl.ModuleClassLoader@4a55a6e8
[2112月2025 13:19:37.948] [main/DEBUG] [net.minecraftforge.fml.javafmlmod.FMLModContainer/LOADING]: Creating FMLModContainer instance for com.abdelaziz.smoothboot.SmoothBoot
[2112月2025 13:19:37.948] [main/DEBUG] [net.minecraftforge.fml.javafmlmod.FMLJavaModLanguageProvider/LOADING]: Loading FMLModContainer from classloader cpw.mods.modlauncher.TransformingClassLoader@3946075 - got cpw.mods.cl.ModuleClassLoader@4a55a6e8
[2112月2025 13:19:37.948] [main/DEBUG] [net.minecraftforge.fml.javafmlmod.FMLModContainer/LOADING]: Creating FMLModContainer instance for me.wesley1808.servercore.forge.common.ServerCoreForge
[2112月2025 13:19:37.949] [main/DEBUG] [net.minecraftforge.fml.javafmlmod.FMLJavaModLanguageProvider/LOADING]: Loading FMLModContainer from classloader cpw.mods.modlauncher.TransformingClassLoader@3946075 - got cpw.mods.cl.ModuleClassLoader@4a55a6e8
[2112月2025 13:19:37.949] [main/DEBUG] [net.minecraftforge.fml.javafmlmod.FMLModContainer/LOADING]: Creating FMLModContainer instance for xaero.minimap.XaeroMinimapForge
[2112月2025 13:19:37.951] [main/DEBUG] [net.minecraftforge.fml.javafmlmod.FMLJavaModLanguageProvider/LOADING]: Loading FMLModContainer from classloader cpw.mods.modlauncher.TransformingClassLoader@3946075 - got cpw.mods.cl.ModuleClassLoader@4a55a6e8
[2112月2025 13:19:37.951] [main/DEBUG] [net.minecraftforge.fml.javafmlmod.FMLModContainer/LOADING]: Creating FMLModContainer instance for dev.shadowsoffire.fastbench.FastBench
[2112月2025 13:19:37.952] [main/DEBUG] [net.minecraftforge.fml.javafmlmod.FMLJavaModLanguageProvider/LOADING]: Loading FMLModContainer from classloader cpw.mods.modlauncher.TransformingClassLoader@3946075 - got cpw.mods.cl.ModuleClassLoader@4a55a6e8
[2112月2025 13:19:37.952] [main/DEBUG] [net.minecraftforge.fml.javafmlmod.FMLModContainer/LOADING]: Creating FMLModContainer instance for com.illusivesoulworks.polymorph.PolymorphForgeMod
[2112月2025 13:19:37.953] [main/DEBUG] [net.minecraftforge.fml.lowcodemod.LowCodeModLanguageProvider.LowCodeModTarget/LOADING]: Loading LowCodeModContainer from classloader cpw.mods.modlauncher.TransformingClassLoader@3946075 - got cpw.mods.cl.ModuleClassLoader@4a55a6e8
[2112月2025 13:19:37.953] [main/DEBUG] [net.minecraftforge.fml.lowcodemod.LowCodeModContainer/LOADING]: Creating LowCodeModContainer for mr_dungeons_andtaverns
[2112月2025 13:19:37.953] [main/DEBUG] [net.minecraftforge.fml.javafmlmod.FMLJavaModLanguageProvider/LOADING]: Loading FMLModContainer from classloader cpw.mods.modlauncher.TransformingClassLoader@3946075 - got cpw.mods.cl.ModuleClassLoader@4a55a6e8
[2112月2025 13:19:37.953] [main/DEBUG] [net.minecraftforge.fml.javafmlmod.FMLModContainer/LOADING]: Creating FMLModContainer instance for com.jtorleonstudios.bettervillage.Main
[2112月2025 13:19:37.954] [main/DEBUG] [net.minecraftforge.fml.javafmlmod.FMLJavaModLanguageProvider/LOADING]: Loading FMLModContainer from classloader cpw.mods.modlauncher.TransformingClassLoader@3946075 - got cpw.mods.cl.ModuleClassLoader@4a55a6e8
[2112月2025 13:19:37.954] [main/DEBUG] [net.minecraftforge.fml.javafmlmod.FMLModContainer/LOADING]: Creating FMLModContainer instance for dev.shadowsoffire.fastfurnace.FastFurnace
[2112月2025 13:19:37.955] [main/DEBUG] [net.minecraftforge.fml.javafmlmod.FMLJavaModLanguageProvider/LOADING]: Loading FMLModContainer from classloader cpw.mods.modlauncher.TransformingClassLoader@3946075 - got cpw.mods.cl.ModuleClassLoader@4a55a6e8
[2112月2025 13:19:37.955] [main/DEBUG] [net.minecraftforge.fml.javafmlmod.FMLModContainer/LOADING]: Creating FMLModContainer instance for malte0811.ferritecore.ModMainForge
[2112月2025 13:19:37.955] [main/DEBUG] [net.minecraftforge.fml.javafmlmod.FMLJavaModLanguageProvider/LOADING]: Loading FMLModContainer from classloader cpw.mods.modlauncher.TransformingClassLoader@3946075 - got cpw.mods.cl.ModuleClassLoader@4a55a6e8
[2112月2025 13:19:37.955] [main/DEBUG] [net.minecraftforge.fml.javafmlmod.FMLModContainer/LOADING]: Creating FMLModContainer instance for com.tom.storagemod.StorageMod
[2112月2025 13:19:37.955] [main/DEBUG] [net.minecraftforge.fml.javafmlmod.FMLJavaModLanguageProvider/LOADING]: Loading FMLModContainer from classloader cpw.mods.modlauncher.TransformingClassLoader@3946075 - got cpw.mods.cl.ModuleClassLoader@4a55a6e8
[2112月2025 13:19:37.955] [main/DEBUG] [net.minecraftforge.fml.javafmlmod.FMLModContainer/LOADING]: Creating FMLModContainer instance for team.creative.playerrevive.PlayerRevive
[2112月2025 13:19:38.043] [modloading-worker-0/DEBUG] [net.minecraftforge.fml.javafmlmod.AutomaticEventSubscriber/LOADING]: Attempting to inject @EventBusSubscriber classes into the eventbus for radium
[2112月2025 13:19:38.051] [modloading-worker-0/DEBUG] [net.minecraftforge.fml.javafmlmod.AutomaticEventSubscriber/LOADING]: Attempting to inject @EventBusSubscriber classes into the eventbus for mixinextras
[2112月2025 13:19:38.051] [modloading-worker-0/INFO] [particular/]: I am quite particular about the effects I choose to add :3
[2112月2025 13:19:38.052] [modloading-worker-0/INFO] [Tritium/]: Loading...

  ______       _  __   _                 
 /_  __/_____ (_)/ /_ (_)__  __ ____ ___ 
  / /  / ___// // __// // / / // __ `__ \
 / /  / /   / // /_ / // /_/ // / / / / /
/_/  /_/   /_/ \__//_/ \__,_//_/ /_/ /_/ 
                                         
Version: 1.3.2 | Platform: Forge | Environment: production


[2112月2025 13:19:38.054] [modloading-worker-0/DEBUG] [net.minecraftforge.fml.javafmlmod.AutomaticEventSubscriber/LOADING]: Attempting to inject @EventBusSubscriber classes into the eventbus for starlight
[2112月2025 13:19:38.060] [modloading-worker-0/DEBUG] [net.minecraftforge.fml.javafmlmod.AutomaticEventSubscriber/LOADING]: Attempting to inject @EventBusSubscriber classes into the eventbus for smoothboot
[2112月2025 13:19:38.061] [modloading-worker-0/DEBUG] [mixin/]: Mixing perf.forge_registry_lambda.RegistryObjectMixin from modernfix-forge.mixins.json into net.minecraftforge.registries.RegistryObject
[2112月2025 13:19:38.067] [modloading-worker-0/DEBUG] [net.minecraftforge.fml.javafmlmod.AutomaticEventSubscriber/LOADING]: Attempting to inject @EventBusSubscriber classes into the eventbus for fastfurnace
[2112月2025 13:19:38.070] [modloading-worker-0/DEBUG] [net.minecraftforge.fml.javafmlmod.AutomaticEventSubscriber/LOADING]: Attempting to inject @EventBusSubscriber classes into the eventbus for ferritecore
[2112月2025 13:19:38.083] [modloading-worker-0/INFO] [com.jtorleonstudios.libraryferret.LibraryFerret/]: Initialize mod Library Ferret
[2112月2025 13:19:38.085] [modloading-worker-0/DEBUG] [mixin/]: Mixing ServerResourcesMixin from placebo.mixins.json into net.minecraft.server.ReloadableServerResources
[2112月2025 13:19:38.086] [modloading-worker-0/INFO] [oelib/]: Data registry initialized with 0 registered types
[2112月2025 13:19:38.086] [modloading-worker-0/DEBUG] [net.minecraftforge.fml.javafmlmod.AutomaticEventSubscriber/LOADING]: Attempting to inject @EventBusSubscriber classes into the eventbus for polymorph
[2112月2025 13:19:38.090] [modloading-worker-0/DEBUG] [xaero.map.WorldMap/]: Loaded xaero.map.platform.services.ForgePlatformHelper@588a6891 for service interface xaero.map.platform.services.IPlatformHelper
[2112月2025 13:19:38.100] [modloading-worker-0/DEBUG] [net.minecraftforge.fml.javafmlmod.AutomaticEventSubscriber/LOADING]: Attempting to inject @EventBusSubscriber classes into the eventbus for placebo
[2112月2025 13:19:38.100] [modloading-worker-0/DEBUG] [net.minecraftforge.fml.javafmlmod.AutomaticEventSubscriber/LOADING]: Auto-subscribing dev.shadowsoffire.placebo.util.PlaceboTaskQueue to FORGE
[2112月2025 13:19:38.102] [modloading-worker-0/DEBUG] [net.minecraftforge.fml.javafmlmod.AutomaticEventSubscriber/LOADING]: Attempting to inject @EventBusSubscriber classes into the eventbus for spectrelib
[2112月2025 13:19:38.108] [modloading-worker-0/DEBUG] [net.minecraftforge.fml.javafmlmod.AutomaticEventSubscriber/LOADING]: Attempting to inject @EventBusSubscriber classes into the eventbus for tt20
[2112月2025 13:19:38.108] [modloading-worker-0/DEBUG] [net.minecraftforge.fml.javafmlmod.AutomaticEventSubscriber/LOADING]: Auto-subscribing net.snackbag.tt20.TT20$CommandRegistrationHandler to FORGE
[2112月2025 13:19:38.124] [modloading-worker-0/DEBUG] [playerrevive/]: Created network playerrevive:main
[2112月2025 13:19:38.127] [modloading-worker-0/DEBUG] [net.minecraftforge.fml.javafmlmod.AutomaticEventSubscriber/LOADING]: Attempting to inject @EventBusSubscriber classes into the eventbus for bettervillage
[2112月2025 13:19:38.136] [modloading-worker-0/DEBUG] [one.pkg.config.SewliaConfig/]: Processing configuration field: var1 -> compressionLevel
[2112月2025 13:19:38.136] [modloading-worker-0/DEBUG] [one.pkg.config.SewliaConfig/]: Processing configuration field: var2 -> permitOversizedPackets
[2112月2025 13:19:38.136] [modloading-worker-0/DEBUG] [net.minecraftforge.fml.javafmlmod.AutomaticEventSubscriber/LOADING]: Attempting to inject @EventBusSubscriber classes into the eventbus for terrablender
[2112月2025 13:19:38.136] [modloading-worker-0/DEBUG] [net.minecraftforge.fml.javafmlmod.AutomaticEventSubscriber/LOADING]: Auto-subscribing terrablender.handler.InitializationHandler to FORGE
[2112月2025 13:19:38.137] [modloading-worker-0/DEBUG] [xaero.hud.minimap.MinimapLogs/]: Loaded xaero.common.platform.services.ForgePlatformHelper@5ce45ef4 for service interface xaero.common.platform.services.IPlatformHelper
[2112月2025 13:19:38.150] [modloading-worker-0/DEBUG] [net.minecraftforge.fml.javafmlmod.AutomaticEventSubscriber/LOADING]: Attempting to inject @EventBusSubscriber classes into the eventbus for playerrevive
[2112月2025 13:19:38.152] [modloading-worker-0/DEBUG] [net.minecraftforge.versions.forge.ForgeVersion/CORE]: Forge Version package package net.minecraftforge.versions.forge, Forge, version 47.4 from cpw.mods.modlauncher.TransformingClassLoader@3946075
[2112月2025 13:19:38.153] [modloading-worker-0/DEBUG] [net.minecraftforge.versions.forge.ForgeVersion/CORE]: Found Forge version 47.4.10
[2112月2025 13:19:38.153] [modloading-worker-0/DEBUG] [net.minecraftforge.versions.forge.ForgeVersion/CORE]: Found Forge spec 47.4
[2112月2025 13:19:38.153] [modloading-worker-0/DEBUG] [net.minecraftforge.versions.forge.ForgeVersion/CORE]: Found Forge group net.minecraftforge
[2112月2025 13:19:38.155] [modloading-worker-0/DEBUG] [net.minecraftforge.versions.mcp.MCPVersion/CORE]: MCP Version package package net.minecraftforge.versions.mcp, Minecraft, version 1.20.1 from cpw.mods.modlauncher.TransformingClassLoader@3946075
[2112月2025 13:19:38.155] [modloading-worker-0/DEBUG] [net.minecraftforge.versions.mcp.MCPVersion/CORE]: Found MC version information 1.20.1
[2112月2025 13:19:38.156] [modloading-worker-0/DEBUG] [net.minecraftforge.versions.mcp.MCPVersion/CORE]: Found MCP version information 20230612.114412
[2112月2025 13:19:38.156] [modloading-worker-0/INFO] [net.minecraftforge.common.ForgeMod/FORGEMOD]: Forge mod loading, version 47.4.10, for MC 1.20.1 with MCP 20230612.114412
[2112月2025 13:19:38.156] [modloading-worker-0/INFO] [net.minecraftforge.common.MinecraftForge/FORGE]: MinecraftForge v47.4.10 Initialized
[2112月2025 13:19:38.158] [modloading-worker-0/INFO] [com.jtorleonstudios.libraryferret.LibraryFerret/]: Initialized mod Library Ferret
[2112月2025 13:19:38.159] [modloading-worker-0/DEBUG] [net.minecraftforge.fml.javafmlmod.AutomaticEventSubscriber/LOADING]: Attempting to inject @EventBusSubscriber classes into the eventbus for libraryferret
[2112月2025 13:19:38.159] [modloading-worker-0/DEBUG] [net.minecraftforge.fml.javafmlmod.AutomaticEventSubscriber/LOADING]: Auto-subscribing com.jtorleonstudios.libraryferret.CommonEvent to FORGE
[2112月2025 13:19:38.159] [modloading-worker-0/WARN] [Tritium/]: No accessor found for field path: performance.fastFurnace.fastFurnace
[2112月2025 13:19:38.159] [modloading-worker-0/WARN] [Tritium/]: No accessor found for field path: performance.blockStateCache.blockStatePairKeyCache
[2112月2025 13:19:38.160] [modloading-worker-0/WARN] [Tritium/]: No accessor found for field path: performance.endIslandOptimization.enableEndIslandOptimization
[2112月2025 13:19:38.160] [modloading-worker-0/WARN] [Tritium/]: No accessor found for field path: performance.mathOptimizations.enableMathOptimizations
[2112月2025 13:19:38.160] [modloading-worker-0/WARN] [Tritium/]: No accessor found for field path: performance.mathOptimizations.optimizeLerpFunctions
[2112月2025 13:19:38.160] [modloading-worker-0/WARN] [Tritium/]: No accessor found for field path: performance.mathOptimizations.optimizeLengthSquared
[2112月2025 13:19:38.160] [modloading-worker-0/WARN] [Tritium/]: No accessor found for field path: performance.mathOptimizations.optimizeRandomFunctions
[2112月2025 13:19:38.160] [modloading-worker-0/WARN] [Tritium/]: No accessor found for field path: performance.lightingOptimizations.enableLightingOptimizations
[2112月2025 13:19:38.160] [modloading-worker-0/WARN] [Tritium/]: No accessor found for field path: performance.lightingOptimizations.optimizeDynamicGraph
[2112月2025 13:19:38.161] [modloading-worker-0/WARN] [Tritium/]: No accessor found for field path: performance.lightingOptimizations.bambooLight
[2112月2025 13:19:38.162] [modloading-worker-0/DEBUG] [net.minecraftforge.fml.javafmlmod.AutomaticEventSubscriber/LOADING]: Attempting to inject @EventBusSubscriber classes into the eventbus for xaeroworldmap
[2112月2025 13:19:38.162] [modloading-worker-0/DEBUG] [oelib/]: Registered data-driven type: KeyPromptData | Priority: 1000 | Codec: MapCodecCodec
[2112月2025 13:19:38.163] [modloading-worker-0/WARN] [Tritium/]: No accessor found for field path: entities.entityOpt.optimizeEntities
[2112月2025 13:19:38.163] [modloading-worker-0/WARN] [Tritium/]: No accessor found for field path: entities.entityOpt.tickRaidersInRaid
[2112月2025 13:19:38.163] [modloading-worker-0/WARN] [Tritium/]: No accessor found for field path: entities.entityOpt.ite
[2112月2025 13:19:38.165] [modloading-worker-0/DEBUG] [net.minecraftforge.fml.config.ConfigTracker/CONFIG]: Config file regions_unexplored/ru-common.toml for regions_unexplored tracking
[2112月2025 13:19:38.165] [modloading-worker-0/DEBUG] [net.minecraftforge.fml.config.ConfigTracker/CONFIG]: Config file jei-server.toml for jei tracking
[2112月2025 13:19:38.165] [modloading-worker-0/DEBUG] [net.minecraftforge.fml.config.ConfigTracker/CONFIG]: Config file sophisticatedcore-common.toml for sophisticatedcore tracking
[2112月2025 13:19:38.165] [modloading-worker-0/DEBUG] [net.minecraftforge.fml.config.ConfigTracker/CONFIG]: Config file sophisticatedcore-client.toml for sophisticatedcore tracking
[2112月2025 13:19:38.165] [modloading-worker-0/DEBUG] [net.minecraftforge.fml.config.ConfigTracker/CONFIG]: Config file naturescompass-common.toml for naturescompass tracking
[2112月2025 13:19:38.165] [modloading-worker-0/DEBUG] [net.minecraftforge.fml.config.ConfigTracker/CONFIG]: Config file naturescompass-client.toml for naturescompass tracking
[2112月2025 13:19:38.166] [modloading-worker-0/DEBUG] [net.minecraftforge.fml.config.ConfigTracker/CONFIG]: Config file tacz-common.toml for tacz tracking
[2112月2025 13:19:38.166] [modloading-worker-0/DEBUG] [mixin/]: Mixing ServerPlayerListMixin from mixin.tt20.json into net.minecraft.server.players.PlayerList
[2112月2025 13:19:38.167] [modloading-worker-0/DEBUG] [oelib/]: Registered expression extractor for: KeyPromptData
[2112月2025 13:19:38.167] [modloading-worker-0/DEBUG] [mixin/]: Mixing MixinPlayerList from xaeroworldmap.mixins.json into net.minecraft.server.players.PlayerList
[2112月2025 13:19:38.167] [modloading-worker-0/DEBUG] [net.minecraftforge.fml.config.ConfigTracker/CONFIG]: Config file toms_storage-common.toml for toms_storage tracking
[2112月2025 13:19:38.167] [modloading-worker-0/DEBUG] [net.minecraftforge.fml.config.ConfigTracker/CONFIG]: Config file toms_storage-server.toml for toms_storage tracking
[2112月2025 13:19:38.167] [modloading-worker-0/WARN] [Tritium/]: No accessor found for field path: entities.entityOpt.horizontalRange
[2112月2025 13:19:38.167] [modloading-worker-0/DEBUG] [mixin/]: Mixing perf.smart_ingredient_sync.PlayerListMixin from modernfix-forge.mixins.json into net.minecraft.server.players.PlayerList
[2112月2025 13:19:38.167] [modloading-worker-0/WARN] [Tritium/]: No accessor found for field path: entities.entityOpt.verticalRange
[2112月2025 13:19:38.167] [modloading-worker-0/WARN] [Tritium/]: No accessor found for field path: entities.entityOpt.entityWhitelist
[2112月2025 13:19:38.168] [modloading-worker-0/DEBUG] [mixin/]: Mixing features.dynamic.PlayerListMixin from servercore.common.mixins.json into net.minecraft.server.players.PlayerList
[2112月2025 13:19:38.168] [modloading-worker-0/DEBUG] [mixin/]: servercore.common.mixins.json:features.dynamic.PlayerListMixin: Class version 61 required is higher than the class version supported by the current version of Mixin (JAVA_16 supports class version 60)
[2112月2025 13:19:38.168] [modloading-worker-0/DEBUG] [net.minecraftforge.fml.config.ConfigTracker/CONFIG]: Config file particular-common.toml for particular tracking
[2112月2025 13:19:38.168] [modloading-worker-0/WARN] [Tritium/]: No accessor found for field path: entities.entityStacking.enable
[2112月2025 13:19:38.168] [modloading-worker-0/DEBUG] [mixin/]: Mixing optimizations.players.PlayerListMixin from servercore.common.mixins.json into net.minecraft.server.players.PlayerList
[2112月2025 13:19:38.168] [modloading-worker-0/DEBUG] [mixin/]: servercore.common.mixins.json:optimizations.players.PlayerListMixin: Class version 61 required is higher than the class version supported by the current version of Mixin (JAVA_16 supports class version 60)
[2112月2025 13:19:38.168] [modloading-worker-0/WARN] [Tritium/]: No accessor found for field path: entities.entityStacking.lockMaxedStacks
[2112月2025 13:19:38.168] [modloading-worker-0/DEBUG] [mixin/]: Mixing MixinPlayerList from xaerohud.mixins.json into net.minecraft.server.players.PlayerList
[2112月2025 13:19:38.168] [modloading-worker-0/WARN] [Tritium/]: No accessor found for field path: entities.entityStacking.showStackCount
[2112月2025 13:19:38.168] [modloading-worker-0/WARN] [Tritium/]: No accessor found for field path: entities.entityStacking.maxStackSize
[2112月2025 13:19:38.169] [modloading-worker-0/WARN] [Tritium/]: No accessor found for field path: entities.entityStacking.mergeCooldown
[2112月2025 13:19:38.169] [modloading-worker-0/WARN] [Tritium/]: No accessor found for field path: entities.entityStacking.mergeDistance
[2112月2025 13:19:38.169] [modloading-worker-0/WARN] [Tritium/]: No accessor found for field path: entities.entityStacking.listMode
[2112月2025 13:19:38.169] [modloading-worker-0/WARN] [Tritium/]: No accessor found for field path: entities.entityStacking.itemList
[2112月2025 13:19:38.169] [modloading-worker-0/WARN] [Tritium/]: No accessor found for field path: techOptimizations.createOptimizations.enableRailOffloading
[2112月2025 13:19:38.169] [modloading-worker-0/WARN] [Tritium/]: No accessor found for field path: techOptimizations.lambdaEventListeners.lambdaEventListeners
[2112月2025 13:19:38.169] [modloading-worker-0/WARN] [Tritium/]: No accessor found for field path: serverPerformance.noiseSamplingCache.noiseSamplingCache
[2112月2025 13:19:38.169] [modloading-worker-0/WARN] [Tritium/]: No accessor found for field path: serverPerformance.jigsawOptimizations.enableJigsawOptimizations
[2112月2025 13:19:38.169] [modloading-worker-0/WARN] [Tritium/]: No accessor found for field path: serverPerformance.jigsawOptimizations.enableOctreeCollisionDetection
[2112月2025 13:19:38.169] [modloading-worker-0/WARN] [Tritium/]: No accessor found for field path: serverPerformance.jigsawOptimizations.enableFastWeightedSampling
[2112月2025 13:19:38.170] [modloading-worker-0/WARN] [Tritium/]: No accessor found for field path: serverPerformance.jigsawOptimizations.enableStructureBlockFiltering
[2112月2025 13:19:38.170] [modloading-worker-0/WARN] [Tritium/]: No accessor found for field path: serverPerformance.jigsawOptimizations.enableJigsawGenerationCheck
[2112月2025 13:19:38.170] [modloading-worker-0/WARN] [Tritium/]: No accessor found for field path: serverPerformance.asyncWorldSave.asyncWorldSave
[2112月2025 13:19:38.170] [modloading-worker-0/WARN] [Tritium/]: No accessor found for field path: serverPerformance.asyncWorldSave.asyncWorldSaveTimeoutSeconds
[2112月2025 13:19:38.186] [modloading-worker-0/DEBUG] [net.minecraftforge.fml.javafmlmod.AutomaticEventSubscriber/LOADING]: Attempting to inject @EventBusSubscriber classes into the eventbus for fastbench
[2112月2025 13:19:38.186] [modloading-worker-0/DEBUG] [net.minecraftforge.fml.javafmlmod.AutomaticEventSubscriber/LOADING]: Auto-subscribing dev.shadowsoffire.fastbench.util.SlotUpdateManager to FORGE
[2112月2025 13:19:38.198] [modloading-worker-0/DEBUG] [net.minecraftforge.fml.javafmlmod.AutomaticEventSubscriber/LOADING]: Attempting to inject @EventBusSubscriber classes into the eventbus for naturescompass
[2112月2025 13:19:38.198] [modloading-worker-0/DEBUG] [net.minecraftforge.fml.javafmlmod.AutomaticEventSubscriber/LOADING]: Auto-subscribing com.chaosthedude.naturescompass.registry.NaturesCompassRegistry to MOD
[2112月2025 13:19:38.203] [modloading-worker-0/DEBUG] [net.minecraftforge.fml.config.ConfigTracker/CONFIG]: Config file tacz-server.toml for tacz tracking
[2112月2025 13:19:38.203] [modloading-worker-0/DEBUG] [net.minecraftforge.fml.javafmlmod.AutomaticEventSubscriber/LOADING]: Attempting to inject @EventBusSubscriber classes into the eventbus for particular
[2112月2025 13:19:38.203] [modloading-worker-0/DEBUG] [net.minecraftforge.fml.config.ConfigTracker/CONFIG]: Config file smartkeyprompts-client.toml for smartkeyprompts tracking
[2112月2025 13:19:38.203] [modloading-worker-0/DEBUG] [net.minecraftforge.fml.javafmlmod.AutomaticEventSubscriber/LOADING]: Attempting to inject @EventBusSubscriber classes into the eventbus for smartkeyprompts
[2112月2025 13:19:38.204] [modloading-worker-0/DEBUG] [net.minecraftforge.fml.javafmlmod.AutomaticEventSubscriber/LOADING]: Auto-subscribing com.mafuyu404.smartkeyprompts.Config to MOD
[2112月2025 13:19:38.204] [modloading-worker-0/DEBUG] [net.minecraftforge.fml.config.ConfigTracker/CONFIG]: Config file regions_unexplored/ru-primary-region.toml for regions_unexplored tracking
[2112月2025 13:19:38.206] [modloading-worker-0/DEBUG] [oelib/]: Processing data types in priority order: KeyPromptData(priority:1000)
[2112月2025 13:19:38.206] [modloading-worker-0/INFO] [oelib/]: No datapack data loaded yet; deferring expression engine initialization
[2112月2025 13:19:38.207] [modloading-worker-0/DEBUG] [Tritium/]: Configuration object rebuilt and validated for mod: tritium
[2112月2025 13:19:38.207] [modloading-worker-0/INFO] [Tritium/]: Default configuration validation passed for mod: tritium
[2112月2025 13:19:38.207] [modloading-worker-0/DEBUG] [net.minecraftforge.fml.javafmlmod.AutomaticEventSubscriber/LOADING]: Attempting to inject @EventBusSubscriber classes into the eventbus for oelib
[2112月2025 13:19:38.207] [modloading-worker-0/DEBUG] [net.minecraftforge.fml.javafmlmod.AutomaticEventSubscriber/LOADING]: Auto-subscribing com.mafuyu404.oelib.forge.data.DataManagerBridgeImpl to FORGE
[2112月2025 13:19:38.209] [modloading-worker-0/DEBUG] [net.minecraftforge.fml.javafmlmod.AutomaticEventSubscriber/LOADING]: Auto-subscribing com.mafuyu404.oelib.forge.data.DataManager to FORGE
[2112月2025 13:19:38.210] [modloading-worker-0/DEBUG] [net.minecraftforge.fml.config.ConfigTracker/CONFIG]: Config file regions_unexplored/ru-secondary-region.toml for regions_unexplored tracking
[2112月2025 13:19:38.215] [modloading-worker-0/DEBUG] [net.minecraftforge.fml.javafmlmod.AutomaticEventSubscriber/LOADING]: Attempting to inject @EventBusSubscriber classes into the eventbus for xaerominimap
[2112月2025 13:19:38.215] [modloading-worker-0/DEBUG] [Tritium/]: Cached 34 field accessors for mod: tritium
[2112月2025 13:19:38.215] [modloading-worker-0/INFO] [Tritium/]: [Server DEBUG] Starting config system initialization
[2112月2025 13:19:38.215] [modloading-worker-0/INFO] [Tritium/]: [Server DEBUG] Config path: config\tritium\tritium_config.toml
[2112月2025 13:19:38.215] [modloading-worker-0/INFO] [Tritium/]: [Server DEBUG] Config file already exists
[2112月2025 13:19:38.217] [modloading-worker-0/DEBUG] [net.minecraftforge.fml.config.ConfigTracker/CONFIG]: Config file tacz-client.toml for tacz tracking
[2112月2025 13:19:38.218] [modloading-worker-0/DEBUG] [net.minecraftforge.fml.javafmlmod.AutomaticEventSubscriber/LOADING]: Attempting to inject @EventBusSubscriber classes into the eventbus for jei
[2112月2025 13:19:38.227] [modloading-worker-0/DEBUG] [one.pkg.config.SewliaConfig/]: Loading configuration ModConfig
[2112月2025 13:19:38.227] [modloading-worker-0/DEBUG] [one.pkg.config.SewliaConfig/]: Processing configuration field: var1 -> compressionLevel
[2112月2025 13:19:38.227] [modloading-worker-0/DEBUG] [one.pkg.config.SewliaConfig/]: Processing configuration field: var2 -> permitOversizedPackets
[2112月2025 13:19:38.231] [modloading-worker-0/DEBUG] [net.minecraftforge.fml.javafmlmod.AutomaticEventSubscriber/LOADING]: Attempting to inject @EventBusSubscriber classes into the eventbus for geckolib
[2112月2025 13:19:38.232] [modloading-worker-0/DEBUG] [net.minecraftforge.fml.javafmlmod.AutomaticEventSubscriber/LOADING]: Auto-subscribing software.bernie.example.GeckoLibMod to FORGE
[2112月2025 13:19:38.232] [modloading-worker-0/DEBUG] [net.minecraftforge.fml.javafmlmod.AutomaticEventSubscriber/LOADING]: Auto-subscribing software.bernie.example.CommonListener to MOD
[2112月2025 13:19:38.232] [modloading-worker-0/DEBUG] [Tritium/]: Loaded 43 config values from: config\tritium\tritium_config.toml
[2112月2025 13:19:38.239] [modloading-worker-0/DEBUG] [net.minecraftforge.fml.config.ConfigTracker/CONFIG]: Config file modernfix-common.toml for modernfix tracking
[2112月2025 13:19:38.251] [modloading-worker-0/DEBUG] [net.minecraftforge.fml.config.ConfigTracker/CONFIG]: Config file gd656killicon-client.toml for gd656killicon tracking
[2112月2025 13:19:38.251] [modloading-worker-0/DEBUG] [net.minecraftforge.fml.config.ConfigTracker/CONFIG]: Config file gd656killicon-common.toml for gd656killicon tracking
[2112月2025 13:19:38.264] [modloading-worker-0/DEBUG] [net.minecraftforge.fml.javafmlmod.AutomaticEventSubscriber/LOADING]: Attempting to inject @EventBusSubscriber classes into the eventbus for gd656killicon
[2112月2025 13:19:38.264] [modloading-worker-0/DEBUG] [net.minecraftforge.fml.javafmlmod.AutomaticEventSubscriber/LOADING]: Auto-subscribing org.mods.gd656killicon.Config to MOD
[2112月2025 13:19:38.264] [modloading-worker-0/DEBUG] [mixin/]: Mixing MixinRecipeManager from polymorph.mixins.json into net.minecraft.world.item.crafting.RecipeManager
[2112月2025 13:19:38.264] [modloading-worker-0/DEBUG] [net.minecraftforge.fml.javafmlmod.AutomaticEventSubscriber/LOADING]: Attempting to inject @EventBusSubscriber classes into the eventbus for modernfix
[2112月2025 13:19:38.264] [modloading-worker-0/DEBUG] [mixin/]: Renaming synthetic method lambda$polymorph$getRecipe$1(Lorg/spongepowered/asm/mixin/injection/callback/CallbackInfoReturnable;Lnet/minecraft/world/item/crafting/Recipe;)V to mdf407cb$lambda$polymorph$getRecipe$1$0 in polymorph.mixins.json:MixinRecipeManager
[2112月2025 13:19:38.264] [modloading-worker-0/DEBUG] [mixin/]: Renaming synthetic method lambda$polymorph$getRecipe$0(Lorg/spongepowered/asm/mixin/injection/callback/CallbackInfoReturnable;Lnet/minecraft/resources/ResourceLocation;Lnet/minecraft/world/item/crafting/Recipe;)V to mdf407cb$lambda$polymorph$getRecipe$0$1 in polymorph.mixins.json:MixinRecipeManager
[2112月2025 13:19:38.265] [modloading-worker-0/DEBUG] [mixin/]: Mixing perf.datapack_reload_exceptions.RecipeManagerMixin from modernfix-forge.mixins.json into net.minecraft.world.item.crafting.RecipeManager
[2112月2025 13:19:38.266] [modloading-worker-0/DEBUG] [Tritium/]: Configuration object rebuilt and validated for mod: tritium
[2112月2025 13:19:38.285] [modloading-worker-0/INFO] [one.pkg.config.SewliaConfig/]: All configurations saved
[2112月2025 13:19:38.287] [modloading-worker-0/DEBUG] [net.minecraftforge.fml.config.ConfigTracker/CONFIG]: Config file forge-client.toml for forge tracking
[2112月2025 13:19:38.287] [modloading-worker-0/DEBUG] [net.minecraftforge.fml.config.ConfigTracker/CONFIG]: Config file forge-server.toml for forge tracking
[2112月2025 13:19:38.287] [modloading-worker-0/DEBUG] [net.minecraftforge.fml.ModLoadingContext/]: Attempted to register an empty config for type COMMON on mod forge
[2112月2025 13:19:38.287] [modloading-worker-0/DEBUG] [one.pkg.config.SewliaConfig/]: Reloading configuration ModConfig
[2112月2025 13:19:38.287] [modloading-worker-0/INFO] [one.pkg.config.SewliaConfig/]: Reloaded configuration: ModConfig
[2112月2025 13:19:38.287] [modloading-worker-0/INFO] [one.pkg.config.SewliaConfig/]: Successfully initialized configuration manager, loaded 1 configuration classes
[2112月2025 13:19:38.287] [modloading-worker-0/WARN] [one.pkg.mod.krypton_fnp.shared.ModSharedBootstrap/]: ================= KRYPTON FNP =================
[2112月2025 13:19:38.287] [modloading-worker-0/WARN] [one.pkg.mod.krypton_fnp.shared.ModSharedBootstrap/]: Do not send messages about your game malfunctioning due to KryptonFNP in places the author cannot see.
[2112月2025 13:19:38.288] [modloading-worker-0/WARN] [one.pkg.mod.krypton_fnp.shared.ModSharedBootstrap/]: The author is unaware of this bug and therefore cannot fix it!
[2112月2025 13:19:38.288] [modloading-worker-0/WARN] [one.pkg.mod.krypton_fnp.shared.ModSharedBootstrap/]: Please send feedback via CurseForge, Github, or Discord so the author can quickly locate the issue!
[2112月2025 13:19:38.288] [modloading-worker-0/WARN] [one.pkg.mod.krypton_fnp.shared.ModSharedBootstrap/]: ===============================================
[2112月2025 13:19:38.288] [modloading-worker-0/INFO] [one.pkg.mod.krypton_fnp.shared.ModSharedBootstrap/]: Krypton is now accelerating your Minecraft server's networking stack ?
[2112月2025 13:19:38.293] [modloading-worker-0/DEBUG] [Tritium/]: Started config file watcher for: config\tritium\tritium_config.toml
[2112月2025 13:19:38.293] [modloading-worker-0/INFO] [Tritium/]: Config registered successfully for mod: tritium (environment: server)
[2112月2025 13:19:38.294] [modloading-worker-0/INFO] [Tritium/]: Config initialized
[2112月2025 13:19:38.299] [modloading-worker-0/INFO] [Tritium/]: Client ok
[2112月2025 13:19:38.303] [modloading-worker-0/DEBUG] [Tritium/]: Skipping config screen registration for mod tritium in server environment
[2112月2025 13:19:38.310] [modloading-worker-0/DEBUG] [net.minecraftforge.fml.javafmlmod.AutomaticEventSubscriber/LOADING]: Attempting to inject @EventBusSubscriber classes into the eventbus for tritium
[2112月2025 13:19:38.333] [modloading-worker-0/DEBUG] [mixin/]: Mixing MixinInventoryMenu from fastbench.mixins.json into net.minecraft.world.inventory.InventoryMenu
[2112月2025 13:19:38.333] [modloading-worker-0/DEBUG] [net.minecraftforge.fml.javafmlmod.AutomaticEventSubscriber/LOADING]: Attempting to inject @EventBusSubscriber classes into the eventbus for forge
[2112月2025 13:19:38.333] [modloading-worker-0/DEBUG] [net.minecraftforge.fml.javafmlmod.AutomaticEventSubscriber/LOADING]: Auto-subscribing net.minecraftforge.common.ForgeSpawnEggItem$CommonHandler to MOD
[2112月2025 13:19:38.333] [modloading-worker-0/DEBUG] [mixin/]: Mixing AccessorInventoryMenu from polymorph.mixins.json into net.minecraft.world.inventory.InventoryMenu
[2112月2025 13:19:38.334] [modloading-worker-0/DEBUG] [creativecore/]: Created network creativecore:main
[2112月2025 13:19:38.343] [modloading-worker-0/DEBUG] [net.minecraftforge.fml.config.ConfigTracker/CONFIG]: Config file eclipticseasons-common.toml for eclipticseasons tracking
[2112月2025 13:19:38.361] [modloading-worker-0/DEBUG] [net.minecraftforge.fml.javafmlmod.AutomaticEventSubscriber/LOADING]: Attempting to inject @EventBusSubscriber classes into the eventbus for creativecore
[2112月2025 13:19:38.367] [modloading-worker-0/DEBUG] [net.minecraftforge.fml.config.ConfigTracker/CONFIG]: Config file sophisticatedbackpacks-server.toml for sophisticatedbackpacks tracking
[2112月2025 13:19:38.367] [modloading-worker-0/DEBUG] [net.minecraftforge.fml.config.ConfigTracker/CONFIG]: Config file sophisticatedbackpacks-common.toml for sophisticatedbackpacks tracking
[2112月2025 13:19:38.371] [modloading-worker-0/DEBUG] [net.minecraftforge.fml.config.ConfigTracker/CONFIG]: Config file eclipticseasons-client.toml for eclipticseasons tracking
[2112月2025 13:19:38.377] [modloading-worker-0/DEBUG] [net.minecraftforge.fml.javafmlmod.AutomaticEventSubscriber/LOADING]: Attempting to inject @EventBusSubscriber classes into the eventbus for sophisticatedcore
[2112月2025 13:19:38.400] [modloading-worker-0/DEBUG] [io.netty.buffer.AbstractByteBuf/]: -Dio.netty.buffer.checkAccessible: true
[2112月2025 13:19:38.400] [modloading-worker-0/DEBUG] [io.netty.buffer.AbstractByteBuf/]: -Dio.netty.buffer.checkBounds: true
[2112月2025 13:19:38.405] [modloading-worker-0/DEBUG] [io.netty.util.ResourceLeakDetectorFactory/]: Loaded default ResourceLeakDetector: io.netty.util.ResourceLeakDetector@4b338d8d
[2112月2025 13:19:38.410] [modloading-worker-0/INFO] [me.wesley1808.servercore.common.ServerCore/]: [ServerCore] Loaded V1.5.2+1.20.1!
[2112月2025 13:19:38.415] [modloading-worker-0/DEBUG] [net.minecraftforge.fml.javafmlmod.AutomaticEventSubscriber/LOADING]: Attempting to inject @EventBusSubscriber classes into the eventbus for servercore
[2112月2025 13:19:38.448] [modloading-worker-0/DEBUG] [mixin/]: Mixing PathPackResourcesAccessor from creativecore.mixins.json into net.minecraft.server.packs.PathPackResources
[2112月2025 13:19:38.458] [modloading-worker-0/INFO] [one.pkg.mod.krypton_fnp.shared.ModSharedBootstrap/]: Compression will use RecastXZ 2 (Windows x86_64), encryption will use Java
[2112月2025 13:19:38.458] [modloading-worker-0/DEBUG] [net.minecraftforge.fml.javafmlmod.AutomaticEventSubscriber/LOADING]: Attempting to inject @EventBusSubscriber classes into the eventbus for krypton_fnp
[2112月2025 13:19:38.463] [modloading-worker-0/DEBUG] [net.minecraftforge.fml.javafmlmod.AutomaticEventSubscriber/LOADING]: Attempting to inject @EventBusSubscriber classes into the eventbus for toms_storage
[2112月2025 13:19:38.492] [modloading-worker-0/DEBUG] [mixin/]: Mixing perf.faster_ingredients.ForgeHooksMixin from modernfix-forge.mixins.json into net.minecraftforge.common.ForgeHooks
[2112月2025 13:19:38.499] [modloading-worker-0/DEBUG] [net.minecraftforge.fml.javafmlmod.AutomaticEventSubscriber/LOADING]: Attempting to inject @EventBusSubscriber classes into the eventbus for eclipticseasons
[2112月2025 13:19:38.499] [modloading-worker-0/DEBUG] [net.minecraftforge.fml.javafmlmod.AutomaticEventSubscriber/LOADING]: Auto-subscribing com.teamtea.eclipticseasons.common.registry.SoundEventsRegistry to MOD
[2112月2025 13:19:38.501] [modloading-worker-0/DEBUG] [net.minecraftforge.fml.javafmlmod.AutomaticEventSubscriber/LOADING]: Auto-subscribing com.teamtea.eclipticseasons.common.registry.ParticleRegistry to MOD
[2112月2025 13:19:38.503] [modloading-worker-0/INFO] [com.mo.economy_system.EconomySystem/]: Economy System Mod Initialized!
[2112月2025 13:19:38.503] [modloading-worker-0/DEBUG] [net.minecraftforge.fml.javafmlmod.AutomaticEventSubscriber/LOADING]: Attempting to inject @EventBusSubscriber classes into the eventbus for economy_system
[2112月2025 13:19:38.503] [modloading-worker-0/DEBUG] [net.minecraftforge.fml.javafmlmod.AutomaticEventSubscriber/LOADING]: Auto-subscribing com.mo.economy_system.server.rank.PlayerRankManager to FORGE
[2112月2025 13:19:38.506] [modloading-worker-0/DEBUG] [net.minecraftforge.fml.javafmlmod.AutomaticEventSubscriber/LOADING]: Auto-subscribing com.mo.economy_system.server.playerdatasave.PlayerDataManager to FORGE
[2112月2025 13:19:38.510] [modloading-worker-0/INFO] [com.mo.economy_system.EconomySystem/]: 玩家数据文件已存在：config\economy_system\player_data.json
[2112月2025 13:19:38.515] [modloading-worker-0/DEBUG] [net.minecraftforge.fml.javafmlmod.AutomaticEventSubscriber/LOADING]: Auto-subscribing com.teamtea.eclipticseasons.common.registry.ModContents to MOD
[2112月2025 13:19:38.518] [modloading-worker-0/DEBUG] [net.minecraftforge.fml.javafmlmod.AutomaticEventSubscriber/LOADING]: Auto-subscribing com.mo.economy_system.server.chattitle.TitleRegistry to MOD
[2112月2025 13:19:38.521] [modloading-worker-0/DEBUG] [net.minecraftforge.fml.javafmlmod.AutomaticEventSubscriber/LOADING]: Auto-subscribing com.mo.economy_system.server.chattitle.PlayerTitleManager to FORGE
[2112月2025 13:19:38.521] [modloading-worker-0/DEBUG] [net.minecraftforge.fml.javafmlmod.AutomaticEventSubscriber/LOADING]: Auto-subscribing com.teamtea.eclipticseasons.common.registry.EffectRegistry to MOD
[2112月2025 13:19:38.524] [modloading-worker-0/DEBUG] [net.minecraftforge.fml.javafmlmod.AutomaticEventSubscriber/LOADING]: Auto-subscribing com.mo.economy_system.server.chattitle.ChangeChatEvent to FORGE
[2112月2025 13:19:38.526] [modloading-worker-0/DEBUG] [net.minecraftforge.fml.javafmlmod.AutomaticEventSubscriber/LOADING]: Auto-subscribing com.teamtea.eclipticseasons.common.command.CommandHandler to FORGE
[2112月2025 13:19:38.527] [modloading-worker-0/DEBUG] [net.minecraftforge.fml.javafmlmod.AutomaticEventSubscriber/LOADING]: Auto-subscribing com.mo.economy_system.server.LoginSync to FORGE
[2112月2025 13:19:38.531] [modloading-worker-0/DEBUG] [net.minecraftforge.fml.javafmlmod.AutomaticEventSubscriber/LOADING]: Auto-subscribing com.mo.economy_system.server.GetServerInstance to FORGE
[2112月2025 13:19:38.533] [modloading-worker-0/DEBUG] [net.minecraftforge.fml.javafmlmod.AutomaticEventSubscriber/LOADING]: Auto-subscribing com.mo.economy_system.server.ChangeServerMOTD to FORGE
[2112月2025 13:19:38.535] [modloading-worker-0/DEBUG] [net.minecraftforge.fml.javafmlmod.AutomaticEventSubscriber/LOADING]: Auto-subscribing com.mo.economy_system.server.ChangeJoinMessage to FORGE
[2112月2025 13:19:38.541] [modloading-worker-0/DEBUG] [net.minecraftforge.fml.javafmlmod.AutomaticEventSubscriber/LOADING]: Auto-subscribing com.teamtea.eclipticseasons.common.AllListener to FORGE
[2112月2025 13:19:38.541] [modloading-worker-0/DEBUG] [net.minecraftforge.fml.javafmlmod.AutomaticEventSubscriber/LOADING]: Auto-subscribing com.mo.economy_system.server.ChangeJoinMessage$registerConfig to MOD
[2112月2025 13:19:38.543] [modloading-worker-0/DEBUG] [net.minecraftforge.fml.javafmlmod.AutomaticEventSubscriber/LOADING]: Auto-subscribing com.mo.economy_system.item.EconomySystem_Items to MOD
[2112月2025 13:19:38.543] [modloading-worker-0/DEBUG] [net.minecraftforge.fml.javafmlmod.AutomaticEventSubscriber/LOADING]: Auto-subscribing com.mo.economy_system.events.territory_system.EventHandler_Territory to FORGE
[2112月2025 13:19:38.557] [modloading-worker-0/DEBUG] [net.minecraftforge.fml.javafmlmod.AutomaticEventSubscriber/LOADING]: Auto-subscribing com.mo.economy_system.events.territory_system.EventHandler_Player to FORGE
[2112月2025 13:19:38.566] [modloading-worker-0/DEBUG] [net.minecraftforge.fml.javafmlmod.AutomaticEventSubscriber/LOADING]: Attempting to inject @EventBusSubscriber classes into the eventbus for tectonic
[2112月2025 13:19:38.573] [modloading-worker-0/DEBUG] [net.minecraftforge.fml.javafmlmod.AutomaticEventSubscriber/LOADING]: Auto-subscribing com.mo.economy_system.events.EconomySystem_EventHandler to FORGE
[2112月2025 13:19:38.578] [modloading-worker-0/DEBUG] [net.minecraftforge.fml.javafmlmod.AutomaticEventSubscriber/LOADING]: Auto-subscribing com.mo.economy_system.entity.entities.HiveZombieEntity to MOD
[2112月2025 13:19:38.601] [modloading-worker-0/DEBUG] [mixin/]: Mixing ai.task.launch.BrainMixin from lithium.mixins.json into net.minecraft.world.entity.ai.Brain
[2112月2025 13:19:38.602] [modloading-worker-0/DEBUG] [mixin/]: lithium.mixins.json:ai.task.launch.BrainMixin: Class version 61 required is higher than the class version supported by the current version of Mixin (JAVA_16 supports class version 60)
[2112月2025 13:19:38.604] [modloading-worker-0/DEBUG] [mixin/]: Mixing ai.task.memory_change_counting.BrainMixin from lithium.mixins.json into net.minecraft.world.entity.ai.Brain
[2112月2025 13:19:38.604] [modloading-worker-0/DEBUG] [mixin/]: lithium.mixins.json:ai.task.memory_change_counting.BrainMixin: Class version 61 required is higher than the class version supported by the current version of Mixin (JAVA_16 supports class version 60)
[2112月2025 13:19:38.604] [modloading-worker-0/DEBUG] [mixin/]: Mixing collections.brain.BrainMixin from lithium.mixins.json into net.minecraft.world.entity.ai.Brain
[2112月2025 13:19:38.604] [modloading-worker-0/DEBUG] [mixin/]: lithium.mixins.json:collections.brain.BrainMixin: Class version 61 required is higher than the class version supported by the current version of Mixin (JAVA_16 supports class version 60)
[2112月2025 13:19:38.621] [modloading-worker-0/DEBUG] [mixin/]: Mixing collections.attributes.AttributeContainerMixin from lithium.mixins.json into net.minecraft.world.entity.ai.attributes.AttributeMap
[2112月2025 13:19:38.621] [modloading-worker-0/DEBUG] [mixin/]: lithium.mixins.json:collections.attributes.AttributeContainerMixin: Class version 61 required is higher than the class version supported by the current version of Mixin (JAVA_16 supports class version 60)
[2112月2025 13:19:38.623] [modloading-worker-0/DEBUG] [mixin/]: Mixing CombatTrackerAccessor from playerrevive.mixins.json into net.minecraft.world.damagesource.CombatTracker
[2112月2025 13:19:38.638] [modloading-worker-0/DEBUG] [net.minecraftforge.fml.javafmlmod.AutomaticEventSubscriber/LOADING]: Auto-subscribing com.mo.economy_system.entity.EconomySystem_EntitySpawns to MOD
[2112月2025 13:19:38.642] [modloading-worker-0/DEBUG] [net.minecraftforge.fml.javafmlmod.AutomaticEventSubscriber/LOADING]: Auto-subscribing com.mo.economy_system.enchant.EconomySystem_Enchants to MOD
[2112月2025 13:19:38.642] [modloading-worker-0/DEBUG] [net.minecraftforge.fml.javafmlmod.AutomaticEventSubscriber/LOADING]: Auto-subscribing com.mo.economy_system.datagen.EconomySystem_DataGenerators to MOD
[2112月2025 13:19:38.644] [modloading-worker-0/DEBUG] [net.minecraftforge.fml.javafmlmod.AutomaticEventSubscriber/LOADING]: Auto-subscribing com.mo.economy_system.core.task_system.TaskSyncEvent to FORGE
[2112月2025 13:19:38.645] [modloading-worker-0/DEBUG] [net.minecraftforge.fml.javafmlmod.AutomaticEventSubscriber/LOADING]: Auto-subscribing com.mo.economy_system.core.task_system.TaskDataManager to FORGE
[2112月2025 13:19:38.656] [modloading-worker-0/INFO] [com.mo.economy_system.EconomySystem/]: 玩家任务数据文件已存在：config\economy_system\task_player_data.json
[2112月2025 13:19:38.656] [modloading-worker-0/INFO] [com.mo.economy_system.EconomySystem/]: 服务器任务数据文件已存在：config\economy_system\task_server_data.json
[2112月2025 13:19:38.657] [modloading-worker-0/DEBUG] [net.minecraftforge.fml.javafmlmod.AutomaticEventSubscriber/LOADING]: Auto-subscribing com.mo.economy_system.core.playerlevel_system.overalllevel.PlayerLevelManager to FORGE
[2112月2025 13:19:38.659] [modloading-worker-0/DEBUG] [net.minecraftforge.fml.javafmlmod.AutomaticEventSubscriber/LOADING]: Auto-subscribing com.mo.economy_system.commands.tpa_system.Command_Tpa to FORGE
[2112月2025 13:19:38.660] [modloading-worker-0/DEBUG] [net.minecraftforge.fml.javafmlmod.AutomaticEventSubscriber/LOADING]: Attempting to inject @EventBusSubscriber classes into the eventbus for lithostitched
[2112月2025 13:19:38.664] [modloading-worker-0/DEBUG] [net.minecraftforge.fml.javafmlmod.AutomaticEventSubscriber/LOADING]: Auto-subscribing com.mo.economy_system.commands.title_system.Command_Title to FORGE
[2112月2025 13:19:38.667] [modloading-worker-0/DEBUG] [net.minecraftforge.fml.javafmlmod.AutomaticEventSubscriber/LOADING]: Auto-subscribing com.mo.economy_system.commands.task_system.Command_Task to FORGE
[2112月2025 13:19:38.671] [modloading-worker-0/DEBUG] [net.minecraftforge.fml.javafmlmod.AutomaticEventSubscriber/LOADING]: Auto-subscribing com.mo.economy_system.commands.rank_system.Command_Rank to FORGE
[2112月2025 13:19:38.673] [modloading-worker-0/DEBUG] [net.minecraftforge.fml.javafmlmod.AutomaticEventSubscriber/LOADING]: Auto-subscribing com.mo.economy_system.commands.level_system.Command_OverAllLevel to FORGE
[2112月2025 13:19:38.677] [modloading-worker-0/DEBUG] [net.minecraftforge.fml.javafmlmod.AutomaticEventSubscriber/LOADING]: Auto-subscribing com.mo.economy_system.Config to MOD
[2112月2025 13:19:38.680] [modloading-worker-0/DEBUG] [net.minecraftforge.fml.config.ConfigTracker/CONFIG]: Config file economy_system/economy_system-join_message.toml for economy_system tracking
[2112月2025 13:19:38.691] [modloading-worker-0/DEBUG] [net.minecraftforge.fml.javafmlmod.AutomaticEventSubscriber/LOADING]: Attempting to inject @EventBusSubscriber classes into the eventbus for tacz
[2112月2025 13:19:38.691] [modloading-worker-0/DEBUG] [net.minecraftforge.fml.javafmlmod.AutomaticEventSubscriber/LOADING]: Auto-subscribing com.tacz.guns.resource.CommonAssetsManager to FORGE
[2112月2025 13:19:38.731] [modloading-worker-0/DEBUG] [net.minecraftforge.fml.javafmlmod.AutomaticEventSubscriber/LOADING]: Auto-subscribing com.tacz.guns.init.ModRecipe to MOD
[2112月2025 13:19:38.731] [modloading-worker-0/DEBUG] [net.minecraftforge.fml.javafmlmod.AutomaticEventSubscriber/LOADING]: Auto-subscribing com.tacz.guns.init.ModItems to MOD
[2112月2025 13:19:38.732] [modloading-worker-0/DEBUG] [net.minecraftforge.fml.javafmlmod.AutomaticEventSubscriber/LOADING]: Auto-subscribing com.tacz.guns.init.CompatRegistry to MOD
[2112月2025 13:19:38.734] [modloading-worker-0/DEBUG] [net.minecraftforge.fml.javafmlmod.AutomaticEventSubscriber/LOADING]: Auto-subscribing com.tacz.guns.init.CommonRegistry to MOD
[2112月2025 13:19:38.738] [modloading-worker-0/DEBUG] [net.minecraftforge.fml.javafmlmod.AutomaticEventSubscriber/LOADING]: Auto-subscribing com.tacz.guns.init.CommandRegistry to FORGE
[2112月2025 13:19:38.739] [modloading-worker-0/DEBUG] [net.minecraftforge.fml.javafmlmod.AutomaticEventSubscriber/LOADING]: Auto-subscribing com.tacz.guns.init.CapabilityRegistry to MOD
[2112月2025 13:19:38.741] [modloading-worker-0/DEBUG] [net.minecraftforge.fml.javafmlmod.AutomaticEventSubscriber/LOADING]: Auto-subscribing com.tacz.guns.event.TravelToDimensionEvent to FORGE
[2112月2025 13:19:38.743] [modloading-worker-0/DEBUG] [net.minecraftforge.fml.javafmlmod.AutomaticEventSubscriber/LOADING]: Auto-subscribing com.tacz.guns.event.SyncedEntityDataEvent to FORGE
[2112月2025 13:19:38.750] [modloading-worker-0/DEBUG] [net.minecraftforge.fml.javafmlmod.AutomaticEventSubscriber/LOADING]: Auto-subscribing com.tacz.guns.event.SyncBaseTimestamp to FORGE
[2112月2025 13:19:38.752] [modloading-worker-0/DEBUG] [net.minecraftforge.fml.javafmlmod.AutomaticEventSubscriber/LOADING]: Auto-subscribing com.tacz.guns.event.ServerTickEvent to FORGE
[2112月2025 13:19:38.753] [modloading-worker-0/DEBUG] [net.minecraftforge.fml.javafmlmod.AutomaticEventSubscriber/LOADING]: Auto-subscribing com.tacz.guns.event.PreventGunClick to FORGE
[2112月2025 13:19:38.756] [modloading-worker-0/DEBUG] [net.minecraftforge.fml.javafmlmod.AutomaticEventSubscriber/LOADING]: Auto-subscribing com.tacz.guns.event.PlayerRespawnEvent to FORGE
[2112月2025 13:19:38.761] [modloading-worker-0/DEBUG] [net.minecraftforge.fml.javafmlmod.AutomaticEventSubscriber/LOADING]: Auto-subscribing com.tacz.guns.event.LoadingConfigEvent to MOD
[2112月2025 13:19:38.763] [modloading-worker-0/DEBUG] [net.minecraftforge.fml.javafmlmod.AutomaticEventSubscriber/LOADING]: Auto-subscribing com.tacz.guns.event.KnockbackChange to FORGE
[2112月2025 13:19:38.765] [modloading-worker-0/DEBUG] [net.minecraftforge.fml.javafmlmod.AutomaticEventSubscriber/LOADING]: Auto-subscribing com.tacz.guns.event.HitboxHelperEvent to FORGE
[2112月2025 13:19:38.767] [modloading-worker-0/DEBUG] [net.minecraftforge.fml.javafmlmod.AutomaticEventSubscriber/LOADING]: Auto-subscribing com.tacz.guns.event.EntityDamageEvent to FORGE
[2112月2025 13:19:38.769] [modloading-worker-0/DEBUG] [net.minecraftforge.fml.javafmlmod.AutomaticEventSubscriber/LOADING]: Auto-subscribing com.tacz.guns.event.CommonLoadPack to MOD
[2112月2025 13:19:38.770] [modloading-worker-0/DEBUG] [net.minecraftforge.fml.javafmlmod.AutomaticEventSubscriber/LOADING]: Auto-subscribing com.tacz.guns.event.ammo.DestroyGlassBlock to FORGE
[2112月2025 13:19:38.776] [modloading-worker-0/DEBUG] [net.minecraftforge.fml.javafmlmod.AutomaticEventSubscriber/LOADING]: Auto-subscribing com.tacz.guns.event.ammo.BellRing to FORGE
[2112月2025 13:19:38.778] [modloading-worker-0/DEBUG] [net.minecraftforge.fml.javafmlmod.AutomaticEventSubscriber/LOADING]: Auto-subscribing com.tacz.guns.client.event.TooltipEvent to FORGE
[2112月2025 13:19:38.794] [modloading-worker-0/DEBUG] [net.minecraftforge.fml.javafmlmod.AutomaticEventSubscriber/LOADING]: Attempting to inject @EventBusSubscriber classes into the eventbus for sophisticatedbackpacks
[2112月2025 13:19:38.968] [modloading-worker-0/DEBUG] [net.minecraftforge.fml.javafmlmod.AutomaticEventSubscriber/LOADING]: Attempting to inject @EventBusSubscriber classes into the eventbus for regions_unexplored
[2112月2025 13:19:38.968] [modloading-worker-0/DEBUG] [net.minecraftforge.fml.javafmlmod.AutomaticEventSubscriber/LOADING]: Auto-subscribing net.regions_unexplored.datagen.DataGeneration to MOD
[2112月2025 13:19:38.979] [modloading-worker-0/DEBUG] [net.minecraftforge.fml.javafmlmod.AutomaticEventSubscriber/LOADING]: Auto-subscribing net.regions_unexplored.block.compat.FurnaceBurnTimes to FORGE
[2112月2025 13:19:39.129] [main/DEBUG] [SpectreLib/CONFIG]: Loading global configs
[2112月2025 13:19:39.284] [main/DEBUG] [mixin/]: Mixing common.RegistryDataLoaderMixin from lithostitched.mixins.json into net.minecraft.resources.RegistryDataLoader
[2112月2025 13:19:39.838] [main/DEBUG] [net.minecraftforge.common.capabilities.CapabilityManager/CAPABILITIES]: Attempting to automatically register: Lcom/teamtea/eclipticseasons/common/advancement/SolarTermsRecord;
[2112月2025 13:19:39.838] [main/DEBUG] [net.minecraftforge.common.capabilities.CapabilityManager/CAPABILITIES]: Attempting to automatically register: Lnet/minecraftforge/energy/IEnergyStorage;
[2112月2025 13:19:39.838] [main/DEBUG] [net.minecraftforge.common.capabilities.CapabilityManager/CAPABILITIES]: Attempting to automatically register: Lnet/minecraftforge/fluids/capability/IFluidHandler;
[2112月2025 13:19:39.838] [main/DEBUG] [net.minecraftforge.common.capabilities.CapabilityManager/CAPABILITIES]: Attempting to automatically register: Lnet/minecraftforge/fluids/capability/IFluidHandlerItem;
[2112月2025 13:19:39.838] [main/DEBUG] [net.minecraftforge.common.capabilities.CapabilityManager/CAPABILITIES]: Attempting to automatically register: Lnet/minecraftforge/items/IItemHandler;
[2112月2025 13:19:40.713] [main/DEBUG] [placebo/]: Registered 0 recipe types.
[2112月2025 13:19:40.719] [main/DEBUG] [mixin/]: Mixing AccessorSmithingTransformRecipe from polymorph.mixins.json into net.minecraft.world.item.crafting.SmithingTransformRecipe
[2112月2025 13:19:40.865] [main/DEBUG] [net.minecraftforge.coremod.transformer.CoreModBaseTransformer/COREMOD]: Transforming net/minecraft/world/entity/raid/Raid
[2112月2025 13:19:40.872] [main/DEBUG] [mixin/]: Mixing ai.raid.RaidMixin from lithium.mixins.json into net.minecraft.world.entity.raid.Raid
[2112月2025 13:19:40.872] [main/DEBUG] [mixin/]: lithium.mixins.json:ai.raid.RaidMixin: Class version 61 required is higher than the class version supported by the current version of Mixin (JAVA_16 supports class version 60)
[2112月2025 13:19:40.968] [main/DEBUG] [mixin/]: Mixing common.ServerLifecycleHooksMixin from lithostitched.forge.mixins.json into net.minecraftforge.server.ServerLifecycleHooks
[2112月2025 13:19:40.968] [main/DEBUG] [mixin/]: Renaming synthetic method lambda$lithostitched$injectBiomeModifers$1(Ljava/util/List;Ljava/util/Map$Entry;)V to mdf407cb$lambda$lithostitched$injectBiomeModifers$1$0 in lithostitched.forge.mixins.json:common.ServerLifecycleHooksMixin
[2112月2025 13:19:40.968] [main/DEBUG] [mixin/]: Renaming synthetic method lambda$lithostitched$injectBiomeModifers$0(Ljava/util/Map$Entry;)Z to mdf407cb$lambda$lithostitched$injectBiomeModifers$0$1 in lithostitched.forge.mixins.json:common.ServerLifecycleHooksMixin
[2112月2025 13:19:41.178] [main/DEBUG] [net.minecraftforge.fml.config.ConfigTracker/CONFIG]: Loading configs type COMMON
[2112月2025 13:19:41.178] [main/DEBUG] [net.minecraftforge.fml.config.ConfigFileTypeHandler/CONFIG]: Built TOML config for D:\Desktop\Dreamingfish_Server_github\EconomySystem\server\config\regions_unexplored\ru-common.toml
[2112月2025 13:19:41.179] [main/DEBUG] [net.minecraftforge.fml.config.ConfigFileTypeHandler/CONFIG]: Loaded TOML config file D:\Desktop\Dreamingfish_Server_github\EconomySystem\server\config\regions_unexplored\ru-common.toml
[2112月2025 13:19:41.182] [main/DEBUG] [net.minecraftforge.fml.config.ConfigFileTypeHandler/CONFIG]: Watching TOML config file D:\Desktop\Dreamingfish_Server_github\EconomySystem\server\config\regions_unexplored\ru-common.toml for changes
[2112月2025 13:19:41.184] [main/DEBUG] [net.minecraftforge.fml.config.ConfigFileTypeHandler/CONFIG]: Built TOML config for D:\Desktop\Dreamingfish_Server_github\EconomySystem\server\config\naturescompass-common.toml
[2112月2025 13:19:41.184] [main/DEBUG] [net.minecraftforge.fml.config.ConfigFileTypeHandler/CONFIG]: Loaded TOML config file D:\Desktop\Dreamingfish_Server_github\EconomySystem\server\config\naturescompass-common.toml
[2112月2025 13:19:41.185] [main/DEBUG] [net.minecraftforge.fml.config.ConfigFileTypeHandler/CONFIG]: Watching TOML config file D:\Desktop\Dreamingfish_Server_github\EconomySystem\server\config\naturescompass-common.toml for changes
[2112月2025 13:19:41.185] [main/DEBUG] [net.minecraftforge.fml.config.ConfigFileTypeHandler/CONFIG]: Built TOML config for D:\Desktop\Dreamingfish_Server_github\EconomySystem\server\config\sophisticatedcore-common.toml
[2112月2025 13:19:41.186] [main/DEBUG] [net.minecraftforge.fml.config.ConfigFileTypeHandler/CONFIG]: Loaded TOML config file D:\Desktop\Dreamingfish_Server_github\EconomySystem\server\config\sophisticatedcore-common.toml
[2112月2025 13:19:41.186] [main/DEBUG] [net.minecraftforge.fml.config.ConfigFileTypeHandler/CONFIG]: Watching TOML config file D:\Desktop\Dreamingfish_Server_github\EconomySystem\server\config\sophisticatedcore-common.toml for changes
[2112月2025 13:19:41.187] [main/DEBUG] [net.minecraftforge.fml.config.ConfigFileTypeHandler/CONFIG]: Built TOML config for D:\Desktop\Dreamingfish_Server_github\EconomySystem\server\config\tacz-common.toml
[2112月2025 13:19:41.187] [main/DEBUG] [net.minecraftforge.fml.config.ConfigFileTypeHandler/CONFIG]: Loaded TOML config file D:\Desktop\Dreamingfish_Server_github\EconomySystem\server\config\tacz-common.toml
[2112月2025 13:19:41.187] [main/DEBUG] [net.minecraftforge.fml.config.ConfigFileTypeHandler/CONFIG]: Watching TOML config file D:\Desktop\Dreamingfish_Server_github\EconomySystem\server\config\tacz-common.toml for changes
[2112月2025 13:19:41.187] [main/DEBUG] [net.minecraftforge.fml.config.ConfigFileTypeHandler/CONFIG]: Built TOML config for D:\Desktop\Dreamingfish_Server_github\EconomySystem\server\config\toms_storage-common.toml
[2112月2025 13:19:41.188] [main/DEBUG] [net.minecraftforge.fml.config.ConfigFileTypeHandler/CONFIG]: Loaded TOML config file D:\Desktop\Dreamingfish_Server_github\EconomySystem\server\config\toms_storage-common.toml
[2112月2025 13:19:41.188] [main/DEBUG] [net.minecraftforge.fml.config.ConfigFileTypeHandler/CONFIG]: Watching TOML config file D:\Desktop\Dreamingfish_Server_github\EconomySystem\server\config\toms_storage-common.toml for changes
[2112月2025 13:19:41.188] [main/INFO] [com.tom.storagemod.StorageMod/]: Loaded Tom's Simple Storage config file toms_storage-common.toml
[2112月2025 13:19:41.189] [main/DEBUG] [net.minecraftforge.fml.config.ConfigFileTypeHandler/CONFIG]: Built TOML config for D:\Desktop\Dreamingfish_Server_github\EconomySystem\server\config\particular-common.toml
[2112月2025 13:19:41.190] [main/DEBUG] [net.minecraftforge.fml.config.ConfigFileTypeHandler/CONFIG]: Loaded TOML config file D:\Desktop\Dreamingfish_Server_github\EconomySystem\server\config\particular-common.toml
[2112月2025 13:19:41.190] [main/DEBUG] [net.minecraftforge.fml.config.ConfigFileTypeHandler/CONFIG]: Watching TOML config file D:\Desktop\Dreamingfish_Server_github\EconomySystem\server\config\particular-common.toml for changes
[2112月2025 13:19:41.191] [main/DEBUG] [net.minecraftforge.fml.config.ConfigFileTypeHandler/CONFIG]: Built TOML config for D:\Desktop\Dreamingfish_Server_github\EconomySystem\server\config\regions_unexplored\ru-primary-region.toml
[2112月2025 13:19:41.191] [main/DEBUG] [net.minecraftforge.fml.config.ConfigFileTypeHandler/CONFIG]: Loaded TOML config file D:\Desktop\Dreamingfish_Server_github\EconomySystem\server\config\regions_unexplored\ru-primary-region.toml
[2112月2025 13:19:41.191] [main/DEBUG] [net.minecraftforge.fml.config.ConfigFileTypeHandler/CONFIG]: Watching TOML config file D:\Desktop\Dreamingfish_Server_github\EconomySystem\server\config\regions_unexplored\ru-primary-region.toml for changes
[2112月2025 13:19:41.193] [main/DEBUG] [net.minecraftforge.fml.config.ConfigFileTypeHandler/CONFIG]: Built TOML config for D:\Desktop\Dreamingfish_Server_github\EconomySystem\server\config\regions_unexplored\ru-secondary-region.toml
[2112月2025 13:19:41.194] [main/DEBUG] [net.minecraftforge.fml.config.ConfigFileTypeHandler/CONFIG]: Loaded TOML config file D:\Desktop\Dreamingfish_Server_github\EconomySystem\server\config\regions_unexplored\ru-secondary-region.toml
[2112月2025 13:19:41.194] [main/DEBUG] [net.minecraftforge.fml.config.ConfigFileTypeHandler/CONFIG]: Watching TOML config file D:\Desktop\Dreamingfish_Server_github\EconomySystem\server\config\regions_unexplored\ru-secondary-region.toml for changes
[2112月2025 13:19:41.195] [main/DEBUG] [net.minecraftforge.fml.config.ConfigFileTypeHandler/CONFIG]: Built TOML config for D:\Desktop\Dreamingfish_Server_github\EconomySystem\server\config\modernfix-common.toml
[2112月2025 13:19:41.195] [main/DEBUG] [net.minecraftforge.fml.config.ConfigFileTypeHandler/CONFIG]: Loaded TOML config file D:\Desktop\Dreamingfish_Server_github\EconomySystem\server\config\modernfix-common.toml
[2112月2025 13:19:41.195] [main/DEBUG] [net.minecraftforge.fml.config.ConfigFileTypeHandler/CONFIG]: Watching TOML config file D:\Desktop\Dreamingfish_Server_github\EconomySystem\server\config\modernfix-common.toml for changes
[2112月2025 13:19:41.196] [main/DEBUG] [net.minecraftforge.fml.config.ConfigFileTypeHandler/CONFIG]: Built TOML config for D:\Desktop\Dreamingfish_Server_github\EconomySystem\server\config\gd656killicon-common.toml
[2112月2025 13:19:41.196] [main/DEBUG] [net.minecraftforge.fml.config.ConfigFileTypeHandler/CONFIG]: Loaded TOML config file D:\Desktop\Dreamingfish_Server_github\EconomySystem\server\config\gd656killicon-common.toml
[2112月2025 13:19:41.197] [main/DEBUG] [net.minecraftforge.fml.config.ConfigFileTypeHandler/CONFIG]: Watching TOML config file D:\Desktop\Dreamingfish_Server_github\EconomySystem\server\config\gd656killicon-common.toml for changes
[2112月2025 13:19:41.198] [main/DEBUG] [net.minecraftforge.fml.config.ConfigFileTypeHandler/CONFIG]: Built TOML config for D:\Desktop\Dreamingfish_Server_github\EconomySystem\server\config\eclipticseasons-common.toml
[2112月2025 13:19:41.199] [main/DEBUG] [net.minecraftforge.fml.config.ConfigFileTypeHandler/CONFIG]: Loaded TOML config file D:\Desktop\Dreamingfish_Server_github\EconomySystem\server\config\eclipticseasons-common.toml
[2112月2025 13:19:41.199] [main/DEBUG] [net.minecraftforge.fml.config.ConfigFileTypeHandler/CONFIG]: Watching TOML config file D:\Desktop\Dreamingfish_Server_github\EconomySystem\server\config\eclipticseasons-common.toml for changes
[2112月2025 13:19:41.205] [main/DEBUG] [net.minecraftforge.fml.config.ConfigFileTypeHandler/CONFIG]: Built TOML config for D:\Desktop\Dreamingfish_Server_github\EconomySystem\server\config\sophisticatedbackpacks-common.toml
[2112月2025 13:19:41.205] [main/DEBUG] [net.minecraftforge.fml.config.ConfigFileTypeHandler/CONFIG]: Loaded TOML config file D:\Desktop\Dreamingfish_Server_github\EconomySystem\server\config\sophisticatedbackpacks-common.toml
[2112月2025 13:19:41.205] [main/DEBUG] [net.minecraftforge.fml.config.ConfigFileTypeHandler/CONFIG]: Watching TOML config file D:\Desktop\Dreamingfish_Server_github\EconomySystem\server\config\sophisticatedbackpacks-common.toml for changes
[2112月2025 13:19:41.206] [main/DEBUG] [net.minecraftforge.fml.config.ConfigFileTypeHandler/CONFIG]: Built TOML config for D:\Desktop\Dreamingfish_Server_github\EconomySystem\server\config\economy_system\economy_system-join_message.toml
[2112月2025 13:19:41.206] [main/DEBUG] [net.minecraftforge.fml.config.ConfigFileTypeHandler/CONFIG]: Loaded TOML config file D:\Desktop\Dreamingfish_Server_github\EconomySystem\server\config\economy_system\economy_system-join_message.toml
[2112月2025 13:19:41.207] [main/DEBUG] [net.minecraftforge.fml.config.ConfigFileTypeHandler/CONFIG]: Watching TOML config file D:\Desktop\Dreamingfish_Server_github\EconomySystem\server\config\economy_system\economy_system-join_message.toml for changes
[2112月2025 13:19:41.361] [modloading-worker-0/DEBUG] [mixin/]: Mixing MixinPolymorphApi from polymorph.mixins.json into com.illusivesoulworks.polymorph.api.PolymorphApi
[2112月2025 13:19:41.361] [modloading-worker-0/INFO] [net.snackbag.tt20.TT20/]: Starting TT20...
[2112月2025 13:19:41.361] [modloading-worker-0/INFO] [com.tom.storagemod.StorageMod/]: Tom's Storage Setup starting
[2112月2025 13:19:41.367] [ForkJoinPool.commonPool-worker-1/INFO] [net.snackbag.tt20.TT20/]: (TT20) Checking for updates...
[2112月2025 13:19:41.376] [modloading-worker-0/INFO] [com.tom.storagemod.StorageMod/]: Initilaized Network Handler
[2112月2025 13:19:41.381] [modloading-worker-0/DEBUG] [ModernFix/]: Cleared 2050 object holder stacktrace references
[2112月2025 13:19:41.389] [modloading-worker-0/INFO] [oelib/]: Registered network packet: DataSyncChunkPacket (mod: oelib, ID: 0, Side: BOTH, NetworkDirection: BOTH, Chunk Threshold: No chunking bytes)
[2112月2025 13:19:41.389] [modloading-worker-0/INFO] [oelib/]: Created SimpleChannel for mod oelib: oelib:main
[2112月2025 13:19:41.390] [modloading-worker-0/WARN] [oelib/]: Packet DataSyncChunkPacket is already registered for mod oelib, skipping
[2112月2025 13:19:41.390] [modloading-worker-0/INFO] [oelib/]: Registered builtin data sync packets
[2112月2025 13:19:41.391] [modloading-worker-0/INFO] [oelib/]: Network manager initialized
[2112月2025 13:19:41.461] [main/DEBUG] [net.minecraftforge.fml.DeferredWorkQueue/LOADING]: Dispatching synchronous work for work queue COMMON_SETUP: 14 jobs
[2112月2025 13:19:41.466] [main/INFO] [terrablender/]: Registered region minecraft:overworld to index 0 for type OVERWORLD
[2112月2025 13:19:41.467] [main/INFO] [terrablender/]: Registered region minecraft:nether to index 0 for type NETHER
[2112月2025 13:19:41.467] [main/INFO] [terrablender/]: Registered region regions_unexplored:primary to index 1 for type OVERWORLD
[2112月2025 13:19:41.468] [main/INFO] [terrablender/]: Registered region regions_unexplored:secondary to index 2 for type OVERWORLD
[2112月2025 13:19:41.468] [main/INFO] [terrablender/]: Registered region regions_unexplored:nether to index 1 for type NETHER
[2112月2025 13:19:41.471] [main/DEBUG] [mixin/]: Mixing NoisesMixin from tectonic.mixins.json into net.minecraft.world.level.levelgen.Noises
[2112月2025 13:19:41.531] [Forge Version Check/INFO] [net.minecraftforge.fml.VersionChecker/]: [radium] Starting version check at https://api.modrinth.com/updates/radium/forge_updates.json
[2112月2025 13:19:41.545] [main/INFO] [tacz/SYNCED_ENTITY_DATA_TAC_COPY]: Registered synced data key tacz:shoot_cool_down for minecraft:living_entity
[2112月2025 13:19:41.546] [main/INFO] [tacz/SYNCED_ENTITY_DATA_TAC_COPY]: Registered synced data key tacz:melee_cool_down for minecraft:living_entity
[2112月2025 13:19:41.546] [main/INFO] [tacz/SYNCED_ENTITY_DATA_TAC_COPY]: Registered synced data key tacz:reload_state for minecraft:living_entity
[2112月2025 13:19:41.546] [main/INFO] [tacz/SYNCED_ENTITY_DATA_TAC_COPY]: Registered synced data key tacz:aiming_progress for minecraft:living_entity
[2112月2025 13:19:41.546] [main/INFO] [tacz/SYNCED_ENTITY_DATA_TAC_COPY]: Registered synced data key tacz:draw_cool_down for minecraft:living_entity
[2112月2025 13:19:41.546] [main/INFO] [tacz/SYNCED_ENTITY_DATA_TAC_COPY]: Registered synced data key tacz:is_aiming for minecraft:living_entity
[2112月2025 13:19:41.546] [main/INFO] [tacz/SYNCED_ENTITY_DATA_TAC_COPY]: Registered synced data key tacz:sprint_time for minecraft:living_entity
[2112月2025 13:19:41.546] [main/INFO] [tacz/SYNCED_ENTITY_DATA_TAC_COPY]: Registered synced data key tacz:is_bolting for minecraft:living_entity
[2112月2025 13:19:41.546] [main/INFO] [tacz/SYNCED_ENTITY_DATA_TAC_COPY]: Registered synced data key tacz:throwable_using for minecraft:living_entity
[2112月2025 13:19:41.548] [main/DEBUG] [net.minecraftforge.fml.DeferredWorkQueue/LOADING]: Synchronous work queue completed in 86.65 ms
[2112月2025 13:19:41.649] [modloading-worker-0/INFO] [xaero.minimap.XaeroMinimap/]: Loading Xaero's Minimap - Stage 1/2 (Server)
[2112月2025 13:19:41.649] [modloading-worker-0/INFO] [xaero.map.server.WorldMapServer/]: Loading Xaero's World Map - Stage 1/2 (Server)
[2112月2025 13:19:41.674] [main/DEBUG] [net.minecraftforge.fml.DeferredWorkQueue/LOADING]: Dispatching synchronous work for work queue SIDED_SETUP: 2 jobs
[2112月2025 13:19:41.674] [main/INFO] [xaero.map.server.WorldMapServer/]: Loading Xaero's World Map - Stage 2/2 (Server)
[2112月2025 13:19:41.674] [main/INFO] [xaero.minimap.XaeroMinimap/]: Loading Xaero's Minimap - Stage 2/2 (Server)
[2112月2025 13:19:41.674] [main/DEBUG] [net.minecraftforge.fml.DeferredWorkQueue/LOADING]: Synchronous work queue completed in 347.9 μs
[2112月2025 13:19:41.777] [main/DEBUG] [net.minecraftforge.fml.DeferredWorkQueue/LOADING]: Dispatching synchronous work for work queue ENQUEUE_IMC: 5 jobs
[2112月2025 13:19:41.778] [main/DEBUG] [net.minecraftforge.fml.DeferredWorkQueue/LOADING]: Synchronous work queue completed in 1.160 ms
[2112月2025 13:19:42.473] [main/INFO] [com.mojang.authlib.yggdrasil.YggdrasilAuthenticationService/]: Environment: authHost='https://authserver.mojang.com', accountsHost='https://api.mojang.com', sessionHost='https://sessionserver.mojang.com', servicesHost='https://api.minecraftservices.com', name='PROD'
[2112月2025 13:19:42.483] [main/DEBUG] [mixin/]: Mixing bugfix.removed_dimensions.LevelStorageSourceMixin from modernfix-forge.mixins.json into net.minecraft.world.level.storage.LevelStorageSource
[2112月2025 13:19:42.488] [main/DEBUG] [mixin/]: Mixing perf.dynamic_dfu.DataFixersMixin from modernfix-common.mixins.json into net.minecraft.util.datafix.DataFixers
[2112月2025 13:19:42.488] [main/DEBUG] [mixin/]: Renaming synthetic method lambda$createLazyFixerUpper$0(Ljava/util/Set;)Lcom/mojang/datafixers/DataFixer; to mdf407cb$lambda$createLazyFixerUpper$0$0 in modernfix-common.mixins.json:perf.dynamic_dfu.DataFixersMixin
[2112月2025 13:19:42.526] [main/INFO] [ModernFix/]: Bypassed Mojang DFU
[2112月2025 13:19:42.532] [main/DEBUG] [mixin/]: Mixing BuiltInPackSourceAccessor from tectonic_1.20.1.mixins.json into net.minecraft.server.packs.repository.BuiltInPackSource
[2112月2025 13:19:42.533] [main/DEBUG] [mixin/]: Mixing PackRepositoryMixin from tectonic_1.20.1.mixins.json into net.minecraft.server.packs.repository.PackRepository
[2112月2025 13:19:42.537] [main/DEBUG] [mixin/]: Mixing VanillaPackResourcesAccessor from creativecore.mixins.json into net.minecraft.server.packs.VanillaPackResources
[2112月2025 13:19:42.538] [main/WARN] [net.minecraft.server.packs.VanillaPackResourcesBuilder/]: Assets URL 'union:/D:/Desktop/Dreamingfish_Server_github/EconomySystem/server/libraries/net/minecraft/server/1.20.1-20230612.114412/server-1.20.1-20230612.114412-srg.jar%23175!/assets/.mcassetsroot' uses unexpected schema
[2112月2025 13:19:42.538] [main/WARN] [net.minecraft.server.packs.VanillaPackResourcesBuilder/]: Assets URL 'union:/D:/Desktop/Dreamingfish_Server_github/EconomySystem/server/libraries/net/minecraft/server/1.20.1-20230612.114412/server-1.20.1-20230612.114412-srg.jar%23175!/data/.mcassetsroot' uses unexpected schema
[2112月2025 13:19:42.545] [main/DEBUG] [Smooth Boot (Reloaded)/]: Replaced Main Executor
[2112月2025 13:19:42.545] [main/DEBUG] [mixin/]: Mixing feature.measure_time.WorldLoaderMixin from modernfix-common.mixins.json into net.minecraft.server.WorldLoader
[2112月2025 13:19:42.545] [main/DEBUG] [mixin/]: Renaming synthetic method lambda$finishStopwatch$0(Lcom/google/common/base/Stopwatch;Ljava/lang/Object;Ljava/lang/Throwable;)V to mdf407cb$lambda$finishStopwatch$0$0 in modernfix-common.mixins.json:feature.measure_time.WorldLoaderMixin
[2112月2025 13:19:42.545] [main/DEBUG] [mixin/]: Mixing core.WorldLoaderMixin from modernfix-forge.mixins.json into net.minecraft.server.WorldLoader
[2112月2025 13:19:42.545] [main/DEBUG] [mixin/]: Renaming synthetic method lambda$trackEndReload$0(Ljava/lang/Object;)Ljava/lang/Object; to mdf407cb$lambda$trackEndReload$0$1 in modernfix-forge.mixins.json:core.WorldLoaderMixin
[2112月2025 13:19:42.554] [main/DEBUG] [mixin/]: Mixing collections.gamerules.GameRulesMixin from lithium.mixins.json into net.minecraft.world.level.GameRules
[2112月2025 13:19:42.554] [main/DEBUG] [mixin/]: lithium.mixins.json:collections.gamerules.GameRulesMixin: Class version 61 required is higher than the class version supported by the current version of Mixin (JAVA_16 supports class version 60)
[2112月2025 13:19:42.554] [main/DEBUG] [mixin/]: Mixing world.GameRulesMixin from mixin.tt20.json into net.minecraft.world.level.GameRules
[2112月2025 13:19:42.561] [main/DEBUG] [mixin/]: Mixing perf.resourcepacks.ForgePathPackResourcesMixin from modernfix-forge.mixins.json into net.minecraftforge.resource.PathPackResources
[2112月2025 13:19:42.561] [main/DEBUG] [mixin/]: Renaming synthetic method lambda$generateResourceCache$0(Lnet/minecraft/server/packs/PackType;)Ljava/nio/file/Path; to mdf407cb$lambda$generateResourceCache$0$0 in modernfix-forge.mixins.json:perf.resourcepacks.ForgePathPackResourcesMixin
[2112月2025 13:19:42.571] [main/DEBUG] [net.minecraftforge.fml.config.ConfigTracker/CONFIG]: Config file tacz-pre.toml for minecraft tracking
[2112月2025 13:19:42.572] [main/DEBUG] [net.minecraftforge.fml.config.ConfigFileTypeHandler/CONFIG]: Built TOML config for D:\Desktop\Dreamingfish_Server_github\EconomySystem\server\tacz\tacz-pre.toml
[2112月2025 13:19:42.572] [main/DEBUG] [net.minecraftforge.fml.config.ConfigFileTypeHandler/CONFIG]: Loaded TOML config file D:\Desktop\Dreamingfish_Server_github\EconomySystem\server\tacz\tacz-pre.toml
[2112月2025 13:19:42.572] [main/DEBUG] [net.minecraftforge.fml.config.ConfigFileTypeHandler/CONFIG]: Watching TOML config file D:\Desktop\Dreamingfish_Server_github\EconomySystem\server\tacz\tacz-pre.toml for changes
[2112月2025 13:19:42.654] [Forge Version Check/DEBUG] [net.minecraftforge.fml.VersionChecker/]: [radium] Received version check data:
{"homepage":"https://modrinth.com/mod/radium","promos":{"1.20-latest":"1.20-0.11.2","1.20.1-recommended":"0.12.4","1.20.1-latest":"0.12.4"}}
[2112月2025 13:19:42.655] [Forge Version Check/INFO] [net.minecraftforge.fml.VersionChecker/]: [radium] Found status: AHEAD Current: 0.12.4+git.26c9d8e Target: null
[2112月2025 13:19:42.655] [Forge Version Check/INFO] [net.minecraftforge.fml.VersionChecker/]: [krypton_fnp] Starting version check at https://mvnc.pkg.one/update/mod/krypton_fnp/forge_update.json
[2112月2025 13:19:43.428] [Forge Version Check/DEBUG] [net.minecraftforge.fml.VersionChecker/]: [krypton_fnp] Received version check data:
{
  "homepage": "https://www.curseforge.com/minecraft/mc-mods/krypton-fnp",
  "json_url": "https://mvnc.pkg.one/update/mod/krypton_fnp/forge_update.json",
  "promos": {
    "1.18.2-latest": "0.2.24-1.18.2",
    "1.18.2-recommended": "0.2.24-1.18.2",
    "1.19.2-latest": "0.2.23-lite",
    "1.19.2-recommended": "0.2.23-lite",
    "1.19.3-latest": "0.2.23-lite",
    "1.19.3-recommended": "0.2.23-lite",
    "1.19.4-latest": "0.2.23-lite",
    "1.19.4-recommended": "0.2.23-lite",
    "1.20.1-latest": "0.2.25-1.20.1",
    "1.20.1-recommended": "0.2.25-1.20.1",
    "1.20.2-latest": "0.2.11",
    "1.20.2-recommended": "0.2.11",
    "1.20.3-latest": "0.2.11",
    "1.20.3-recommended": "0.2.11",
    "1.20.4-latest": "0.2.11",
    "1.20.4-recommended": "0.2.11",
    "1.20.6-latest": "0.2.15",
    "1.20.6-recommended": "0.2.15",
    "1.21-latest": "0.2.15",
    "1.21-recommended": "0.2.15",
    "1.21.1-latest": "0.2.23",
    "1.21.1-recommended": "0.2.23",
    "1.21.2-latest": "0.2.23",
    "1.21.2-recommended": "0.2.23",
    "1.21.4-latest": "0.2.24",
    "1.21.4-recommended": "0.2.24",
    "1.21.5-latest": "0.2.24",
    "1.21.5-recommended": "0.2.24",
    "1.21.6-latest": "0.2.24",
    "1.21.6-recommended": "0.2.24",
    "1.21.7-latest": "0.2.24",
    "1.21.7-recommended": "0.2.24",
    "1.21.8-latest": "0.2.24",
    "1.21.8-recommended": "0.2.24",
    "1.21.9-latest": "0.2.26-1.21.9",
    "1.21.9-recommended": "0.2.26-1.21.9",
    "1.21.10-latest": "0.2.26-1.21.9",
    "1.21.10-recommended": "0.2.26-1.21.9",
    "1.21.11-latest": "0.2.26-1.21.9",
    "1.21.11-recommended": "0.2.26-1.21.9"
  }
}
[2112月2025 13:19:43.428] [Forge Version Check/INFO] [net.minecraftforge.fml.VersionChecker/]: [krypton_fnp] Found status: UP_TO_DATE Current: 0.2.25-1.20.1 Target: null
[2112月2025 13:19:43.428] [Forge Version Check/INFO] [net.minecraftforge.fml.VersionChecker/]: [forge] Starting version check at https://files.minecraftforge.net/net/minecraftforge/forge/promotions_slim.json
[2112月2025 13:19:44.295] [Forge Version Check/DEBUG] [net.minecraftforge.fml.VersionChecker/]: [forge] Received version check data:
{
  "homepage": "https://files.minecraftforge.net/net/minecraftforge/forge/",
  "promos": {
    "1.1-latest": "1.3.4.29",
    "1.2.3-latest": "1.4.1.64",
    "1.2.4-latest": "2.0.0.68",
    "1.2.5-latest": "3.4.9.171",
    "1.3.2-latest": "4.3.5.318",
    "1.4.0-latest": "5.0.0.326",
    "1.4.1-latest": "6.0.0.329",
    "1.4.2-latest": "6.0.1.355",
    "1.4.3-latest": "6.2.1.358",
    "1.4.4-latest": "6.3.0.378",
    "1.4.5-latest": "6.4.2.448",
    "1.4.6-latest": "6.5.0.489",
    "1.4.7-latest": "6.6.2.534",
    "1.5-latest": "7.7.0.598",
    "1.5.1-latest": "7.7.2.682",
    "1.5.2-latest": "7.8.1.738",
    "1.5.2-recommended": "7.8.1.738",
    "1.6.1-latest": "8.9.0.775",
    "1.6.2-latest": "9.10.1.871",
    "1.6.2-recommended": "9.10.1.871",
    "1.6.3-latest": "9.11.0.878",
    "1.6.4-latest": "9.11.1.1345",
    "1.6.4-recommended": "9.11.1.1345",
    "1.7.2-latest": "10.12.2.1161",
    "1.7.2-recommended": "10.12.2.1161",
    "1.7.10-latest": "10.13.4.1614",
    "1.7.10-recommended": "10.13.4.1614",
    "1.8-latest": "11.14.4.1577",
    "1.8-recommended": "11.14.4.1563",
    "1.8.8-latest": "11.15.0.1655",
    "1.8.9-latest": "11.15.1.2318",
    "1.8.9-recommended": "11.15.1.2318",
    "1.9-latest": "12.16.1.1938",
    "1.9-recommended": "12.16.1.1887",
    "1.9.4-latest": "12.17.0.2317",
    "1.9.4-recommended": "12.17.0.2317",
    "1.10-latest": "12.18.0.2000",
    "1.10.2-latest": "12.18.3.2511",
    "1.10.2-recommended": "12.18.3.2511",
    "1.11-latest": "13.19.1.2199",
    "1.11-recommended": "13.19.1.2189",
    "1.11.2-latest": "13.20.1.2588",
    "1.11.2-recommended": "13.20.1.2588",
    "1.12-latest": "14.21.1.2443",
    "1.12-recommended": "14.21.1.2387",
    "1.12.1-latest": "14.22.1.2485",
    "1.12.1-recommended": "14.22.1.2478",
    "1.12.2-latest": "14.23.5.2864",
    "1.12.2-recommended": "14.23.5.2859",
    "1.13.2-latest": "25.0.223",
    "1.14.2-latest": "26.0.63",
    "1.14.3-latest": "27.0.60",
    "1.14.4-latest": "28.2.27",
    "1.14.4-recommended": "28.2.26",
    "1.15-latest": "29.0.4",
    "1.15.1-latest": "30.0.51",
    "1.15.2-latest": "31.2.60",
    "1.15.2-recommended": "31.2.57",
    "1.16.1-latest": "32.0.108",
    "1.16.2-latest": "33.0.61",
    "1.16.3-latest": "34.1.42",
    "1.16.3-recommended": "34.1.0",
    "1.16.4-latest": "35.1.37",
    "1.16.4-recommended": "35.1.4",
    "1.16.5-latest": "36.2.42",
    "1.16.5-recommended": "36.2.34",
    "1.17.1-latest": "37.1.1",
    "1.17.1-recommended": "37.1.1",
    "1.18-latest": "38.0.17",
    "1.18.1-latest": "39.1.2",
    "1.18.1-recommended": "39.1.0",
    "1.18.2-recommended": "40.3.0",
    "1.18.2-latest": "40.3.12",
    "1.19-latest": "41.1.0",
    "1.19-recommended": "41.1.0",
    "1.19.1-latest": "42.0.9",
    "1.19.2-recommended": "43.5.0",
    "1.19.2-latest": "43.5.2",
    "1.19.3-latest": "44.1.23",
    "1.19.3-recommended": "44.1.0",
    "1.19.4-recommended": "45.4.0",
    "1.19.4-latest": "45.4.3",
    "1.20-latest": "46.0.14",
    "1.20.1-recommended": "47.4.10",
    "1.20.1-latest": "47.4.13",
    "1.20.2-latest": "48.1.0",
    "1.20.2-recommended": "48.1.0",
    "1.20.3-latest": "49.0.2",
    "1.20.4-latest": "49.2.4",
    "1.20.4-recommended": "49.2.0",
    "1.20.6-latest": "50.2.4",
    "1.20.6-recommended": "50.2.0",
    "1.21-latest": "51.0.33",
    "1.21.1-latest": "52.1.8",
    "1.21.1-recommended": "52.1.0",
    "1.21.3-latest": "53.1.6",
    "1.21.3-recommended": "53.1.0",
    "1.21.4-latest": "54.1.11",
    "1.21.4-recommended": "54.1.0",
    "1.21.5-latest": "55.1.4",
    "1.21.5-recommended": "55.1.0",
    "1.21.6-latest": "56.0.9",
    "1.21.7-latest": "57.0.3",
    "1.21.8-latest": "58.1.11",
    "1.21.8-recommended": "58.1.0",
    "1.21.9-latest": "59.0.5",
    "1.21.10-latest": "60.1.5",
    "1.21.10-recommended": "60.1.0",
    "1.21.11-latest": "61.0.3"
  }
}
[2112月2025 13:19:44.295] [Forge Version Check/INFO] [net.minecraftforge.fml.VersionChecker/]: [forge] Found status: UP_TO_DATE Current: 47.4.10 Target: null
[2112月2025 13:19:44.295] [Forge Version Check/INFO] [net.minecraftforge.fml.VersionChecker/]: [smoothboot] Starting version check at https://github.com/AbdElAziz333/SmoothBoot-Reloaded/raw/mc1.20.1/dev/updates.json
[2112月2025 13:19:48.667] [main/INFO] [tacz/GunPackFinder]: Start scanning for gun packs in D:\Desktop\Dreamingfish_Server_github\EconomySystem\server\tacz
[2112月2025 13:19:48.669] [main/INFO] [tacz/GunPackFinder]: - tacz_default_gun, Main namespace: tacz
[2112月2025 13:19:48.669] [main/INFO] [tacz/GunPackFinder]: Found 1 possible gunpack(s) and added them to resource set.
[2112月2025 13:19:48.731] [main/DEBUG] [mixin/]: Mixing DelegatingPackResourcesAccessor from creativecore.forge.mixins.json into net.minecraftforge.resource.DelegatingPackResources
[2112月2025 13:19:48.738] [main/DEBUG] [net.minecraftforge.server.ServerLifecycleHooks/CORE]: Generating PackInfo named mod:radium for mod file D:\Desktop\Dreamingfish_Server_github\EconomySystem\server\mods\[优化-镭] radium-mc1.20.1-0.12.4+git.26c9d8e.jar
[2112月2025 13:19:48.738] [main/DEBUG] [net.minecraftforge.server.ServerLifecycleHooks/CORE]: Generating PackInfo named mod:tt20 for mod file D:\Desktop\Dreamingfish_Server_github\EconomySystem\server\mods\[优化-动态tps]tt20-0.7.1+mc1.20.1.jar
[2112月2025 13:19:48.738] [main/DEBUG] [net.minecraftforge.server.ServerLifecycleHooks/CORE]: Generating PackInfo named mod:geckolib for mod file D:\Desktop\Dreamingfish_Server_github\EconomySystem\server\mods\[前置]geckolib-forge-1.20.1-4.8.2.jar
[2112月2025 13:19:48.738] [main/DEBUG] [net.minecraftforge.server.ServerLifecycleHooks/CORE]: Generating PackInfo named mod:jei for mod file D:\Desktop\Dreamingfish_Server_github\EconomySystem\server\mods\[JEI物品管理器] jei-1.20.1-forge-15.20.0.112.jar
[2112月2025 13:19:48.738] [main/DEBUG] [net.minecraftforge.server.ServerLifecycleHooks/CORE]: Generating PackInfo named mod:lithostitched for mod file D:\Desktop\Dreamingfish_Server_github\EconomySystem\server\mods\[前置]lithostitched-forge-1.20.1-1.4.11.jar
[2112月2025 13:19:48.738] [main/DEBUG] [net.minecraftforge.server.ServerLifecycleHooks/CORE]: Generating PackInfo named mod:tacz for mod file D:\Desktop\Dreamingfish_Server_github\EconomySystem\server\mods\[永恒枪械工坊：零] tacz-1.20.1-1.1.7-release.jar
[2112月2025 13:19:48.738] [main/DEBUG] [net.minecraftforge.server.ServerLifecycleHooks/CORE]: Generating PackInfo named mod:libraryferret for mod file D:\Desktop\Dreamingfish_Server_github\EconomySystem\server\mods\[前置]libraryferret-forge-1.20.1-4.0.0.jar
[2112月2025 13:19:48.738] [main/DEBUG] [net.minecraftforge.server.ServerLifecycleHooks/CORE]: Generating PackInfo named mod:sophisticatedcore for mod file D:\Desktop\Dreamingfish_Server_github\EconomySystem\server\mods\[前置精妙核心] sophisticatedcore-1.20.1-1.2.108.1253.jar
[2112月2025 13:19:48.738] [main/DEBUG] [net.minecraftforge.server.ServerLifecycleHooks/CORE]: Generating PackInfo named mod:xaeroworldmap for mod file D:\Desktop\Dreamingfish_Server_github\EconomySystem\server\mods\[Xaero的世界地图] XaerosWorldMap_1.39.12_Forge_1.20.jar
[2112月2025 13:19:48.738] [main/DEBUG] [net.minecraftforge.server.ServerLifecycleHooks/CORE]: Generating PackInfo named mod:placebo for mod file D:\Desktop\Dreamingfish_Server_github\EconomySystem\server\mods\[前置]Placebo-1.20.1-8.6.3.jar
[2112月2025 13:19:48.738] [main/DEBUG] [net.minecraftforge.server.ServerLifecycleHooks/CORE]: Generating PackInfo named mod:modernfix for mod file D:\Desktop\Dreamingfish_Server_github\EconomySystem\server\mods\[优化-现代化修复] modernfix-forge-5.25.2+mc1.20.1.jar
[2112月2025 13:19:48.739] [main/DEBUG] [net.minecraftforge.server.ServerLifecycleHooks/CORE]: Generating PackInfo named mod:naturescompass for mod file D:\Desktop\Dreamingfish_Server_github\EconomySystem\server\mods\[自然罗盘／生物群系指南针] NaturesCompass-1.20.1-1.11.2-forge.jar
[2112月2025 13:19:48.739] [main/DEBUG] [net.minecraftforge.server.ServerLifecycleHooks/CORE]: Generating PackInfo named mod:krypton_fnp for mod file D:\Desktop\Dreamingfish_Server_github\EconomySystem\server\mods\[优化网络]Krypton FNP-forge-1.20.1-0.2.25-1.20.1.jar
[2112月2025 13:19:48.739] [main/DEBUG] [net.minecraftforge.server.ServerLifecycleHooks/CORE]: Generating PackInfo named mod:tritium for mod file D:\Desktop\Dreamingfish_Server_github\EconomySystem\server\mods\[优化]tritium-forge-1.20.1-1.3.2.jar
[2112月2025 13:19:48.739] [main/DEBUG] [net.minecraftforge.server.ServerLifecycleHooks/CORE]: Generating PackInfo named mod:mixinextras for mod file 
[2112月2025 13:19:48.739] [main/DEBUG] [net.minecraftforge.server.ServerLifecycleHooks/CORE]: Generating PackInfo named mod:oelib for mod file D:\Desktop\Dreamingfish_Server_github\EconomySystem\server\mods\[前置]OELib-forge-1.20.1-0.0.6.jar
[2112月2025 13:19:48.739] [main/DEBUG] [net.minecraftforge.server.ServerLifecycleHooks/CORE]: Generating PackInfo named mod:sophisticatedbackpacks for mod file D:\Desktop\Dreamingfish_Server_github\EconomySystem\server\mods\[精妙背包] sophisticatedbackpacks-1.20.1-3.24.12.1411.jar
[2112月2025 13:19:48.739] [main/DEBUG] [net.minecraftforge.server.ServerLifecycleHooks/CORE]: Generating PackInfo named mod:particular for mod file D:\Desktop\Dreamingfish_Server_github\EconomySystem\server\mods\[美化]particular-1.20.1-Forge-1.2.7.jar
[2112月2025 13:19:48.739] [main/DEBUG] [net.minecraftforge.server.ServerLifecycleHooks/CORE]: Generating PackInfo named mod:starlight for mod file D:\Desktop\Dreamingfish_Server_github\EconomySystem\server\mods\[优化星光] starlight-1.1.2+forge.1cda73c.jar
[2112月2025 13:19:48.739] [main/DEBUG] [net.minecraftforge.server.ServerLifecycleHooks/CORE]: Generating PackInfo named mod:forge for mod file D:\Desktop\Dreamingfish_Server_github\EconomySystem\server\libraries\net\minecraftforge\forge\1.20.1-47.4.10\forge-1.20.1-47.4.10-universal.jar
[2112月2025 13:19:48.739] [main/DEBUG] [net.minecraftforge.server.ServerLifecycleHooks/CORE]: Generating PackInfo named mod:economy_system for mod file D:\Desktop\Dreamingfish_Server_github\EconomySystem\server\mods\economy_system-1.2.03 #mandatory.jar
[2112月2025 13:19:48.739] [main/DEBUG] [net.minecraftforge.server.ServerLifecycleHooks/CORE]: Generating PackInfo named mod:tectonic for mod file D:\Desktop\Dreamingfish_Server_github\EconomySystem\server\mods\[地形]tectonic-3.0.17-forge-1.20.1.jar
[2112月2025 13:19:48.739] [main/DEBUG] [net.minecraftforge.server.ServerLifecycleHooks/CORE]: Generating PackInfo named mod:terrablender for mod file D:\Desktop\Dreamingfish_Server_github\EconomySystem\server\mods\[前置]TerraBlender-forge-1.20.1-3.0.1.10.jar
[2112月2025 13:19:48.739] [main/DEBUG] [net.minecraftforge.server.ServerLifecycleHooks/CORE]: Generating PackInfo named mod:regions_unexplored for mod file D:\Desktop\Dreamingfish_Server_github\EconomySystem\server\mods\[未至之地] RegionsUnexploredForge-0.5.6+1.20.1.jar
[2112月2025 13:19:48.739] [main/DEBUG] [net.minecraftforge.server.ServerLifecycleHooks/CORE]: Generating PackInfo named mod:gd656killicon for mod file D:\Desktop\Dreamingfish_Server_github\EconomySystem\server\mods\[GD656击杀图标] gd656killicon-1.0.0RC5-1.20.1-forge.jar
[2112月2025 13:19:48.739] [main/DEBUG] [net.minecraftforge.server.ServerLifecycleHooks/CORE]: Generating PackInfo named mod:smartkeyprompts for mod file D:\Desktop\Dreamingfish_Server_github\EconomySystem\server\mods\[灵活按键提示] smartkeyprompts-forge-1.20.1-1.1.2-fix2.jar
[2112月2025 13:19:48.740] [main/DEBUG] [net.minecraftforge.server.ServerLifecycleHooks/CORE]: Generating PackInfo named mod:creativecore for mod file D:\Desktop\Dreamingfish_Server_github\EconomySystem\server\mods\[前置]CreativeCore_FORGE_v2.12.32_mc1.20.1.jar
[2112月2025 13:19:48.740] [main/DEBUG] [net.minecraftforge.server.ServerLifecycleHooks/CORE]: Generating PackInfo named mod:spectrelib for mod file 
[2112月2025 13:19:48.740] [main/DEBUG] [net.minecraftforge.server.ServerLifecycleHooks/CORE]: Generating PackInfo named mod:eclipticseasons for mod file D:\Desktop\Dreamingfish_Server_github\EconomySystem\server\mods\[节气] EclipticSeasons-1.20.1-forge-0.12.5.4-all.jar
[2112月2025 13:19:48.740] [main/DEBUG] [net.minecraftforge.server.ServerLifecycleHooks/CORE]: Generating PackInfo named mod:smoothboot for mod file D:\Desktop\Dreamingfish_Server_github\EconomySystem\server\mods\[流畅加载重置版] smoothboot(reloaded)-mc1.20.1-0.0.4.jar
[2112月2025 13:19:48.740] [main/DEBUG] [net.minecraftforge.server.ServerLifecycleHooks/CORE]: Generating PackInfo named mod:servercore for mod file D:\Desktop\Dreamingfish_Server_github\EconomySystem\server\mods\[优化]servercore-forge-1.5.2+1.20.1.jar
[2112月2025 13:19:48.740] [main/DEBUG] [net.minecraftforge.server.ServerLifecycleHooks/CORE]: Generating PackInfo named mod:xaerominimap for mod file D:\Desktop\Dreamingfish_Server_github\EconomySystem\server\mods\[Xaero的小地图] Xaeros_Minimap_25.2.10_Forge_1.20.jar
[2112月2025 13:19:48.740] [main/DEBUG] [net.minecraftforge.server.ServerLifecycleHooks/CORE]: Generating PackInfo named mod:fastbench for mod file D:\Desktop\Dreamingfish_Server_github\EconomySystem\server\mods\[工作台性能优化] FastWorkbench-1.20.1-8.0.4.jar
[2112月2025 13:19:48.740] [main/DEBUG] [net.minecraftforge.server.ServerLifecycleHooks/CORE]: Generating PackInfo named mod:polymorph for mod file D:\Desktop\Dreamingfish_Server_github\EconomySystem\server\mods\[多态合成] polymorph-forge-0.49.10+1.20.1.jar
[2112月2025 13:19:48.740] [main/DEBUG] [net.minecraftforge.server.ServerLifecycleHooks/CORE]: Generating PackInfo named mod:mr_dungeons_andtaverns for mod file D:\Desktop\Dreamingfish_Server_github\EconomySystem\server\mods\[地下城与酒馆]dungeons-and-taverns-3.0.3.f[Forge].jar
[2112月2025 13:19:48.740] [main/DEBUG] [net.minecraftforge.server.ServerLifecycleHooks/CORE]: Generating PackInfo named mod:bettervillage for mod file D:\Desktop\Dreamingfish_Server_github\EconomySystem\server\mods\[更好的村庄] bettervillage-forge-1.20.1-3.3.1-all.jar
[2112月2025 13:19:48.741] [main/DEBUG] [net.minecraftforge.server.ServerLifecycleHooks/CORE]: Generating PackInfo named mod:fastfurnace for mod file D:\Desktop\Dreamingfish_Server_github\EconomySystem\server\mods\[熔炉性能优化] FastFurnace-1.20.1-8.0.2.jar
[2112月2025 13:19:48.741] [main/DEBUG] [net.minecraftforge.server.ServerLifecycleHooks/CORE]: Generating PackInfo named mod:ferritecore for mod file D:\Desktop\Dreamingfish_Server_github\EconomySystem\server\mods\[优化-铁氧体磁芯] ferritecore-6.0.1-forge.jar
[2112月2025 13:19:48.741] [main/DEBUG] [net.minecraftforge.server.ServerLifecycleHooks/CORE]: Generating PackInfo named mod:toms_storage for mod file D:\Desktop\Dreamingfish_Server_github\EconomySystem\server\mods\[汤姆的简易存储] toms_storage-1.20-1.7.1.jar
[2112月2025 13:19:48.741] [main/DEBUG] [net.minecraftforge.server.ServerLifecycleHooks/CORE]: Generating PackInfo named mod:playerrevive for mod file D:\Desktop\Dreamingfish_Server_github\EconomySystem\server\mods\[玩家救援] PlayerRevive_FORGE_v2.0.31_mc1.20.1.jar
[2112月2025 13:19:48.743] [main/INFO] [net.minecraft.server.MinecraftServer/]: Found new data pack tectonic/tectonic, loading it automatically
[2112月2025 13:19:48.743] [main/INFO] [net.minecraft.server.MinecraftServer/]: Found new data pack tectonic/tectonic/overlay.mod, loading it automatically
[2112月2025 13:19:48.743] [main/INFO] [net.minecraft.server.MinecraftServer/]: Found new data pack lithostitched/breaks_seed_parity, loading it automatically
[2112月2025 13:19:48.744] [main/INFO] [net.minecraft.server.MinecraftServer/]: Found new data pack tacz_resources, loading it automatically
[2112月2025 13:19:48.809] [main/DEBUG] [ModernFix/]: Generated cache for /assets in 23.03 ms
[2112月2025 13:19:48.811] [main/DEBUG] [ModernFix/]: Generated cache for /assets in 790.3 μs
[2112月2025 13:19:48.811] [main/DEBUG] [ModernFix/]: Generated cache for /assets in 243.9 μs
[2112月2025 13:19:48.812] [main/DEBUG] [ModernFix/]: Generated cache for /assets in 191.8 μs
[2112月2025 13:19:48.812] [main/DEBUG] [ModernFix/]: Generated cache for /assets in 514.7 μs
[2112月2025 13:19:48.816] [main/DEBUG] [ModernFix/]: Generated cache for /assets in 3.220 ms
[2112月2025 13:19:48.853] [main/DEBUG] [ModernFix/]: Generated cache for /assets in 36.96 ms
[2112月2025 13:19:48.860] [main/DEBUG] [ModernFix/]: Generated cache for /assets in 6.919 ms
[2112月2025 13:19:48.861] [main/DEBUG] [ModernFix/]: Generated cache for /assets in 834.4 μs
[2112月2025 13:19:48.874] [main/DEBUG] [ModernFix/]: Generated cache for /assets in 13.19 ms
[2112月2025 13:19:48.876] [main/DEBUG] [ModernFix/]: Generated cache for /assets in 1.995 ms
[2112月2025 13:19:48.877] [main/DEBUG] [ModernFix/]: Generated cache for /assets in 888.2 μs
[2112月2025 13:19:48.884] [main/DEBUG] [ModernFix/]: Generated cache for /assets in 308.4 μs
[2112月2025 13:19:48.895] [main/DEBUG] [ModernFix/]: Generated cache for /assets in 10.71 ms
[2112月2025 13:19:48.896] [main/DEBUG] [ModernFix/]: Generated cache for /assets in 743.2 μs
[2112月2025 13:19:48.896] [main/DEBUG] [ModernFix/]: Generated cache for /assets in 195.7 μs
[2112月2025 13:19:48.897] [main/DEBUG] [ModernFix/]: Generated cache for /assets in 197.1 μs
[2112月2025 13:19:48.897] [main/DEBUG] [ModernFix/]: Generated cache for /assets in 509.7 μs
[2112月2025 13:19:48.898] [main/DEBUG] [ModernFix/]: Generated cache for /resourcepacks/Vanilla Biome Climate Settings/assets in 538.8 μs
[2112月2025 13:19:48.898] [main/DEBUG] [ModernFix/]: Generated cache for /assets in 295.1 μs
[2112月2025 13:19:48.898] [main/DEBUG] [ModernFix/]: Generated cache for /assets in 95.70 μs
[2112月2025 13:19:48.898] [main/DEBUG] [ModernFix/]: Generated cache for /assets in 72.90 μs
[2112月2025 13:19:48.958] [main/DEBUG] [ModernFix/]: Generated cache for /assets in 59.33 ms
[2112月2025 13:19:48.958] [main/DEBUG] [ModernFix/]: Generated cache for /assets in 423.2 μs
[2112月2025 13:19:48.961] [main/DEBUG] [ModernFix/]: Generated cache for /assets in 2.050 ms
[2112月2025 13:19:48.961] [main/DEBUG] [ModernFix/]: Generated cache for /assets in 163.3 μs
[2112月2025 13:19:48.961] [main/DEBUG] [ModernFix/]: Generated cache for /assets in 95.30 μs
[2112月2025 13:19:48.961] [main/DEBUG] [ModernFix/]: Generated cache for /assets in 107.6 μs
[2112月2025 13:19:48.961] [main/DEBUG] [ModernFix/]: Generated cache for /assets in 42.70 μs
[2112月2025 13:19:48.961] [main/DEBUG] [ModernFix/]: Generated cache for /assets in 62.70 μs
[2112月2025 13:19:48.962] [main/DEBUG] [ModernFix/]: Generated cache for /assets in 637.9 μs
[2112月2025 13:19:48.962] [main/DEBUG] [ModernFix/]: Generated cache for /assets in 176.2 μs
[2112月2025 13:19:48.963] [main/DEBUG] [ModernFix/]: Generated cache for /assets in 817.9 μs
[2112月2025 13:19:48.963] [main/DEBUG] [ModernFix/]: Generated cache for /assets in 39.90 μs
[2112月2025 13:19:49.158] [main/DEBUG] [mixin/]: Mixing chunk.ImprovedNoiseMixin from tritium.mixins.json into net.minecraft.world.level.levelgen.synth.ImprovedNoise
[2112月2025 13:19:49.287] [main/INFO] [bettervillage/]: StructureSet modified for minecraft:village : Now using custom village configuration (can be disabled in the better villages config: boolean.villages.enabled_custom_config).
[2112月2025 13:19:49.603] [main/DEBUG] [mixin/]: Mixing bugfix.registry_ops_cme.RegistryOpsMemoizedMixin from modernfix-common.mixins.json into net.minecraft.resources.RegistryOps$1
[2112月2025 13:19:49.617] [main/DEBUG] [mixin/]: Mixing MixinPrimaryLevelData from terrablender.mixins.json into net.minecraft.world.level.storage.PrimaryLevelData
[2112月2025 13:19:49.628] [main/DEBUG] [mixin/]: Mixing LootTablesMixin from placebo.mixins.json into net.minecraft.world.level.storage.loot.LootDataManager
[2112月2025 13:19:49.628] [main/DEBUG] [mixin/]: Renaming synthetic method lambda$apply$0(Lnet/minecraft/world/level/storage/loot/LootDataId;Lnet/minecraft/world/level/storage/loot/LootTable;)V to mdf407cb$lambda$apply$0$0 in placebo.mixins.json:LootTablesMixin
[2112月2025 13:19:49.712] [main/DEBUG] [net.minecraftforge.coremod.transformer.CoreModBaseTransformer/COREMOD]: Transforming net/minecraft/server/commands/SummonCommand
[2112月2025 13:19:49.730] [main/DEBUG] [mixin/]: Mixing common.command.MixinWeatherCommand from eclipticseasons.mixins.json into net.minecraft.server.commands.WeatherCommand
[2112月2025 13:19:49.730] [main/DEBUG] [mixin/]: Renaming synthetic method lambda$mixin$setThunder$2(Lnet/minecraft/core/Holder;)Z to mdf407cb$lambda$mixin$setThunder$2$0 in eclipticseasons.mixins.json:common.command.MixinWeatherCommand
[2112月2025 13:19:49.730] [main/DEBUG] [mixin/]: Renaming synthetic method lambda$mixin$setRain$1(Lnet/minecraft/core/Holder;)Z to mdf407cb$lambda$mixin$setRain$1$1 in eclipticseasons.mixins.json:common.command.MixinWeatherCommand
[2112月2025 13:19:49.730] [main/DEBUG] [mixin/]: Renaming synthetic method lambda$mixin$setClear$0(Lnet/minecraft/core/Holder;)Z to mdf407cb$lambda$mixin$setClear$0$2 in eclipticseasons.mixins.json:common.command.MixinWeatherCommand
[2112月2025 13:19:49.801] [main/DEBUG] [mixin/]: Mixing collections.mob_spawning.ForgeEventFactoryMixin from lithium.mixins.json into net.minecraftforge.event.ForgeEventFactory
[2112月2025 13:19:49.801] [main/DEBUG] [mixin/]: lithium.mixins.json:collections.mob_spawning.ForgeEventFactoryMixin: Class version 61 required is higher than the class version supported by the current version of Mixin (JAVA_16 supports class version 60)
[2112月2025 13:19:49.801] [main/DEBUG] [mixin/]: Mixing perf.potential_spawns_alloc.ForgeEventFactoryMixin from modernfix-forge.mixins.json into net.minecraftforge.event.ForgeEventFactory
[2112月2025 13:19:49.808] [main/DEBUG] [mixin/]: Mixing collections.mob_spawning.PotentialSpawnsEventMixin from lithium.mixins.json into net.minecraftforge.event.level.LevelEvent$PotentialSpawns
[2112月2025 13:19:49.808] [main/DEBUG] [mixin/]: lithium.mixins.json:collections.mob_spawning.PotentialSpawnsEventMixin: Class version 61 required is higher than the class version supported by the current version of Mixin (JAVA_16 supports class version 60)
[2112月2025 13:19:49.808] [main/DEBUG] [mixin/]: Mixing perf.potential_spawns_alloc.PotentialSpawnsMixin from modernfix-forge.mixins.json into net.minecraftforge.event.level.LevelEvent$PotentialSpawns
[2112月2025 13:19:49.864] [main/DEBUG] [mixin/]: Mixing feature.measure_time.AddReloadListenerEventWrapperMixin from modernfix-forge.mixins.json into net.minecraftforge.event.AddReloadListenerEvent$WrappedStateAwareListener
[2112月2025 13:19:49.870] [main/DEBUG] [mixin/]: Mixing feature.measure_time.SimpleReloadInstanceMixin from modernfix-common.mixins.json into net.minecraft.server.packs.resources.SimpleReloadInstance
[2112月2025 13:19:49.873] [main/DEBUG] [Smooth Boot (Reloaded)/]: Initialized Worker-Main-1
[2112月2025 13:19:49.873] [main/DEBUG] [Smooth Boot (Reloaded)/]: Initialized Worker-Main-2
[2112月2025 13:19:49.874] [Worker-Main-1/DEBUG] [Smooth Boot (Reloaded)/]: Initialized Worker-Main-3
[2112月2025 13:19:49.874] [Worker-Main-2/DEBUG] [Smooth Boot (Reloaded)/]: Initialized Worker-Main-4
[2112月2025 13:19:49.874] [Worker-Main-4/DEBUG] [Smooth Boot (Reloaded)/]: Initialized Worker-Main-5
[2112月2025 13:19:49.874] [Worker-Main-3/DEBUG] [Smooth Boot (Reloaded)/]: Initialized Worker-Main-6
[2112月2025 13:19:49.874] [Worker-Main-5/DEBUG] [Smooth Boot (Reloaded)/]: Initialized Worker-Main-7
[2112月2025 13:19:49.874] [Worker-Main-6/DEBUG] [Smooth Boot (Reloaded)/]: Initialized Worker-Main-8
[2112月2025 13:19:49.875] [Worker-Main-7/DEBUG] [Smooth Boot (Reloaded)/]: Initialized Worker-Main-9
[2112月2025 13:19:49.875] [Worker-Main-8/DEBUG] [Smooth Boot (Reloaded)/]: Initialized Worker-Main-10
[2112月2025 13:19:49.875] [Worker-Main-9/DEBUG] [Smooth Boot (Reloaded)/]: Initialized Worker-Main-11
[2112月2025 13:19:49.875] [Worker-Main-10/DEBUG] [Smooth Boot (Reloaded)/]: Initialized Worker-Main-12
[2112月2025 13:19:49.875] [Worker-Main-11/DEBUG] [Smooth Boot (Reloaded)/]: Initialized Worker-Main-13
[2112月2025 13:19:49.875] [Worker-Main-12/DEBUG] [Smooth Boot (Reloaded)/]: Initialized Worker-Main-14
[2112月2025 13:19:49.875] [Worker-Main-13/DEBUG] [Smooth Boot (Reloaded)/]: Initialized Worker-Main-15
[2112月2025 13:19:49.875] [Worker-Main-14/DEBUG] [Smooth Boot (Reloaded)/]: Initialized Worker-Main-16
[2112月2025 13:19:49.876] [Worker-Main-15/DEBUG] [Smooth Boot (Reloaded)/]: Initialized Worker-Main-17
[2112月2025 13:19:49.876] [Worker-Main-16/DEBUG] [Smooth Boot (Reloaded)/]: Initialized Worker-Main-18
[2112月2025 13:19:49.876] [Worker-Main-17/DEBUG] [Smooth Boot (Reloaded)/]: Initialized Worker-Main-19
[2112月2025 13:19:49.876] [Worker-Main-18/DEBUG] [Smooth Boot (Reloaded)/]: Initialized Worker-Main-20
[2112月2025 13:19:49.876] [Worker-Main-19/DEBUG] [Smooth Boot (Reloaded)/]: Initialized Worker-Main-21
[2112月2025 13:19:49.876] [Worker-Main-20/DEBUG] [Smooth Boot (Reloaded)/]: Initialized Worker-Main-22
[2112月2025 13:19:49.876] [Worker-Main-21/DEBUG] [Smooth Boot (Reloaded)/]: Initialized Worker-Main-23
[2112月2025 13:19:49.877] [Worker-Main-22/DEBUG] [Smooth Boot (Reloaded)/]: Initialized Worker-Main-24
[2112月2025 13:19:49.877] [Worker-Main-23/DEBUG] [Smooth Boot (Reloaded)/]: Initialized Worker-Main-25
[2112月2025 13:19:49.877] [Worker-Main-24/DEBUG] [Smooth Boot (Reloaded)/]: Initialized Worker-Main-26
[2112月2025 13:19:49.877] [Worker-Main-25/DEBUG] [Smooth Boot (Reloaded)/]: Initialized Worker-Main-27
[2112月2025 13:19:49.878] [Worker-Main-26/DEBUG] [Smooth Boot (Reloaded)/]: Initialized Worker-Main-28
[2112月2025 13:19:49.878] [Worker-Main-27/DEBUG] [Smooth Boot (Reloaded)/]: Initialized Worker-Main-29
[2112月2025 13:19:49.879] [Worker-Main-28/DEBUG] [Smooth Boot (Reloaded)/]: Initialized Worker-Main-30
[2112月2025 13:19:49.879] [Worker-Main-29/DEBUG] [Smooth Boot (Reloaded)/]: Initialized Worker-Main-31
[2112月2025 13:19:49.891] [Worker-Main-26/DEBUG] [mixin/]: Mixing perf.tag_id_caching.TagEntryMixin from modernfix-forge.mixins.json into net.minecraft.tags.TagEntry
[2112月2025 13:19:50.323] [main/DEBUG] [mixin/]: Mixing AccessorSmithingTrimRecipe from polymorph.mixins.json into net.minecraft.world.item.crafting.SmithingTrimRecipe
[2112月2025 13:19:50.364] [main/INFO] [net.minecraft.world.item.crafting.RecipeManager/]: Skipping loading recipe eclipticseasons:seasons_chronicle as it's serializer returned null
[2112月2025 13:19:50.377] [main/INFO] [net.minecraft.world.item.crafting.RecipeManager/]: Loaded 8 recipes
[2112月2025 13:19:50.443] [main/INFO] [net.minecraft.advancements.AdvancementList/]: Loaded 2094 advancements
[2112月2025 13:19:50.447] [main/INFO] [placebo/]: Registered 0 additional recipes.
[2112月2025 13:19:50.449] [main/INFO] [oelib/]: Loading KeyPromptData data from 3 files (namespaces: [smartkeyprompts])
[2112月2025 13:19:50.452] [main/INFO] [oelib/]: Loaded 3 valid KeyPromptData entries, 0 deferred entries, 0 invalid entries were skipped
[2112月2025 13:19:50.579] [main/DEBUG] [sophisticatedbackpacks/]: Started loading registry data from sophisticatedbackpacks:compat/woot/block_tools 
[2112月2025 13:19:50.579] [main/DEBUG] [sophisticatedbackpacks/]: Started loading registry data from sophisticatedbackpacks:compat/fluxnetworks/block_tools 
[2112月2025 13:19:50.579] [main/DEBUG] [sophisticatedbackpacks/]: Started loading registry data from sophisticatedbackpacks:compat/mob_grinding_utils/entity_tools 
[2112月2025 13:19:50.579] [main/DEBUG] [sophisticatedbackpacks/]: Started loading registry data from sophisticatedbackpacks:compat/astralsorcery/block_tools 
[2112月2025 13:19:50.579] [main/DEBUG] [sophisticatedbackpacks/]: Started loading registry data from sophisticatedbackpacks:compat/immersivepetroleum/block_tools 
[2112月2025 13:19:50.579] [main/DEBUG] [sophisticatedbackpacks/]: Started loading registry data from sophisticatedbackpacks:compat/immersiveengineering/block_tools 
[2112月2025 13:19:50.579] [main/DEBUG] [sophisticatedbackpacks/]: Started loading registry data from sophisticatedbackpacks:compat/pedestals/block_tools 
[2112月2025 13:19:50.579] [main/DEBUG] [sophisticatedbackpacks/]: Started loading registry data from sophisticatedbackpacks:compat/platforms/block_tools 
[2112月2025 13:19:50.579] [main/DEBUG] [sophisticatedbackpacks/]: Started loading registry data from sophisticatedbackpacks:compat/rftoolsutility/entity_tools 
[2112月2025 13:19:50.579] [main/DEBUG] [sophisticatedbackpacks/]: Started loading registry data from sophisticatedbackpacks:compat/compactmachines/block_tools 
[2112月2025 13:19:50.579] [main/DEBUG] [sophisticatedbackpacks/]: Started loading registry data from sophisticatedbackpacks:compat/mcwwindows/block_tools 
[2112月2025 13:19:50.579] [main/DEBUG] [sophisticatedbackpacks/]: Started loading registry data from sophisticatedbackpacks:compat/integrateddynamics/block_tools 
[2112月2025 13:19:50.579] [main/DEBUG] [sophisticatedbackpacks/]: Started loading registry data from sophisticatedbackpacks:entity_tools 
[2112月2025 13:19:50.585] [main/DEBUG] [sophisticatedbackpacks/]: Finished loading registry data for sophisticatedbackpacks:entity_tools
[2112月2025 13:19:50.585] [main/DEBUG] [sophisticatedbackpacks/]: Started loading registry data from sophisticatedbackpacks:compat/mekanism/block_tools 
[2112月2025 13:19:50.585] [main/DEBUG] [sophisticatedbackpacks/]: Started loading registry data from sophisticatedbackpacks:compat/powah/block_tools 
[2112月2025 13:19:50.585] [main/DEBUG] [sophisticatedbackpacks/]: Started loading registry data from sophisticatedbackpacks:compat/apotheosis/entity_tools 
[2112月2025 13:19:50.585] [main/DEBUG] [sophisticatedbackpacks/]: Started loading registry data from sophisticatedbackpacks:compat/bloodmagic/block_tools 
[2112月2025 13:19:50.585] [main/DEBUG] [sophisticatedbackpacks/]: Started loading registry data from sophisticatedbackpacks:compat/immersiveposts/block_tools 
[2112月2025 13:19:50.585] [main/DEBUG] [sophisticatedbackpacks/]: Started loading registry data from sophisticatedbackpacks:compat/rats/entity_tools 
[2112月2025 13:19:50.585] [main/DEBUG] [sophisticatedbackpacks/]: Started loading registry data from sophisticatedbackpacks:compat/framedcompactdrawers/block_tools 
[2112月2025 13:19:50.585] [main/DEBUG] [sophisticatedbackpacks/]: Started loading registry data from sophisticatedbackpacks:compat/iceandfire/entity_tools 
[2112月2025 13:19:50.585] [main/DEBUG] [sophisticatedbackpacks/]: Started loading registry data from sophisticatedbackpacks:compat/storagedrawers/block_tools 
[2112月2025 13:19:50.585] [main/DEBUG] [sophisticatedbackpacks/]: Started loading registry data from sophisticatedbackpacks:compat/mcwroofs/block_tools 
[2112月2025 13:19:50.585] [main/DEBUG] [sophisticatedbackpacks/]: Started loading registry data from sophisticatedbackpacks:compat/morphtool/block_tools 
[2112月2025 13:19:50.585] [main/DEBUG] [sophisticatedbackpacks/]: Started loading registry data from sophisticatedbackpacks:compat/botania/block_tools 
[2112月2025 13:19:50.585] [main/DEBUG] [sophisticatedbackpacks/]: Started loading registry data from sophisticatedbackpacks:compat/pneumaticraft/block_tools 
[2112月2025 13:19:50.585] [main/DEBUG] [sophisticatedbackpacks/]: Started loading registry data from sophisticatedbackpacks:compat/shrink/entity_tools 
[2112月2025 13:19:50.585] [main/DEBUG] [sophisticatedbackpacks/]: Started loading registry data from sophisticatedbackpacks:compat/blockcarpentry/block_tools 
[2112月2025 13:19:50.585] [main/DEBUG] [sophisticatedbackpacks/]: Started loading registry data from sophisticatedbackpacks:compat/pipez/block_tools 
[2112月2025 13:19:50.585] [main/DEBUG] [sophisticatedbackpacks/]: Started loading registry data from sophisticatedbackpacks:compat/transport/block_tools 
[2112月2025 13:19:50.585] [main/DEBUG] [sophisticatedbackpacks/]: Started loading registry data from sophisticatedbackpacks:compat/thermal/block_tools 
[2112月2025 13:19:50.585] [main/DEBUG] [sophisticatedbackpacks/]: Started loading registry data from sophisticatedbackpacks:block_tools 
[2112月2025 13:19:50.586] [main/DEBUG] [sophisticatedbackpacks/]: Finished loading registry data for sophisticatedbackpacks:block_tools
[2112月2025 13:19:50.586] [main/DEBUG] [sophisticatedbackpacks/]: Started loading registry data from sophisticatedbackpacks:compat/create/block_tools 
[2112月2025 13:19:50.586] [main/DEBUG] [sophisticatedbackpacks/]: Started loading registry data from sophisticatedbackpacks:compat/farmersdelight/entity_tools 
[2112月2025 13:19:50.586] [main/DEBUG] [sophisticatedbackpacks/]: Started loading registry data from sophisticatedbackpacks:compat/refinedstorage/block_tools 
[2112月2025 13:19:50.586] [main/DEBUG] [sophisticatedbackpacks/]: Started loading registry data from sophisticatedbackpacks:compat/chiselsandbits/block_tools 
[2112月2025 13:19:50.586] [main/DEBUG] [sophisticatedbackpacks/]: Started loading registry data from sophisticatedbackpacks:compat/farmersdelight/block_tools 
[2112月2025 13:19:50.586] [main/DEBUG] [sophisticatedbackpacks/]: Started loading registry data from sophisticatedbackpacks:compat/resourcefulbees/entity_tools 
[2112月2025 13:19:50.586] [main/DEBUG] [sophisticatedbackpacks/]: Started loading registry data from sophisticatedbackpacks:compat/tetra/swords 
[2112月2025 13:19:50.586] [main/DEBUG] [sophisticatedbackpacks/]: Started loading registry data from sophisticatedbackpacks:swords 
[2112月2025 13:19:50.586] [main/DEBUG] [sophisticatedbackpacks/]: Finished loading registry data for sophisticatedbackpacks:swords
[2112月2025 13:19:50.586] [main/DEBUG] [sophisticatedbackpacks/]: Started loading registry data from sophisticatedbackpacks:compat/mythicbotany/block_tools 
[2112月2025 13:19:50.586] [main/DEBUG] [sophisticatedbackpacks/]: Started loading registry data from sophisticatedbackpacks:compat/resourcefulbees/block_tools 
[2112月2025 13:19:50.586] [main/DEBUG] [sophisticatedbackpacks/]: Started loading registry data from sophisticatedbackpacks:compat/syp/entity_tools 
[2112月2025 13:19:50.586] [main/DEBUG] [sophisticatedbackpacks/]: Started loading registry data from sophisticatedbackpacks:compat/eidolon/block_tools 
[2112月2025 13:19:50.586] [main/DEBUG] [sophisticatedbackpacks/]: Started loading registry data from sophisticatedbackpacks:compat/rftoolsbase/block_tools 
[2112月2025 13:19:50.588] [main/INFO] [placebo/]: Registered 0 gear_sets.
[2112月2025 13:19:50.654] [main/WARN] [net.minecraft.core.MappedRegistry/]: Not all defined tags for registry ResourceKey[minecraft:root / minecraft:worldgen/biome] are present in data pack: eclipticseasons:rain/droughty
[2112月2025 13:19:50.741] [main/INFO] [eclipticseasons/]: Reload crop data cost 18 ms in server side.
[2112月2025 13:19:50.755] [main/INFO] [eclipticseasons/]: Has registered extra snow definitions with size 6.
[2112月2025 13:19:50.759] [main/WARN] [ModernFix/]: Initial datapack load took 8.211 s
[2112月2025 13:19:50.776] [main/DEBUG] [net.minecraftforge.common.ForgeHooks/WP]: Gathering id map for writing to world save world
[2112月2025 13:19:50.802] [main/DEBUG] [net.minecraftforge.common.ForgeHooks/WP]: ID Map collection complete world
[2112月2025 13:19:50.845] [main/DEBUG] [mixin/]: Mixing feature.mcfunction_profiling.ServerFunctionManagerMixin from modernfix-common.mixins.json into net.minecraft.server.ServerFunctionManager
[2112月2025 13:19:50.846] [main/DEBUG] [mixin/]: Renaming synthetic method lambda$mfix$getProfilingResults$2(Ljava/util/Map$Entry;)Ljava/time/Duration; to mdf407cb$lambda$mfix$getProfilingResults$2$0 in modernfix-common.mixins.json:feature.mcfunction_profiling.ServerFunctionManagerMixin
[2112月2025 13:19:50.846] [main/DEBUG] [mixin/]: Renaming synthetic method lambda$pruneUnusedWatches$1(Lcom/google/common/base/Stopwatch;)Z to mdf407cb$lambda$pruneUnusedWatches$1$1 in modernfix-common.mixins.json:feature.mcfunction_profiling.ServerFunctionManagerMixin
[2112月2025 13:19:50.846] [main/DEBUG] [mixin/]: Renaming synthetic method lambda$startWatch$0(Lnet/minecraft/resources/ResourceLocation;)Lcom/google/common/base/Stopwatch; to mdf407cb$lambda$startWatch$0$2 in modernfix-common.mixins.json:feature.mcfunction_profiling.ServerFunctionManagerMixin
[2112月2025 13:19:50.862] [Server thread/INFO] [net.minecraft.server.dedicated.DedicatedServer/]: Starting minecraft server version 1.20.1
[2112月2025 13:19:50.862] [Server thread/INFO] [net.minecraft.server.dedicated.DedicatedServer/]: Loading properties
[2112月2025 13:19:50.862] [Server thread/INFO] [net.minecraft.server.dedicated.DedicatedServer/]: Default game type: SURVIVAL
[2112月2025 13:19:50.863] [Server thread/INFO] [net.minecraft.server.MinecraftServer/]: Generating keypair
[2112月2025 13:19:50.953] [Server thread/INFO] [net.minecraft.server.dedicated.DedicatedServer/]: Starting Minecraft server on *:25565
[2112月2025 13:19:50.953] [Server thread/DEBUG] [net.minecraftforge.network.DualStackUtils/]: Detected IPv6 address: "0:0:0:0:0:0:0:0"
[2112月2025 13:19:50.979] [Server thread/INFO] [net.minecraft.server.network.ServerConnectionListener/]: Using default channel type
[2112月2025 13:19:51.000] [Server thread/DEBUG] [mixin/]: Mixing perf.smart_ingredient_sync.ConnectionMixin from modernfix-forge.mixins.json into net.minecraft.network.Connection
[2112月2025 13:19:51.001] [Server thread/DEBUG] [mixin/]: Mixing network.pipeline.compression.ConnectionMixin from krypton_fnp.mixins.json into net.minecraft.network.Connection
[2112月2025 13:19:51.002] [Server thread/DEBUG] [mixin/]: Mixing network.pipeline.encryption.ConnectionMixin from krypton_fnp.mixins.json into net.minecraft.network.Connection
[2112月2025 13:19:51.011] [Server thread/DEBUG] [io.netty.channel.MultithreadEventLoopGroup/]: -Dio.netty.eventLoopThreads: 64
[2112月2025 13:19:51.057] [Server thread/DEBUG] [io.netty.util.internal.InternalThreadLocalMap/]: -Dio.netty.threadLocalMap.stringBuilder.initialSize: 1024
[2112月2025 13:19:51.057] [Server thread/DEBUG] [io.netty.util.internal.InternalThreadLocalMap/]: -Dio.netty.threadLocalMap.stringBuilder.maxSize: 4096
[2112月2025 13:19:51.064] [Server thread/DEBUG] [io.netty.channel.nio.NioEventLoop/]: -Dio.netty.noKeySetOptimization: false
[2112月2025 13:19:51.065] [Server thread/DEBUG] [io.netty.channel.nio.NioEventLoop/]: -Dio.netty.selectorAutoRebuildThreshold: 512
[2112月2025 13:19:51.070] [Server thread/DEBUG] [io.netty.util.internal.PlatformDependent/]: org.jctools-core.MpscChunkedArrayQueue: available
[2112月2025 13:19:51.135] [Server thread/DEBUG] [io.netty.channel.DefaultChannelId/]: -Dio.netty.processId: 38300 (auto-detected)
[2112月2025 13:19:51.137] [Server thread/DEBUG] [io.netty.util.NetUtil/]: -Djava.net.preferIPv4Stack: false
[2112月2025 13:19:51.137] [Server thread/DEBUG] [io.netty.util.NetUtil/]: -Djava.net.preferIPv6Addresses: true
[2112月2025 13:19:51.139] [Server thread/DEBUG] [io.netty.util.NetUtilInitializations/]: Loopback interface: loopback_0 (Software Loopback Interface 1, 0:0:0:0:0:0:0:1)
[2112月2025 13:19:51.139] [Server thread/DEBUG] [io.netty.util.NetUtil/]: Failed to get SOMAXCONN from sysctl and file \proc\sys\net\core\somaxconn. Default: 200
[2112月2025 13:19:51.141] [Server thread/DEBUG] [io.netty.channel.DefaultChannelId/]: -Dio.netty.machineId: 14:b5:cd:ff:fe:29:bf:42 (auto-detected)
[2112月2025 13:19:51.153] [Server thread/DEBUG] [io.netty.buffer.PooledByteBufAllocator/]: -Dio.netty.allocator.numHeapArenas: 64
[2112月2025 13:19:51.153] [Server thread/DEBUG] [io.netty.buffer.PooledByteBufAllocator/]: -Dio.netty.allocator.numDirectArenas: 64
[2112月2025 13:19:51.153] [Server thread/DEBUG] [io.netty.buffer.PooledByteBufAllocator/]: -Dio.netty.allocator.pageSize: 8192
[2112月2025 13:19:51.153] [Server thread/DEBUG] [io.netty.buffer.PooledByteBufAllocator/]: -Dio.netty.allocator.maxOrder: 9
[2112月2025 13:19:51.153] [Server thread/DEBUG] [io.netty.buffer.PooledByteBufAllocator/]: -Dio.netty.allocator.chunkSize: 4194304
[2112月2025 13:19:51.153] [Server thread/DEBUG] [io.netty.buffer.PooledByteBufAllocator/]: -Dio.netty.allocator.smallCacheSize: 256
[2112月2025 13:19:51.153] [Server thread/DEBUG] [io.netty.buffer.PooledByteBufAllocator/]: -Dio.netty.allocator.normalCacheSize: 64
[2112月2025 13:19:51.153] [Server thread/DEBUG] [io.netty.buffer.PooledByteBufAllocator/]: -Dio.netty.allocator.maxCachedBufferCapacity: 32768
[2112月2025 13:19:51.153] [Server thread/DEBUG] [io.netty.buffer.PooledByteBufAllocator/]: -Dio.netty.allocator.cacheTrimInterval: 8192
[2112月2025 13:19:51.153] [Server thread/DEBUG] [io.netty.buffer.PooledByteBufAllocator/]: -Dio.netty.allocator.cacheTrimIntervalMillis: 0
[2112月2025 13:19:51.153] [Server thread/DEBUG] [io.netty.buffer.PooledByteBufAllocator/]: -Dio.netty.allocator.useCacheForAllThreads: false
[2112月2025 13:19:51.153] [Server thread/DEBUG] [io.netty.buffer.PooledByteBufAllocator/]: -Dio.netty.allocator.maxCachedByteBuffersPerChunk: 1023
[2112月2025 13:19:51.160] [Server thread/DEBUG] [io.netty.buffer.ByteBufUtil/]: -Dio.netty.allocator.type: pooled
[2112月2025 13:19:51.160] [Server thread/DEBUG] [io.netty.buffer.ByteBufUtil/]: -Dio.netty.threadLocalDirectBufferSize: 0
[2112月2025 13:19:51.160] [Server thread/DEBUG] [io.netty.buffer.ByteBufUtil/]: -Dio.netty.maxThreadLocalCharBufferSize: 16384
[2112月2025 13:19:51.174] [Server thread/DEBUG] [net.minecraftforge.fml.config.ConfigTracker/CONFIG]: Loading configs type SERVER
[2112月2025 13:19:51.174] [Server thread/DEBUG] [net.minecraftforge.fml.config.ConfigFileTypeHandler/CONFIG]: Built TOML config for .\world\serverconfig\jei-server.toml
[2112月2025 13:19:51.175] [Server thread/DEBUG] [net.minecraftforge.fml.config.ConfigFileTypeHandler/CONFIG]: Loaded TOML config file .\world\serverconfig\jei-server.toml
[2112月2025 13:19:51.175] [Server thread/DEBUG] [net.minecraftforge.fml.config.ConfigFileTypeHandler/CONFIG]: Watching TOML config file .\world\serverconfig\jei-server.toml for changes
[2112月2025 13:19:51.175] [Server thread/WARN] [net.minecraftforge.common.ForgeConfigSpec/CORE]: Configuration file .\world\serverconfig\jei-server.toml is not correct. Correcting
[2112月2025 13:19:51.176] [Server thread/WARN] [net.minecraftforge.common.ForgeConfigSpec/CORE]: Incorrect key cheat mode was corrected from null to its default, SimpleCommentedConfig:{}. 
[2112月2025 13:19:51.176] [Server thread/WARN] [net.minecraftforge.common.ForgeConfigSpec/CORE]: Incorrect key cheat mode.enableCheatModeForOp was corrected from null to its default, true. 
[2112月2025 13:19:51.176] [Server thread/DEBUG] [net.minecraftforge.common.ForgeConfigSpec/CORE]: The comment on key cheat mode.enableCheatModeForOp does not match the spec. This may create a backup.
[2112月2025 13:19:51.176] [Server thread/WARN] [net.minecraftforge.common.ForgeConfigSpec/CORE]: Incorrect key cheat mode.enableCheatModeForCreative was corrected from null to its default, true. 
[2112月2025 13:19:51.176] [Server thread/DEBUG] [net.minecraftforge.common.ForgeConfigSpec/CORE]: The comment on key cheat mode.enableCheatModeForCreative does not match the spec. This may create a backup.
[2112月2025 13:19:51.176] [Server thread/WARN] [net.minecraftforge.common.ForgeConfigSpec/CORE]: Incorrect key cheat mode.enableCheatModeForGive was corrected from null to its default, false. 
[2112月2025 13:19:51.176] [Server thread/DEBUG] [net.minecraftforge.common.ForgeConfigSpec/CORE]: The comment on key cheat mode.enableCheatModeForGive does not match the spec. This may create a backup.
[2112月2025 13:19:51.177] [Server thread/DEBUG] [net.minecraftforge.fml.config.ConfigFileTypeHandler/CONFIG]: Built TOML config for .\world\serverconfig\toms_storage-server.toml
[2112月2025 13:19:51.177] [Server thread/DEBUG] [net.minecraftforge.fml.config.ConfigFileTypeHandler/CONFIG]: Loaded TOML config file .\world\serverconfig\toms_storage-server.toml
[2112月2025 13:19:51.177] [Server thread/DEBUG] [net.minecraftforge.fml.config.ConfigFileTypeHandler/CONFIG]: Watching TOML config file .\world\serverconfig\toms_storage-server.toml for changes
[2112月2025 13:19:51.178] [Server thread/WARN] [net.minecraftforge.common.ForgeConfigSpec/CORE]: Configuration file .\world\serverconfig\toms_storage-server.toml is not correct. Correcting
[2112月2025 13:19:51.178] [Server thread/WARN] [net.minecraftforge.common.ForgeConfigSpec/CORE]: Incorrect key inventoryConnectorRange was corrected from null to its default, 16. 
[2112月2025 13:19:51.178] [Server thread/DEBUG] [net.minecraftforge.common.ForgeConfigSpec/CORE]: The comment on key inventoryConnectorRange does not match the spec. This may create a backup.
[2112月2025 13:19:51.178] [Server thread/WARN] [net.minecraftforge.common.ForgeConfigSpec/CORE]: Incorrect key onlyTrimsConnect was corrected from null to its default, false. 
[2112月2025 13:19:51.178] [Server thread/DEBUG] [net.minecraftforge.common.ForgeConfigSpec/CORE]: The comment on key onlyTrimsConnect does not match the spec. This may create a backup.
[2112月2025 13:19:51.179] [Server thread/WARN] [net.minecraftforge.common.ForgeConfigSpec/CORE]: Incorrect key invCableConnectorMaxScanSize was corrected from null to its default, 2048. 
[2112月2025 13:19:51.179] [Server thread/DEBUG] [net.minecraftforge.common.ForgeConfigSpec/CORE]: The comment on key invCableConnectorMaxScanSize does not match the spec. This may create a backup.
[2112月2025 13:19:51.180] [Server thread/WARN] [net.minecraftforge.common.ForgeConfigSpec/CORE]: Incorrect key wirelessReach was corrected from null to its default, 16. 
[2112月2025 13:19:51.180] [Server thread/DEBUG] [net.minecraftforge.common.ForgeConfigSpec/CORE]: The comment on key wirelessReach does not match the spec. This may create a backup.
[2112月2025 13:19:51.180] [Server thread/WARN] [net.minecraftforge.common.ForgeConfigSpec/CORE]: Incorrect key advWirelessRange was corrected from null to its default, 64. 
[2112月2025 13:19:51.181] [Server thread/DEBUG] [net.minecraftforge.common.ForgeConfigSpec/CORE]: The comment on key advWirelessRange does not match the spec. This may create a backup.
[2112月2025 13:19:51.181] [Server thread/WARN] [net.minecraftforge.common.ForgeConfigSpec/CORE]: Incorrect key wirelessTermBeaconLvl was corrected from null to its default, 1. 
[2112月2025 13:19:51.181] [Server thread/DEBUG] [net.minecraftforge.common.ForgeConfigSpec/CORE]: The comment on key wirelessTermBeaconLvl does not match the spec. This may create a backup.
[2112月2025 13:19:51.182] [Server thread/WARN] [net.minecraftforge.common.ForgeConfigSpec/CORE]: Incorrect key wirelessTermBeaconLvlDim was corrected from null to its default, 4. 
[2112月2025 13:19:51.182] [Server thread/DEBUG] [net.minecraftforge.common.ForgeConfigSpec/CORE]: The comment on key wirelessTermBeaconLvlDim does not match the spec. This may create a backup.
[2112月2025 13:19:51.183] [Server thread/WARN] [net.minecraftforge.common.ForgeConfigSpec/CORE]: Incorrect key invLinkBeaconLvl was corrected from null to its default, 1. 
[2112月2025 13:19:51.183] [Server thread/DEBUG] [net.minecraftforge.common.ForgeConfigSpec/CORE]: The comment on key invLinkBeaconLvl does not match the spec. This may create a backup.
[2112月2025 13:19:51.184] [Server thread/WARN] [net.minecraftforge.common.ForgeConfigSpec/CORE]: Incorrect key invLinkBeaconLvlDim was corrected from null to its default, 2. 
[2112月2025 13:19:51.184] [Server thread/DEBUG] [net.minecraftforge.common.ForgeConfigSpec/CORE]: The comment on key invLinkBeaconLvlDim does not match the spec. This may create a backup.
[2112月2025 13:19:51.185] [Server thread/WARN] [net.minecraftforge.common.ForgeConfigSpec/CORE]: Incorrect key invDupScanSize was corrected from null to its default, 100. 
[2112月2025 13:19:51.185] [Server thread/DEBUG] [net.minecraftforge.common.ForgeConfigSpec/CORE]: The comment on key invDupScanSize does not match the spec. This may create a backup.
[2112月2025 13:19:51.185] [Server thread/INFO] [com.tom.storagemod.StorageMod/]: Loaded Tom's Simple Storage config file toms_storage-server.toml
[2112月2025 13:19:51.186] [Server thread/DEBUG] [net.minecraftforge.fml.config.ConfigFileTypeHandler/CONFIG]: Built TOML config for .\world\serverconfig\tacz-server.toml
[2112月2025 13:19:51.187] [Server thread/DEBUG] [net.minecraftforge.fml.config.ConfigFileTypeHandler/CONFIG]: Loaded TOML config file .\world\serverconfig\tacz-server.toml
[2112月2025 13:19:51.187] [Server thread/DEBUG] [net.minecraftforge.fml.config.ConfigFileTypeHandler/CONFIG]: Watching TOML config file .\world\serverconfig\tacz-server.toml for changes
[2112月2025 13:19:51.187] [Server thread/WARN] [net.minecraftforge.common.ForgeConfigSpec/CORE]: Configuration file .\world\serverconfig\tacz-server.toml is not correct. Correcting
[2112月2025 13:19:51.187] [Server thread/WARN] [net.minecraftforge.common.ForgeConfigSpec/CORE]: Incorrect key interact_key was corrected from null to its default, SimpleCommentedConfig:{}. 
[2112月2025 13:19:51.187] [Server thread/WARN] [net.minecraftforge.common.ForgeConfigSpec/CORE]: Incorrect key interact_key.InteractKeyWhitelistBlocks was corrected from null to its default, []. 
[2112月2025 13:19:51.188] [Server thread/DEBUG] [net.minecraftforge.common.ForgeConfigSpec/CORE]: The comment on key interact_key.InteractKeyWhitelistBlocks does not match the spec. This may create a backup.
[2112月2025 13:19:51.188] [Server thread/WARN] [net.minecraftforge.common.ForgeConfigSpec/CORE]: Incorrect key interact_key.InteractKeyWhitelistEntities was corrected from null to its default, []. 
[2112月2025 13:19:51.188] [Server thread/DEBUG] [net.minecraftforge.common.ForgeConfigSpec/CORE]: The comment on key interact_key.InteractKeyWhitelistEntities does not match the spec. This may create a backup.
[2112月2025 13:19:51.188] [Server thread/WARN] [net.minecraftforge.common.ForgeConfigSpec/CORE]: Incorrect key interact_key.InteractKeyBlacklistBlocks was corrected from null to its default, []. 
[2112月2025 13:19:51.188] [Server thread/DEBUG] [net.minecraftforge.common.ForgeConfigSpec/CORE]: The comment on key interact_key.InteractKeyBlacklistBlocks does not match the spec. This may create a backup.
[2112月2025 13:19:51.188] [Server thread/WARN] [net.minecraftforge.common.ForgeConfigSpec/CORE]: Incorrect key interact_key.InteractKeyBlacklistEntities was corrected from null to its default, []. 
[2112月2025 13:19:51.188] [Server thread/DEBUG] [net.minecraftforge.common.ForgeConfigSpec/CORE]: The comment on key interact_key.InteractKeyBlacklistEntities does not match the spec. This may create a backup.
[2112月2025 13:19:51.188] [Server thread/WARN] [net.minecraftforge.common.ForgeConfigSpec/CORE]: Incorrect key base_multiplier was corrected from null to its default, SimpleCommentedConfig:{}. 
[2112月2025 13:19:51.189] [Server thread/WARN] [net.minecraftforge.common.ForgeConfigSpec/CORE]: Incorrect key base_multiplier.DamageBaseMultiplier was corrected from null to its default, 1.0. 
[2112月2025 13:19:51.189] [Server thread/DEBUG] [net.minecraftforge.common.ForgeConfigSpec/CORE]: The comment on key base_multiplier.DamageBaseMultiplier does not match the spec. This may create a backup.
[2112月2025 13:19:51.189] [Server thread/WARN] [net.minecraftforge.common.ForgeConfigSpec/CORE]: Incorrect key base_multiplier.ArmorIgnoreBaseMultiplier was corrected from null to its default, 1.0. 
[2112月2025 13:19:51.189] [Server thread/DEBUG] [net.minecraftforge.common.ForgeConfigSpec/CORE]: The comment on key base_multiplier.ArmorIgnoreBaseMultiplier does not match the spec. This may create a backup.
[2112月2025 13:19:51.189] [Server thread/WARN] [net.minecraftforge.common.ForgeConfigSpec/CORE]: Incorrect key base_multiplier.HeadShotBaseMultiplier was corrected from null to its default, 1.0. 
[2112月2025 13:19:51.189] [Server thread/DEBUG] [net.minecraftforge.common.ForgeConfigSpec/CORE]: The comment on key base_multiplier.HeadShotBaseMultiplier does not match the spec. This may create a backup.
[2112月2025 13:19:51.189] [Server thread/WARN] [net.minecraftforge.common.ForgeConfigSpec/CORE]: Incorrect key base_multiplier.WeightSpeedMultiplier was corrected from null to its default, 0.015. 
[2112月2025 13:19:51.189] [Server thread/DEBUG] [net.minecraftforge.common.ForgeConfigSpec/CORE]: The comment on key base_multiplier.WeightSpeedMultiplier does not match the spec. This may create a backup.
[2112月2025 13:19:51.189] [Server thread/WARN] [net.minecraftforge.common.ForgeConfigSpec/CORE]: Incorrect key misc was corrected from null to its default, SimpleCommentedConfig:{}. 
[2112月2025 13:19:51.189] [Server thread/WARN] [net.minecraftforge.common.ForgeConfigSpec/CORE]: Incorrect key misc.HeadShotAABB was corrected from null to its default, []. 
[2112月2025 13:19:51.190] [Server thread/DEBUG] [net.minecraftforge.common.ForgeConfigSpec/CORE]: The comment on key misc.HeadShotAABB does not match the spec. This may create a backup.
[2112月2025 13:19:51.190] [Server thread/WARN] [net.minecraftforge.common.ForgeConfigSpec/CORE]: Incorrect key misc.AmmoBoxStackSize was corrected from null to its default, 3. 
[2112月2025 13:19:51.190] [Server thread/DEBUG] [net.minecraftforge.common.ForgeConfigSpec/CORE]: The comment on key misc.AmmoBoxStackSize does not match the spec. This may create a backup.
[2112月2025 13:19:51.190] [Server thread/WARN] [net.minecraftforge.common.ForgeConfigSpec/CORE]: Incorrect key misc.ClientGunPackDownloadUrls was corrected from null to its default, []. 
[2112月2025 13:19:51.190] [Server thread/DEBUG] [net.minecraftforge.common.ForgeConfigSpec/CORE]: The comment on key misc.ClientGunPackDownloadUrls does not match the spec. This may create a backup.
[2112月2025 13:19:51.190] [Server thread/WARN] [net.minecraftforge.common.ForgeConfigSpec/CORE]: Incorrect key misc.EnableCrawl was corrected from null to its default, true. 
[2112月2025 13:19:51.190] [Server thread/DEBUG] [net.minecraftforge.common.ForgeConfigSpec/CORE]: The comment on key misc.EnableCrawl does not match the spec. This may create a backup.
[2112月2025 13:19:51.190] [Server thread/WARN] [net.minecraftforge.common.ForgeConfigSpec/CORE]: Incorrect key misc.EnableDefaultGunSmithTableFilter was corrected from null to its default, true. 
[2112月2025 13:19:51.190] [Server thread/DEBUG] [net.minecraftforge.common.ForgeConfigSpec/CORE]: The comment on key misc.EnableDefaultGunSmithTableFilter does not match the spec. This may create a backup.
[2112月2025 13:19:51.190] [Server thread/WARN] [net.minecraftforge.common.ForgeConfigSpec/CORE]: Incorrect key misc.ServerShootNetworkCheck was corrected from null to its default, true. 
[2112月2025 13:19:51.190] [Server thread/DEBUG] [net.minecraftforge.common.ForgeConfigSpec/CORE]: The comment on key misc.ServerShootNetworkCheck does not match the spec. This may create a backup.
[2112月2025 13:19:51.190] [Server thread/WARN] [net.minecraftforge.common.ForgeConfigSpec/CORE]: Incorrect key misc.ServerShootCooldownCheck was corrected from null to its default, true. 
[2112月2025 13:19:51.190] [Server thread/DEBUG] [net.minecraftforge.common.ForgeConfigSpec/CORE]: The comment on key misc.ServerShootCooldownCheck does not match the spec. This may create a backup.
[2112月2025 13:19:51.193] [Server thread/DEBUG] [net.minecraftforge.fml.config.ConfigFileTypeHandler/CONFIG]: Built TOML config for .\world\serverconfig\forge-server.toml
[2112月2025 13:19:51.194] [Server thread/DEBUG] [net.minecraftforge.fml.config.ConfigFileTypeHandler/CONFIG]: Loaded TOML config file .\world\serverconfig\forge-server.toml
[2112月2025 13:19:51.194] [Server thread/DEBUG] [net.minecraftforge.fml.config.ConfigFileTypeHandler/CONFIG]: Watching TOML config file .\world\serverconfig\forge-server.toml for changes
[2112月2025 13:19:51.194] [Server thread/WARN] [net.minecraftforge.common.ForgeConfigSpec/CORE]: Configuration file .\world\serverconfig\forge-server.toml is not correct. Correcting
[2112月2025 13:19:51.194] [Server thread/WARN] [net.minecraftforge.common.ForgeConfigSpec/CORE]: Incorrect key server was corrected from null to its default, SimpleCommentedConfig:{}. 
[2112月2025 13:19:51.194] [Server thread/WARN] [net.minecraftforge.common.ForgeConfigSpec/CORE]: Incorrect key server.removeErroringBlockEntities was corrected from null to its default, false. 
[2112月2025 13:19:51.194] [Server thread/DEBUG] [net.minecraftforge.common.ForgeConfigSpec/CORE]: The comment on key server.removeErroringBlockEntities does not match the spec. This may create a backup.
[2112月2025 13:19:51.195] [Server thread/WARN] [net.minecraftforge.common.ForgeConfigSpec/CORE]: Incorrect key server.removeErroringEntities was corrected from null to its default, false. 
[2112月2025 13:19:51.195] [Server thread/DEBUG] [net.minecraftforge.common.ForgeConfigSpec/CORE]: The comment on key server.removeErroringEntities does not match the spec. This may create a backup.
[2112月2025 13:19:51.195] [Server thread/WARN] [net.minecraftforge.common.ForgeConfigSpec/CORE]: Incorrect key server.fullBoundingBoxLadders was corrected from null to its default, false. 
[2112月2025 13:19:51.195] [Server thread/DEBUG] [net.minecraftforge.common.ForgeConfigSpec/CORE]: The comment on key server.fullBoundingBoxLadders does not match the spec. This may create a backup.
[2112月2025 13:19:51.195] [Server thread/WARN] [net.minecraftforge.common.ForgeConfigSpec/CORE]: Incorrect key server.zombieBaseSummonChance was corrected from null to its default, 0.1. 
[2112月2025 13:19:51.195] [Server thread/DEBUG] [net.minecraftforge.common.ForgeConfigSpec/CORE]: The comment on key server.zombieBaseSummonChance does not match the spec. This may create a backup.
[2112月2025 13:19:51.195] [Server thread/WARN] [net.minecraftforge.common.ForgeConfigSpec/CORE]: Incorrect key server.zombieBabyChance was corrected from null to its default, 0.05. 
[2112月2025 13:19:51.195] [Server thread/DEBUG] [net.minecraftforge.common.ForgeConfigSpec/CORE]: The comment on key server.zombieBabyChance does not match the spec. This may create a backup.
[2112月2025 13:19:51.195] [Server thread/WARN] [net.minecraftforge.common.ForgeConfigSpec/CORE]: Incorrect key server.permissionHandler was corrected from null to its default, forge:default_handler. 
[2112月2025 13:19:51.195] [Server thread/DEBUG] [net.minecraftforge.common.ForgeConfigSpec/CORE]: The comment on key server.permissionHandler does not match the spec. This may create a backup.
[2112月2025 13:19:51.195] [Server thread/WARN] [net.minecraftforge.common.ForgeConfigSpec/CORE]: Incorrect key server.advertiseDedicatedServerToLan was corrected from null to its default, true. 
[2112月2025 13:19:51.195] [Server thread/DEBUG] [net.minecraftforge.common.ForgeConfigSpec/CORE]: The comment on key server.advertiseDedicatedServerToLan does not match the spec. This may create a backup.
[2112月2025 13:19:51.195] [Server thread/WARN] [net.minecraftforge.common.ForgeConfigSpec/CORE]: Incorrect key server.useItemWithDurationZero was corrected from null to its default, false. 
[2112月2025 13:19:51.195] [Server thread/DEBUG] [net.minecraftforge.common.ForgeConfigSpec/CORE]: The comment on key server.useItemWithDurationZero does not match the spec. This may create a backup.
[2112月2025 13:19:51.195] [Server thread/DEBUG] [net.minecraftforge.common.ForgeConfigSpec/CORE]: The comment on key server does not match the spec. This may create a backup.
[2112月2025 13:19:51.196] [Server thread/DEBUG] [net.minecraftforge.common.ForgeConfig/FORGEMOD]: Loaded forge config file forge-server.toml
[2112月2025 13:19:51.196] [Server thread/DEBUG] [net.minecraftforge.fml.config.ConfigFileTypeHandler/CONFIG]: Built TOML config for .\world\serverconfig\sophisticatedbackpacks-server.toml
[2112月2025 13:19:51.197] [Server thread/DEBUG] [net.minecraftforge.fml.config.ConfigFileTypeHandler/CONFIG]: Loaded TOML config file .\world\serverconfig\sophisticatedbackpacks-server.toml
[2112月2025 13:19:51.197] [Server thread/DEBUG] [net.minecraftforge.fml.config.ConfigFileTypeHandler/CONFIG]: Watching TOML config file .\world\serverconfig\sophisticatedbackpacks-server.toml for changes
[2112月2025 13:19:51.197] [Server thread/WARN] [net.minecraftforge.common.ForgeConfigSpec/CORE]: Configuration file .\world\serverconfig\sophisticatedbackpacks-server.toml is not correct. Correcting
[2112月2025 13:19:51.197] [Server thread/WARN] [net.minecraftforge.common.ForgeConfigSpec/CORE]: Incorrect key server was corrected from null to its default, SimpleCommentedConfig:{}. 
[2112月2025 13:19:51.197] [Server thread/WARN] [net.minecraftforge.common.ForgeConfigSpec/CORE]: Incorrect key server.disallowedItems was corrected from null to its default, []. 
[2112月2025 13:19:51.198] [Server thread/DEBUG] [net.minecraftforge.common.ForgeConfigSpec/CORE]: The comment on key server.disallowedItems does not match the spec. This may create a backup.
[2112月2025 13:19:51.198] [Server thread/WARN] [net.minecraftforge.common.ForgeConfigSpec/CORE]: Incorrect key server.containerItemsDisallowed was corrected from null to its default, false. 
[2112月2025 13:19:51.198] [Server thread/DEBUG] [net.minecraftforge.common.ForgeConfigSpec/CORE]: The comment on key server.containerItemsDisallowed does not match the spec. This may create a backup.
[2112月2025 13:19:51.198] [Server thread/WARN] [net.minecraftforge.common.ForgeConfigSpec/CORE]: Incorrect key server.noInteractionBlocks was corrected from null to its default, []. 
[2112月2025 13:19:51.198] [Server thread/DEBUG] [net.minecraftforge.common.ForgeConfigSpec/CORE]: The comment on key server.noInteractionBlocks does not match the spec. This may create a backup.
[2112月2025 13:19:51.198] [Server thread/DEBUG] [net.minecraftforge.common.ForgeConfigSpec/CORE]: List on key noConnectionBlocks is deemed to need correction. It is null, not a list, or an empty list. Modders, consider defineListAllowEmpty?
[2112月2025 13:19:51.198] [Server thread/WARN] [net.minecraftforge.common.ForgeConfigSpec/CORE]: Incorrect key server.noConnectionBlocks was corrected from null to its default, []. 
[2112月2025 13:19:51.198] [Server thread/DEBUG] [net.minecraftforge.common.ForgeConfigSpec/CORE]: The comment on key server.noConnectionBlocks does not match the spec. This may create a backup.
[2112月2025 13:19:51.198] [Server thread/WARN] [net.minecraftforge.common.ForgeConfigSpec/CORE]: Incorrect key server.allBlockConnectionsDisallowed was corrected from null to its default, false. 
[2112月2025 13:19:51.198] [Server thread/DEBUG] [net.minecraftforge.common.ForgeConfigSpec/CORE]: The comment on key server.allBlockConnectionsDisallowed does not match the spec. This may create a backup.
[2112月2025 13:19:51.198] [Server thread/WARN] [net.minecraftforge.common.ForgeConfigSpec/CORE]: Incorrect key server.leatherBackpack was corrected from null to its default, SimpleCommentedConfig:{}. 
[2112月2025 13:19:51.198] [Server thread/WARN] [net.minecraftforge.common.ForgeConfigSpec/CORE]: Incorrect key server.leatherBackpack.inventorySlotCount was corrected from null to its default, 27. 
[2112月2025 13:19:51.198] [Server thread/DEBUG] [net.minecraftforge.common.ForgeConfigSpec/CORE]: The comment on key server.leatherBackpack.inventorySlotCount does not match the spec. This may create a backup.
[2112月2025 13:19:51.199] [Server thread/WARN] [net.minecraftforge.common.ForgeConfigSpec/CORE]: Incorrect key server.leatherBackpack.upgradeSlotCount was corrected from null to its default, 1. 
[2112月2025 13:19:51.199] [Server thread/DEBUG] [net.minecraftforge.common.ForgeConfigSpec/CORE]: The comment on key server.leatherBackpack.upgradeSlotCount does not match the spec. This may create a backup.
[2112月2025 13:19:51.199] [Server thread/DEBUG] [net.minecraftforge.common.ForgeConfigSpec/CORE]: The comment on key server.leatherBackpack does not match the spec. This may create a backup.
[2112月2025 13:19:51.199] [Server thread/WARN] [net.minecraftforge.common.ForgeConfigSpec/CORE]: Incorrect key server.copperBackpack was corrected from null to its default, SimpleCommentedConfig:{}. 
[2112月2025 13:19:51.199] [Server thread/WARN] [net.minecraftforge.common.ForgeConfigSpec/CORE]: Incorrect key server.copperBackpack.inventorySlotCount was corrected from null to its default, 45. 
[2112月2025 13:19:51.199] [Server thread/DEBUG] [net.minecraftforge.common.ForgeConfigSpec/CORE]: The comment on key server.copperBackpack.inventorySlotCount does not match the spec. This may create a backup.
[2112月2025 13:19:51.199] [Server thread/WARN] [net.minecraftforge.common.ForgeConfigSpec/CORE]: Incorrect key server.copperBackpack.upgradeSlotCount was corrected from null to its default, 1. 
[2112月2025 13:19:51.199] [Server thread/DEBUG] [net.minecraftforge.common.ForgeConfigSpec/CORE]: The comment on key server.copperBackpack.upgradeSlotCount does not match the spec. This may create a backup.
[2112月2025 13:19:51.199] [Server thread/DEBUG] [net.minecraftforge.common.ForgeConfigSpec/CORE]: The comment on key server.copperBackpack does not match the spec. This may create a backup.
[2112月2025 13:19:51.199] [Server thread/WARN] [net.minecraftforge.common.ForgeConfigSpec/CORE]: Incorrect key server.ironBackpack was corrected from null to its default, SimpleCommentedConfig:{}. 
[2112月2025 13:19:51.199] [Server thread/WARN] [net.minecraftforge.common.ForgeConfigSpec/CORE]: Incorrect key server.ironBackpack.inventorySlotCount was corrected from null to its default, 54. 
[2112月2025 13:19:51.199] [Server thread/DEBUG] [net.minecraftforge.common.ForgeConfigSpec/CORE]: The comment on key server.ironBackpack.inventorySlotCount does not match the spec. This may create a backup.
[2112月2025 13:19:51.199] [Server thread/WARN] [net.minecraftforge.common.ForgeConfigSpec/CORE]: Incorrect key server.ironBackpack.upgradeSlotCount was corrected from null to its default, 2. 
[2112月2025 13:19:51.199] [Server thread/DEBUG] [net.minecraftforge.common.ForgeConfigSpec/CORE]: The comment on key server.ironBackpack.upgradeSlotCount does not match the spec. This may create a backup.
[2112月2025 13:19:51.199] [Server thread/DEBUG] [net.minecraftforge.common.ForgeConfigSpec/CORE]: The comment on key server.ironBackpack does not match the spec. This may create a backup.
[2112月2025 13:19:51.199] [Server thread/WARN] [net.minecraftforge.common.ForgeConfigSpec/CORE]: Incorrect key server.goldBackpack was corrected from null to its default, SimpleCommentedConfig:{}. 
[2112月2025 13:19:51.199] [Server thread/WARN] [net.minecraftforge.common.ForgeConfigSpec/CORE]: Incorrect key server.goldBackpack.inventorySlotCount was corrected from null to its default, 81. 
[2112月2025 13:19:51.200] [Server thread/DEBUG] [net.minecraftforge.common.ForgeConfigSpec/CORE]: The comment on key server.goldBackpack.inventorySlotCount does not match the spec. This may create a backup.
[2112月2025 13:19:51.200] [Server thread/WARN] [net.minecraftforge.common.ForgeConfigSpec/CORE]: Incorrect key server.goldBackpack.upgradeSlotCount was corrected from null to its default, 3. 
[2112月2025 13:19:51.200] [Server thread/DEBUG] [net.minecraftforge.common.ForgeConfigSpec/CORE]: The comment on key server.goldBackpack.upgradeSlotCount does not match the spec. This may create a backup.
[2112月2025 13:19:51.200] [Server thread/DEBUG] [net.minecraftforge.common.ForgeConfigSpec/CORE]: The comment on key server.goldBackpack does not match the spec. This may create a backup.
[2112月2025 13:19:51.200] [Server thread/WARN] [net.minecraftforge.common.ForgeConfigSpec/CORE]: Incorrect key server.diamondBackpack was corrected from null to its default, SimpleCommentedConfig:{}. 
[2112月2025 13:19:51.200] [Server thread/WARN] [net.minecraftforge.common.ForgeConfigSpec/CORE]: Incorrect key server.diamondBackpack.inventorySlotCount was corrected from null to its default, 108. 
[2112月2025 13:19:51.200] [Server thread/DEBUG] [net.minecraftforge.common.ForgeConfigSpec/CORE]: The comment on key server.diamondBackpack.inventorySlotCount does not match the spec. This may create a backup.
[2112月2025 13:19:51.200] [Server thread/WARN] [net.minecraftforge.common.ForgeConfigSpec/CORE]: Incorrect key server.diamondBackpack.upgradeSlotCount was corrected from null to its default, 5. 
[2112月2025 13:19:51.200] [Server thread/DEBUG] [net.minecraftforge.common.ForgeConfigSpec/CORE]: The comment on key server.diamondBackpack.upgradeSlotCount does not match the spec. This may create a backup.
[2112月2025 13:19:51.200] [Server thread/DEBUG] [net.minecraftforge.common.ForgeConfigSpec/CORE]: The comment on key server.diamondBackpack does not match the spec. This may create a backup.
[2112月2025 13:19:51.200] [Server thread/WARN] [net.minecraftforge.common.ForgeConfigSpec/CORE]: Incorrect key server.netheriteBackpack was corrected from null to its default, SimpleCommentedConfig:{}. 
[2112月2025 13:19:51.201] [Server thread/WARN] [net.minecraftforge.common.ForgeConfigSpec/CORE]: Incorrect key server.netheriteBackpack.inventorySlotCount was corrected from null to its default, 120. 
[2112月2025 13:19:51.201] [Server thread/DEBUG] [net.minecraftforge.common.ForgeConfigSpec/CORE]: The comment on key server.netheriteBackpack.inventorySlotCount does not match the spec. This may create a backup.
[2112月2025 13:19:51.201] [Server thread/WARN] [net.minecraftforge.common.ForgeConfigSpec/CORE]: Incorrect key server.netheriteBackpack.upgradeSlotCount was corrected from null to its default, 7. 
[2112月2025 13:19:51.201] [Server thread/DEBUG] [net.minecraftforge.common.ForgeConfigSpec/CORE]: The comment on key server.netheriteBackpack.upgradeSlotCount does not match the spec. This may create a backup.
[2112月2025 13:19:51.201] [Server thread/DEBUG] [net.minecraftforge.common.ForgeConfigSpec/CORE]: The comment on key server.netheriteBackpack does not match the spec. This may create a backup.
[2112月2025 13:19:51.201] [Server thread/WARN] [net.minecraftforge.common.ForgeConfigSpec/CORE]: Incorrect key server.compactingUpgrade was corrected from null to its default, SimpleCommentedConfig:{}. 
[2112月2025 13:19:51.201] [Server thread/WARN] [net.minecraftforge.common.ForgeConfigSpec/CORE]: Incorrect key server.compactingUpgrade.filterSlots was corrected from null to its default, 9. 
[2112月2025 13:19:51.201] [Server thread/DEBUG] [net.minecraftforge.common.ForgeConfigSpec/CORE]: The comment on key server.compactingUpgrade.filterSlots does not match the spec. This may create a backup.
[2112月2025 13:19:51.201] [Server thread/WARN] [net.minecraftforge.common.ForgeConfigSpec/CORE]: Incorrect key server.compactingUpgrade.slotsInRow was corrected from null to its default, 3. 
[2112月2025 13:19:51.201] [Server thread/DEBUG] [net.minecraftforge.common.ForgeConfigSpec/CORE]: The comment on key server.compactingUpgrade.slotsInRow does not match the spec. This may create a backup.
[2112月2025 13:19:51.201] [Server thread/DEBUG] [net.minecraftforge.common.ForgeConfigSpec/CORE]: The comment on key server.compactingUpgrade does not match the spec. This may create a backup.
[2112月2025 13:19:51.201] [Server thread/WARN] [net.minecraftforge.common.ForgeConfigSpec/CORE]: Incorrect key server.advancedCompactingUpgrade was corrected from null to its default, SimpleCommentedConfig:{}. 
[2112月2025 13:19:51.201] [Server thread/WARN] [net.minecraftforge.common.ForgeConfigSpec/CORE]: Incorrect key server.advancedCompactingUpgrade.filterSlots was corrected from null to its default, 16. 
[2112月2025 13:19:51.201] [Server thread/DEBUG] [net.minecraftforge.common.ForgeConfigSpec/CORE]: The comment on key server.advancedCompactingUpgrade.filterSlots does not match the spec. This may create a backup.
[2112月2025 13:19:51.201] [Server thread/WARN] [net.minecraftforge.common.ForgeConfigSpec/CORE]: Incorrect key server.advancedCompactingUpgrade.slotsInRow was corrected from null to its default, 4. 
[2112月2025 13:19:51.202] [Server thread/DEBUG] [net.minecraftforge.common.ForgeConfigSpec/CORE]: The comment on key server.advancedCompactingUpgrade.slotsInRow does not match the spec. This may create a backup.
[2112月2025 13:19:51.202] [Server thread/DEBUG] [net.minecraftforge.common.ForgeConfigSpec/CORE]: The comment on key server.advancedCompactingUpgrade does not match the spec. This may create a backup.
[2112月2025 13:19:51.202] [Server thread/WARN] [net.minecraftforge.common.ForgeConfigSpec/CORE]: Incorrect key server.depositUpgrade was corrected from null to its default, SimpleCommentedConfig:{}. 
[2112月2025 13:19:51.202] [Server thread/WARN] [net.minecraftforge.common.ForgeConfigSpec/CORE]: Incorrect key server.depositUpgrade.filterSlots was corrected from null to its default, 9. 
[2112月2025 13:19:51.202] [Server thread/DEBUG] [net.minecraftforge.common.ForgeConfigSpec/CORE]: The comment on key server.depositUpgrade.filterSlots does not match the spec. This may create a backup.
[2112月2025 13:19:51.202] [Server thread/WARN] [net.minecraftforge.common.ForgeConfigSpec/CORE]: Incorrect key server.depositUpgrade.slotsInRow was corrected from null to its default, 3. 
[2112月2025 13:19:51.202] [Server thread/DEBUG] [net.minecraftforge.common.ForgeConfigSpec/CORE]: The comment on key server.depositUpgrade.slotsInRow does not match the spec. This may create a backup.
[2112月2025 13:19:51.202] [Server thread/DEBUG] [net.minecraftforge.common.ForgeConfigSpec/CORE]: The comment on key server.depositUpgrade does not match the spec. This may create a backup.
[2112月2025 13:19:51.202] [Server thread/WARN] [net.minecraftforge.common.ForgeConfigSpec/CORE]: Incorrect key server.advancedDepositUpgrade was corrected from null to its default, SimpleCommentedConfig:{}. 
[2112月2025 13:19:51.202] [Server thread/WARN] [net.minecraftforge.common.ForgeConfigSpec/CORE]: Incorrect key server.advancedDepositUpgrade.filterSlots was corrected from null to its default, 16. 
[2112月2025 13:19:51.202] [Server thread/DEBUG] [net.minecraftforge.common.ForgeConfigSpec/CORE]: The comment on key server.advancedDepositUpgrade.filterSlots does not match the spec. This may create a backup.
[2112月2025 13:19:51.202] [Server thread/WARN] [net.minecraftforge.common.ForgeConfigSpec/CORE]: Incorrect key server.advancedDepositUpgrade.slotsInRow was corrected from null to its default, 4. 
[2112月2025 13:19:51.202] [Server thread/DEBUG] [net.minecraftforge.common.ForgeConfigSpec/CORE]: The comment on key server.advancedDepositUpgrade.slotsInRow does not match the spec. This may create a backup.
[2112月2025 13:19:51.202] [Server thread/DEBUG] [net.minecraftforge.common.ForgeConfigSpec/CORE]: The comment on key server.advancedDepositUpgrade does not match the spec. This may create a backup.
[2112月2025 13:19:51.202] [Server thread/WARN] [net.minecraftforge.common.ForgeConfigSpec/CORE]: Incorrect key server.feedingUpgrade was corrected from null to its default, SimpleCommentedConfig:{}. 
[2112月2025 13:19:51.202] [Server thread/WARN] [net.minecraftforge.common.ForgeConfigSpec/CORE]: Incorrect key server.feedingUpgrade.filterSlots was corrected from null to its default, 9. 
[2112月2025 13:19:51.203] [Server thread/DEBUG] [net.minecraftforge.common.ForgeConfigSpec/CORE]: The comment on key server.feedingUpgrade.filterSlots does not match the spec. This may create a backup.
[2112月2025 13:19:51.203] [Server thread/WARN] [net.minecraftforge.common.ForgeConfigSpec/CORE]: Incorrect key server.feedingUpgrade.slotsInRow was corrected from null to its default, 3. 
[2112月2025 13:19:51.203] [Server thread/DEBUG] [net.minecraftforge.common.ForgeConfigSpec/CORE]: The comment on key server.feedingUpgrade.slotsInRow does not match the spec. This may create a backup.
[2112月2025 13:19:51.203] [Server thread/DEBUG] [net.minecraftforge.common.ForgeConfigSpec/CORE]: The comment on key server.feedingUpgrade does not match the spec. This may create a backup.
[2112月2025 13:19:51.203] [Server thread/WARN] [net.minecraftforge.common.ForgeConfigSpec/CORE]: Incorrect key server.advancedFeedingUpgrade was corrected from null to its default, SimpleCommentedConfig:{}. 
[2112月2025 13:19:51.203] [Server thread/WARN] [net.minecraftforge.common.ForgeConfigSpec/CORE]: Incorrect key server.advancedFeedingUpgrade.filterSlots was corrected from null to its default, 16. 
[2112月2025 13:19:51.203] [Server thread/DEBUG] [net.minecraftforge.common.ForgeConfigSpec/CORE]: The comment on key server.advancedFeedingUpgrade.filterSlots does not match the spec. This may create a backup.
[2112月2025 13:19:51.203] [Server thread/WARN] [net.minecraftforge.common.ForgeConfigSpec/CORE]: Incorrect key server.advancedFeedingUpgrade.slotsInRow was corrected from null to its default, 4. 
[2112月2025 13:19:51.203] [Server thread/DEBUG] [net.minecraftforge.common.ForgeConfigSpec/CORE]: The comment on key server.advancedFeedingUpgrade.slotsInRow does not match the spec. This may create a backup.
[2112月2025 13:19:51.203] [Server thread/DEBUG] [net.minecraftforge.common.ForgeConfigSpec/CORE]: The comment on key server.advancedFeedingUpgrade does not match the spec. This may create a backup.
[2112月2025 13:19:51.203] [Server thread/WARN] [net.minecraftforge.common.ForgeConfigSpec/CORE]: Incorrect key server.filterUpgrade was corrected from null to its default, SimpleCommentedConfig:{}. 
[2112月2025 13:19:51.203] [Server thread/WARN] [net.minecraftforge.common.ForgeConfigSpec/CORE]: Incorrect key server.filterUpgrade.filterSlots was corrected from null to its default, 9. 
[2112月2025 13:19:51.203] [Server thread/DEBUG] [net.minecraftforge.common.ForgeConfigSpec/CORE]: The comment on key server.filterUpgrade.filterSlots does not match the spec. This may create a backup.
[2112月2025 13:19:51.203] [Server thread/WARN] [net.minecraftforge.common.ForgeConfigSpec/CORE]: Incorrect key server.filterUpgrade.slotsInRow was corrected from null to its default, 3. 
[2112月2025 13:19:51.203] [Server thread/DEBUG] [net.minecraftforge.common.ForgeConfigSpec/CORE]: The comment on key server.filterUpgrade.slotsInRow does not match the spec. This may create a backup.
[2112月2025 13:19:51.203] [Server thread/DEBUG] [net.minecraftforge.common.ForgeConfigSpec/CORE]: The comment on key server.filterUpgrade does not match the spec. This may create a backup.
[2112月2025 13:19:51.204] [Server thread/WARN] [net.minecraftforge.common.ForgeConfigSpec/CORE]: Incorrect key server.advancedFilterUpgrade was corrected from null to its default, SimpleCommentedConfig:{}. 
[2112月2025 13:19:51.204] [Server thread/WARN] [net.minecraftforge.common.ForgeConfigSpec/CORE]: Incorrect key server.advancedFilterUpgrade.filterSlots was corrected from null to its default, 16. 
[2112月2025 13:19:51.204] [Server thread/DEBUG] [net.minecraftforge.common.ForgeConfigSpec/CORE]: The comment on key server.advancedFilterUpgrade.filterSlots does not match the spec. This may create a backup.
[2112月2025 13:19:51.204] [Server thread/WARN] [net.minecraftforge.common.ForgeConfigSpec/CORE]: Incorrect key server.advancedFilterUpgrade.slotsInRow was corrected from null to its default, 4. 
[2112月2025 13:19:51.204] [Server thread/DEBUG] [net.minecraftforge.common.ForgeConfigSpec/CORE]: The comment on key server.advancedFilterUpgrade.slotsInRow does not match the spec. This may create a backup.
[2112月2025 13:19:51.204] [Server thread/DEBUG] [net.minecraftforge.common.ForgeConfigSpec/CORE]: The comment on key server.advancedFilterUpgrade does not match the spec. This may create a backup.
[2112月2025 13:19:51.204] [Server thread/WARN] [net.minecraftforge.common.ForgeConfigSpec/CORE]: Incorrect key server.magnetUpgrade was corrected from null to its default, SimpleCommentedConfig:{}. 
[2112月2025 13:19:51.204] [Server thread/WARN] [net.minecraftforge.common.ForgeConfigSpec/CORE]: Incorrect key server.magnetUpgrade.filterSlots was corrected from null to its default, 9. 
[2112月2025 13:19:51.204] [Server thread/DEBUG] [net.minecraftforge.common.ForgeConfigSpec/CORE]: The comment on key server.magnetUpgrade.filterSlots does not match the spec. This may create a backup.
[2112月2025 13:19:51.204] [Server thread/WARN] [net.minecraftforge.common.ForgeConfigSpec/CORE]: Incorrect key server.magnetUpgrade.slotsInRow was corrected from null to its default, 3. 
[2112月2025 13:19:51.204] [Server thread/DEBUG] [net.minecraftforge.common.ForgeConfigSpec/CORE]: The comment on key server.magnetUpgrade.slotsInRow does not match the spec. This may create a backup.
[2112月2025 13:19:51.204] [Server thread/WARN] [net.minecraftforge.common.ForgeConfigSpec/CORE]: Incorrect key server.magnetUpgrade.magnetRange was corrected from null to its default, 3. 
[2112月2025 13:19:51.204] [Server thread/DEBUG] [net.minecraftforge.common.ForgeConfigSpec/CORE]: The comment on key server.magnetUpgrade.magnetRange does not match the spec. This may create a backup.
[2112月2025 13:19:51.204] [Server thread/DEBUG] [net.minecraftforge.common.ForgeConfigSpec/CORE]: The comment on key server.magnetUpgrade does not match the spec. This may create a backup.
[2112月2025 13:19:51.204] [Server thread/WARN] [net.minecraftforge.common.ForgeConfigSpec/CORE]: Incorrect key server.advancedMagnetUpgrade was corrected from null to its default, SimpleCommentedConfig:{}. 
[2112月2025 13:19:51.204] [Server thread/WARN] [net.minecraftforge.common.ForgeConfigSpec/CORE]: Incorrect key server.advancedMagnetUpgrade.filterSlots was corrected from null to its default, 16. 
[2112月2025 13:19:51.204] [Server thread/DEBUG] [net.minecraftforge.common.ForgeConfigSpec/CORE]: The comment on key server.advancedMagnetUpgrade.filterSlots does not match the spec. This may create a backup.
[2112月2025 13:19:51.204] [Server thread/WARN] [net.minecraftforge.common.ForgeConfigSpec/CORE]: Incorrect key server.advancedMagnetUpgrade.slotsInRow was corrected from null to its default, 4. 
[2112月2025 13:19:51.204] [Server thread/DEBUG] [net.minecraftforge.common.ForgeConfigSpec/CORE]: The comment on key server.advancedMagnetUpgrade.slotsInRow does not match the spec. This may create a backup.
[2112月2025 13:19:51.204] [Server thread/WARN] [net.minecraftforge.common.ForgeConfigSpec/CORE]: Incorrect key server.advancedMagnetUpgrade.magnetRange was corrected from null to its default, 5. 
[2112月2025 13:19:51.205] [Server thread/DEBUG] [net.minecraftforge.common.ForgeConfigSpec/CORE]: The comment on key server.advancedMagnetUpgrade.magnetRange does not match the spec. This may create a backup.
[2112月2025 13:19:51.205] [Server thread/DEBUG] [net.minecraftforge.common.ForgeConfigSpec/CORE]: The comment on key server.advancedMagnetUpgrade does not match the spec. This may create a backup.
[2112月2025 13:19:51.205] [Server thread/WARN] [net.minecraftforge.common.ForgeConfigSpec/CORE]: Incorrect key server.pickupUpgrade was corrected from null to its default, SimpleCommentedConfig:{}. 
[2112月2025 13:19:51.205] [Server thread/WARN] [net.minecraftforge.common.ForgeConfigSpec/CORE]: Incorrect key server.pickupUpgrade.filterSlots was corrected from null to its default, 9. 
[2112月2025 13:19:51.205] [Server thread/DEBUG] [net.minecraftforge.common.ForgeConfigSpec/CORE]: The comment on key server.pickupUpgrade.filterSlots does not match the spec. This may create a backup.
[2112月2025 13:19:51.205] [Server thread/WARN] [net.minecraftforge.common.ForgeConfigSpec/CORE]: Incorrect key server.pickupUpgrade.slotsInRow was corrected from null to its default, 3. 
[2112月2025 13:19:51.205] [Server thread/DEBUG] [net.minecraftforge.common.ForgeConfigSpec/CORE]: The comment on key server.pickupUpgrade.slotsInRow does not match the spec. This may create a backup.
[2112月2025 13:19:51.205] [Server thread/DEBUG] [net.minecraftforge.common.ForgeConfigSpec/CORE]: The comment on key server.pickupUpgrade does not match the spec. This may create a backup.
[2112月2025 13:19:51.205] [Server thread/WARN] [net.minecraftforge.common.ForgeConfigSpec/CORE]: Incorrect key server.advancedPickupUpgrade was corrected from null to its default, SimpleCommentedConfig:{}. 
[2112月2025 13:19:51.205] [Server thread/WARN] [net.minecraftforge.common.ForgeConfigSpec/CORE]: Incorrect key server.advancedPickupUpgrade.filterSlots was corrected from null to its default, 16. 
[2112月2025 13:19:51.205] [Server thread/DEBUG] [net.minecraftforge.common.ForgeConfigSpec/CORE]: The comment on key server.advancedPickupUpgrade.filterSlots does not match the spec. This may create a backup.
[2112月2025 13:19:51.205] [Server thread/WARN] [net.minecraftforge.common.ForgeConfigSpec/CORE]: Incorrect key server.advancedPickupUpgrade.slotsInRow was corrected from null to its default, 4. 
[2112月2025 13:19:51.205] [Server thread/DEBUG] [net.minecraftforge.common.ForgeConfigSpec/CORE]: The comment on key server.advancedPickupUpgrade.slotsInRow does not match the spec. This may create a backup.
[2112月2025 13:19:51.205] [Server thread/DEBUG] [net.minecraftforge.common.ForgeConfigSpec/CORE]: The comment on key server.advancedPickupUpgrade does not match the spec. This may create a backup.
[2112月2025 13:19:51.205] [Server thread/WARN] [net.minecraftforge.common.ForgeConfigSpec/CORE]: Incorrect key server.refillUpgrade was corrected from null to its default, SimpleCommentedConfig:{}. 
[2112月2025 13:19:51.205] [Server thread/WARN] [net.minecraftforge.common.ForgeConfigSpec/CORE]: Incorrect key server.refillUpgrade.filterSlots was corrected from null to its default, 6. 
[2112月2025 13:19:51.205] [Server thread/DEBUG] [net.minecraftforge.common.ForgeConfigSpec/CORE]: The comment on key server.refillUpgrade.filterSlots does not match the spec. This may create a backup.
[2112月2025 13:19:51.205] [Server thread/WARN] [net.minecraftforge.common.ForgeConfigSpec/CORE]: Incorrect key server.refillUpgrade.slotsInRow was corrected from null to its default, 3. 
[2112月2025 13:19:51.206] [Server thread/DEBUG] [net.minecraftforge.common.ForgeConfigSpec/CORE]: The comment on key server.refillUpgrade.slotsInRow does not match the spec. This may create a backup.
[2112月2025 13:19:51.206] [Server thread/DEBUG] [net.minecraftforge.common.ForgeConfigSpec/CORE]: The comment on key server.refillUpgrade does not match the spec. This may create a backup.
[2112月2025 13:19:51.206] [Server thread/WARN] [net.minecraftforge.common.ForgeConfigSpec/CORE]: Incorrect key server.advancedRefillUpgrade was corrected from null to its default, SimpleCommentedConfig:{}. 
[2112月2025 13:19:51.206] [Server thread/WARN] [net.minecraftforge.common.ForgeConfigSpec/CORE]: Incorrect key server.advancedRefillUpgrade.filterSlots was corrected from null to its default, 12. 
[2112月2025 13:19:51.206] [Server thread/DEBUG] [net.minecraftforge.common.ForgeConfigSpec/CORE]: The comment on key server.advancedRefillUpgrade.filterSlots does not match the spec. This may create a backup.
[2112月2025 13:19:51.206] [Server thread/WARN] [net.minecraftforge.common.ForgeConfigSpec/CORE]: Incorrect key server.advancedRefillUpgrade.slotsInRow was corrected from null to its default, 4. 
[2112月2025 13:19:51.206] [Server thread/DEBUG] [net.minecraftforge.common.ForgeConfigSpec/CORE]: The comment on key server.advancedRefillUpgrade.slotsInRow does not match the spec. This may create a backup.
[2112月2025 13:19:51.206] [Server thread/DEBUG] [net.minecraftforge.common.ForgeConfigSpec/CORE]: The comment on key server.advancedRefillUpgrade does not match the spec. This may create a backup.
[2112月2025 13:19:51.206] [Server thread/WARN] [net.minecraftforge.common.ForgeConfigSpec/CORE]: Incorrect key server.restockUpgrade was corrected from null to its default, SimpleCommentedConfig:{}. 
[2112月2025 13:19:51.206] [Server thread/WARN] [net.minecraftforge.common.ForgeConfigSpec/CORE]: Incorrect key server.restockUpgrade.filterSlots was corrected from null to its default, 9. 
[2112月2025 13:19:51.206] [Server thread/DEBUG] [net.minecraftforge.common.ForgeConfigSpec/CORE]: The comment on key server.restockUpgrade.filterSlots does not match the spec. This may create a backup.
[2112月2025 13:19:51.206] [Server thread/WARN] [net.minecraftforge.common.ForgeConfigSpec/CORE]: Incorrect key server.restockUpgrade.slotsInRow was corrected from null to its default, 3. 
[2112月2025 13:19:51.206] [Server thread/DEBUG] [net.minecraftforge.common.ForgeConfigSpec/CORE]: The comment on key server.restockUpgrade.slotsInRow does not match the spec. This may create a backup.
[2112月2025 13:19:51.206] [Server thread/DEBUG] [net.minecraftforge.common.ForgeConfigSpec/CORE]: The comment on key server.restockUpgrade does not match the spec. This may create a backup.
[2112月2025 13:19:51.206] [Server thread/WARN] [net.minecraftforge.common.ForgeConfigSpec/CORE]: Incorrect key server.advancedRestockUpgrade was corrected from null to its default, SimpleCommentedConfig:{}. 
[2112月2025 13:19:51.206] [Server thread/WARN] [net.minecraftforge.common.ForgeConfigSpec/CORE]: Incorrect key server.advancedRestockUpgrade.filterSlots was corrected from null to its default, 16. 
[2112月2025 13:19:51.206] [Server thread/DEBUG] [net.minecraftforge.common.ForgeConfigSpec/CORE]: The comment on key server.advancedRestockUpgrade.filterSlots does not match the spec. This may create a backup.
[2112月2025 13:19:51.206] [Server thread/WARN] [net.minecraftforge.common.ForgeConfigSpec/CORE]: Incorrect key server.advancedRestockUpgrade.slotsInRow was corrected from null to its default, 4. 
[2112月2025 13:19:51.206] [Server thread/DEBUG] [net.minecraftforge.common.ForgeConfigSpec/CORE]: The comment on key server.advancedRestockUpgrade.slotsInRow does not match the spec. This may create a backup.
[2112月2025 13:19:51.206] [Server thread/DEBUG] [net.minecraftforge.common.ForgeConfigSpec/CORE]: The comment on key server.advancedRestockUpgrade does not match the spec. This may create a backup.
[2112月2025 13:19:51.206] [Server thread/WARN] [net.minecraftforge.common.ForgeConfigSpec/CORE]: Incorrect key server.voidUpgrade was corrected from null to its default, SimpleCommentedConfig:{}. 
[2112月2025 13:19:51.206] [Server thread/WARN] [net.minecraftforge.common.ForgeConfigSpec/CORE]: Incorrect key server.voidUpgrade.filterSlots was corrected from null to its default, 9. 
[2112月2025 13:19:51.207] [Server thread/DEBUG] [net.minecraftforge.common.ForgeConfigSpec/CORE]: The comment on key server.voidUpgrade.filterSlots does not match the spec. This may create a backup.
[2112月2025 13:19:51.207] [Server thread/WARN] [net.minecraftforge.common.ForgeConfigSpec/CORE]: Incorrect key server.voidUpgrade.slotsInRow was corrected from null to its default, 3. 
[2112月2025 13:19:51.207] [Server thread/DEBUG] [net.minecraftforge.common.ForgeConfigSpec/CORE]: The comment on key server.voidUpgrade.slotsInRow does not match the spec. This may create a backup.
[2112月2025 13:19:51.207] [Server thread/WARN] [net.minecraftforge.common.ForgeConfigSpec/CORE]: Incorrect key server.voidUpgrade.voidAnythingEnabled was corrected from null to its default, true. 
[2112月2025 13:19:51.207] [Server thread/DEBUG] [net.minecraftforge.common.ForgeConfigSpec/CORE]: The comment on key server.voidUpgrade.voidAnythingEnabled does not match the spec. This may create a backup.
[2112月2025 13:19:51.207] [Server thread/DEBUG] [net.minecraftforge.common.ForgeConfigSpec/CORE]: The comment on key server.voidUpgrade does not match the spec. This may create a backup.
[2112月2025 13:19:51.207] [Server thread/WARN] [net.minecraftforge.common.ForgeConfigSpec/CORE]: Incorrect key server.advancedVoidUpgrade was corrected from null to its default, SimpleCommentedConfig:{}. 
[2112月2025 13:19:51.207] [Server thread/WARN] [net.minecraftforge.common.ForgeConfigSpec/CORE]: Incorrect key server.advancedVoidUpgrade.filterSlots was corrected from null to its default, 16. 
[2112月2025 13:19:51.207] [Server thread/DEBUG] [net.minecraftforge.common.ForgeConfigSpec/CORE]: The comment on key server.advancedVoidUpgrade.filterSlots does not match the spec. This may create a backup.
[2112月2025 13:19:51.207] [Server thread/WARN] [net.minecraftforge.common.ForgeConfigSpec/CORE]: Incorrect key server.advancedVoidUpgrade.slotsInRow was corrected from null to its default, 4. 
[2112月2025 13:19:51.207] [Server thread/DEBUG] [net.minecraftforge.common.ForgeConfigSpec/CORE]: The comment on key server.advancedVoidUpgrade.slotsInRow does not match the spec. This may create a backup.
[2112月2025 13:19:51.207] [Server thread/WARN] [net.minecraftforge.common.ForgeConfigSpec/CORE]: Incorrect key server.advancedVoidUpgrade.voidAnythingEnabled was corrected from null to its default, true. 
[2112月2025 13:19:51.207] [Server thread/DEBUG] [net.minecraftforge.common.ForgeConfigSpec/CORE]: The comment on key server.advancedVoidUpgrade.voidAnythingEnabled does not match the spec. This may create a backup.
[2112月2025 13:19:51.207] [Server thread/DEBUG] [net.minecraftforge.common.ForgeConfigSpec/CORE]: The comment on key server.advancedVoidUpgrade does not match the spec. This may create a backup.
[2112月2025 13:19:51.207] [Server thread/WARN] [net.minecraftforge.common.ForgeConfigSpec/CORE]: Incorrect key server.stackUpgrade was corrected from null to its default, SimpleCommentedConfig:{}. 
[2112月2025 13:19:51.207] [Server thread/WARN] [net.minecraftforge.common.ForgeConfigSpec/CORE]: Incorrect key server.stackUpgrade.nonStackableItems was corrected from null to its default, [minecraft:bundle, minecraft:shulker_box, minecraft:white_shulker_box, minecraft:orange_shulker_box, minecraft:magenta_shulker_box, minecraft:light_blue_shulker_box, minecraft:yellow_shulker_box, minecraft:lime_shulker_box, minecraft:pink_shulker_box, minecraft:gray_shulker_box, minecraft:light_gray_shulker_box, minecraft:cyan_shulker_box, minecraft:purple_shulker_box, minecraft:blue_shulker_box, minecraft:brown_shulker_box, minecraft:green_shulker_box, minecraft:red_shulker_box, minecraft:black_shulker_box]. 
[2112月2025 13:19:51.208] [Server thread/DEBUG] [net.minecraftforge.common.ForgeConfigSpec/CORE]: The comment on key server.stackUpgrade.nonStackableItems does not match the spec. This may create a backup.
[2112月2025 13:19:51.208] [Server thread/DEBUG] [net.minecraftforge.common.ForgeConfigSpec/CORE]: The comment on key server.stackUpgrade does not match the spec. This may create a backup.
[2112月2025 13:19:51.208] [Server thread/WARN] [net.minecraftforge.common.ForgeConfigSpec/CORE]: Incorrect key server.smeltingUpgrade was corrected from null to its default, SimpleCommentedConfig:{}. 
[2112月2025 13:19:51.208] [Server thread/WARN] [net.minecraftforge.common.ForgeConfigSpec/CORE]: Incorrect key server.smeltingUpgrade.smeltingSpeedMultiplier was corrected from null to its default, 1.0. 
[2112月2025 13:19:51.208] [Server thread/DEBUG] [net.minecraftforge.common.ForgeConfigSpec/CORE]: The comment on key server.smeltingUpgrade.smeltingSpeedMultiplier does not match the spec. This may create a backup.
[2112月2025 13:19:51.208] [Server thread/WARN] [net.minecraftforge.common.ForgeConfigSpec/CORE]: Incorrect key server.smeltingUpgrade.fuelEfficiencyMultiplier was corrected from null to its default, 1.0. 
[2112月2025 13:19:51.208] [Server thread/DEBUG] [net.minecraftforge.common.ForgeConfigSpec/CORE]: The comment on key server.smeltingUpgrade.fuelEfficiencyMultiplier does not match the spec. This may create a backup.
[2112月2025 13:19:51.208] [Server thread/DEBUG] [net.minecraftforge.common.ForgeConfigSpec/CORE]: The comment on key server.smeltingUpgrade does not match the spec. This may create a backup.
[2112月2025 13:19:51.208] [Server thread/WARN] [net.minecraftforge.common.ForgeConfigSpec/CORE]: Incorrect key server.smokingUpgrade was corrected from null to its default, SimpleCommentedConfig:{}. 
[2112月2025 13:19:51.208] [Server thread/WARN] [net.minecraftforge.common.ForgeConfigSpec/CORE]: Incorrect key server.smokingUpgrade.smeltingSpeedMultiplier was corrected from null to its default, 1.0. 
[2112月2025 13:19:51.208] [Server thread/DEBUG] [net.minecraftforge.common.ForgeConfigSpec/CORE]: The comment on key server.smokingUpgrade.smeltingSpeedMultiplier does not match the spec. This may create a backup.
[2112月2025 13:19:51.208] [Server thread/WARN] [net.minecraftforge.common.ForgeConfigSpec/CORE]: Incorrect key server.smokingUpgrade.fuelEfficiencyMultiplier was corrected from null to its default, 1.0. 
[2112月2025 13:19:51.208] [Server thread/DEBUG] [net.minecraftforge.common.ForgeConfigSpec/CORE]: The comment on key server.smokingUpgrade.fuelEfficiencyMultiplier does not match the spec. This may create a backup.
[2112月2025 13:19:51.208] [Server thread/DEBUG] [net.minecraftforge.common.ForgeConfigSpec/CORE]: The comment on key server.smokingUpgrade does not match the spec. This may create a backup.
[2112月2025 13:19:51.208] [Server thread/WARN] [net.minecraftforge.common.ForgeConfigSpec/CORE]: Incorrect key server.blastingUpgrade was corrected from null to its default, SimpleCommentedConfig:{}. 
[2112月2025 13:19:51.208] [Server thread/WARN] [net.minecraftforge.common.ForgeConfigSpec/CORE]: Incorrect key server.blastingUpgrade.smeltingSpeedMultiplier was corrected from null to its default, 1.0. 
[2112月2025 13:19:51.208] [Server thread/DEBUG] [net.minecraftforge.common.ForgeConfigSpec/CORE]: The comment on key server.blastingUpgrade.smeltingSpeedMultiplier does not match the spec. This may create a backup.
[2112月2025 13:19:51.208] [Server thread/WARN] [net.minecraftforge.common.ForgeConfigSpec/CORE]: Incorrect key server.blastingUpgrade.fuelEfficiencyMultiplier was corrected from null to its default, 1.0. 
[2112月2025 13:19:51.209] [Server thread/DEBUG] [net.minecraftforge.common.ForgeConfigSpec/CORE]: The comment on key server.blastingUpgrade.fuelEfficiencyMultiplier does not match the spec. This may create a backup.
[2112月2025 13:19:51.209] [Server thread/DEBUG] [net.minecraftforge.common.ForgeConfigSpec/CORE]: The comment on key server.blastingUpgrade does not match the spec. This may create a backup.
[2112月2025 13:19:51.209] [Server thread/WARN] [net.minecraftforge.common.ForgeConfigSpec/CORE]: Incorrect key server.autoSmeltingUpgrade was corrected from null to its default, SimpleCommentedConfig:{}. 
[2112月2025 13:19:51.209] [Server thread/WARN] [net.minecraftforge.common.ForgeConfigSpec/CORE]: Incorrect key server.autoSmeltingUpgrade.smeltingSpeedMultiplier was corrected from null to its default, 1.0. 
[2112月2025 13:19:51.209] [Server thread/DEBUG] [net.minecraftforge.common.ForgeConfigSpec/CORE]: The comment on key server.autoSmeltingUpgrade.smeltingSpeedMultiplier does not match the spec. This may create a backup.
[2112月2025 13:19:51.209] [Server thread/WARN] [net.minecraftforge.common.ForgeConfigSpec/CORE]: Incorrect key server.autoSmeltingUpgrade.fuelEfficiencyMultiplier was corrected from null to its default, 1.0. 
[2112月2025 13:19:51.209] [Server thread/DEBUG] [net.minecraftforge.common.ForgeConfigSpec/CORE]: The comment on key server.autoSmeltingUpgrade.fuelEfficiencyMultiplier does not match the spec. This may create a backup.
[2112月2025 13:19:51.209] [Server thread/WARN] [net.minecraftforge.common.ForgeConfigSpec/CORE]: Incorrect key server.autoSmeltingUpgrade.inputFilterSlots was corrected from null to its default, 8. 
[2112月2025 13:19:51.209] [Server thread/DEBUG] [net.minecraftforge.common.ForgeConfigSpec/CORE]: The comment on key server.autoSmeltingUpgrade.inputFilterSlots does not match the spec. This may create a backup.
[2112月2025 13:19:51.209] [Server thread/WARN] [net.minecraftforge.common.ForgeConfigSpec/CORE]: Incorrect key server.autoSmeltingUpgrade.inputFilterSlotsInRow was corrected from null to its default, 4. 
[2112月2025 13:19:51.209] [Server thread/DEBUG] [net.minecraftforge.common.ForgeConfigSpec/CORE]: The comment on key server.autoSmeltingUpgrade.inputFilterSlotsInRow does not match the spec. This may create a backup.
[2112月2025 13:19:51.209] [Server thread/WARN] [net.minecraftforge.common.ForgeConfigSpec/CORE]: Incorrect key server.autoSmeltingUpgrade.fuelFilterSlots was corrected from null to its default, 4. 
[2112月2025 13:19:51.209] [Server thread/DEBUG] [net.minecraftforge.common.ForgeConfigSpec/CORE]: The comment on key server.autoSmeltingUpgrade.fuelFilterSlots does not match the spec. This may create a backup.
[2112月2025 13:19:51.209] [Server thread/WARN] [net.minecraftforge.common.ForgeConfigSpec/CORE]: Incorrect key server.autoSmeltingUpgrade.fuelFilterSlotsInRow was corrected from null to its default, 4. 
[2112月2025 13:19:51.209] [Server thread/DEBUG] [net.minecraftforge.common.ForgeConfigSpec/CORE]: The comment on key server.autoSmeltingUpgrade.fuelFilterSlotsInRow does not match the spec. This may create a backup.
[2112月2025 13:19:51.209] [Server thread/DEBUG] [net.minecraftforge.common.ForgeConfigSpec/CORE]: The comment on key server.autoSmeltingUpgrade does not match the spec. This may create a backup.
[2112月2025 13:19:51.209] [Server thread/WARN] [net.minecraftforge.common.ForgeConfigSpec/CORE]: Incorrect key server.autoSmokingUpgrade was corrected from null to its default, SimpleCommentedConfig:{}. 
[2112月2025 13:19:51.209] [Server thread/WARN] [net.minecraftforge.common.ForgeConfigSpec/CORE]: Incorrect key server.autoSmokingUpgrade.smeltingSpeedMultiplier was corrected from null to its default, 1.0. 
[2112月2025 13:19:51.209] [Server thread/DEBUG] [net.minecraftforge.common.ForgeConfigSpec/CORE]: The comment on key server.autoSmokingUpgrade.smeltingSpeedMultiplier does not match the spec. This may create a backup.
[2112月2025 13:19:51.209] [Server thread/WARN] [net.minecraftforge.common.ForgeConfigSpec/CORE]: Incorrect key server.autoSmokingUpgrade.fuelEfficiencyMultiplier was corrected from null to its default, 1.0. 
[2112月2025 13:19:51.209] [Server thread/DEBUG] [net.minecraftforge.common.ForgeConfigSpec/CORE]: The comment on key server.autoSmokingUpgrade.fuelEfficiencyMultiplier does not match the spec. This may create a backup.
[2112月2025 13:19:51.209] [Server thread/WARN] [net.minecraftforge.common.ForgeConfigSpec/CORE]: Incorrect key server.autoSmokingUpgrade.inputFilterSlots was corrected from null to its default, 8. 
[2112月2025 13:19:51.209] [Server thread/DEBUG] [net.minecraftforge.common.ForgeConfigSpec/CORE]: The comment on key server.autoSmokingUpgrade.inputFilterSlots does not match the spec. This may create a backup.
[2112月2025 13:19:51.210] [Server thread/WARN] [net.minecraftforge.common.ForgeConfigSpec/CORE]: Incorrect key server.autoSmokingUpgrade.inputFilterSlotsInRow was corrected from null to its default, 4. 
[2112月2025 13:19:51.210] [Server thread/DEBUG] [net.minecraftforge.common.ForgeConfigSpec/CORE]: The comment on key server.autoSmokingUpgrade.inputFilterSlotsInRow does not match the spec. This may create a backup.
[2112月2025 13:19:51.210] [Server thread/WARN] [net.minecraftforge.common.ForgeConfigSpec/CORE]: Incorrect key server.autoSmokingUpgrade.fuelFilterSlots was corrected from null to its default, 4. 
[2112月2025 13:19:51.210] [Server thread/DEBUG] [net.minecraftforge.common.ForgeConfigSpec/CORE]: The comment on key server.autoSmokingUpgrade.fuelFilterSlots does not match the spec. This may create a backup.
[2112月2025 13:19:51.210] [Server thread/WARN] [net.minecraftforge.common.ForgeConfigSpec/CORE]: Incorrect key server.autoSmokingUpgrade.fuelFilterSlotsInRow was corrected from null to its default, 4. 
[2112月2025 13:19:51.210] [Server thread/DEBUG] [net.minecraftforge.common.ForgeConfigSpec/CORE]: The comment on key server.autoSmokingUpgrade.fuelFilterSlotsInRow does not match the spec. This may create a backup.
[2112月2025 13:19:51.210] [Server thread/DEBUG] [net.minecraftforge.common.ForgeConfigSpec/CORE]: The comment on key server.autoSmokingUpgrade does not match the spec. This may create a backup.
[2112月2025 13:19:51.210] [Server thread/WARN] [net.minecraftforge.common.ForgeConfigSpec/CORE]: Incorrect key server.autoBlastingUpgrade was corrected from null to its default, SimpleCommentedConfig:{}. 
[2112月2025 13:19:51.210] [Server thread/WARN] [net.minecraftforge.common.ForgeConfigSpec/CORE]: Incorrect key server.autoBlastingUpgrade.smeltingSpeedMultiplier was corrected from null to its default, 1.0. 
[2112月2025 13:19:51.210] [Server thread/DEBUG] [net.minecraftforge.common.ForgeConfigSpec/CORE]: The comment on key server.autoBlastingUpgrade.smeltingSpeedMultiplier does not match the spec. This may create a backup.
[2112月2025 13:19:51.210] [Server thread/WARN] [net.minecraftforge.common.ForgeConfigSpec/CORE]: Incorrect key server.autoBlastingUpgrade.fuelEfficiencyMultiplier was corrected from null to its default, 1.0. 
[2112月2025 13:19:51.210] [Server thread/DEBUG] [net.minecraftforge.common.ForgeConfigSpec/CORE]: The comment on key server.autoBlastingUpgrade.fuelEfficiencyMultiplier does not match the spec. This may create a backup.
[2112月2025 13:19:51.210] [Server thread/WARN] [net.minecraftforge.common.ForgeConfigSpec/CORE]: Incorrect key server.autoBlastingUpgrade.inputFilterSlots was corrected from null to its default, 8. 
[2112月2025 13:19:51.210] [Server thread/DEBUG] [net.minecraftforge.common.ForgeConfigSpec/CORE]: The comment on key server.autoBlastingUpgrade.inputFilterSlots does not match the spec. This may create a backup.
[2112月2025 13:19:51.210] [Server thread/WARN] [net.minecraftforge.common.ForgeConfigSpec/CORE]: Incorrect key server.autoBlastingUpgrade.inputFilterSlotsInRow was corrected from null to its default, 4. 
[2112月2025 13:19:51.210] [Server thread/DEBUG] [net.minecraftforge.common.ForgeConfigSpec/CORE]: The comment on key server.autoBlastingUpgrade.inputFilterSlotsInRow does not match the spec. This may create a backup.
[2112月2025 13:19:51.210] [Server thread/WARN] [net.minecraftforge.common.ForgeConfigSpec/CORE]: Incorrect key server.autoBlastingUpgrade.fuelFilterSlots was corrected from null to its default, 4. 
[2112月2025 13:19:51.210] [Server thread/DEBUG] [net.minecraftforge.common.ForgeConfigSpec/CORE]: The comment on key server.autoBlastingUpgrade.fuelFilterSlots does not match the spec. This may create a backup.
[2112月2025 13:19:51.210] [Server thread/WARN] [net.minecraftforge.common.ForgeConfigSpec/CORE]: Incorrect key server.autoBlastingUpgrade.fuelFilterSlotsInRow was corrected from null to its default, 4. 
[2112月2025 13:19:51.210] [Server thread/DEBUG] [net.minecraftforge.common.ForgeConfigSpec/CORE]: The comment on key server.autoBlastingUpgrade.fuelFilterSlotsInRow does not match the spec. This may create a backup.
[2112月2025 13:19:51.210] [Server thread/DEBUG] [net.minecraftforge.common.ForgeConfigSpec/CORE]: The comment on key server.autoBlastingUpgrade does not match the spec. This may create a backup.
[2112月2025 13:19:51.210] [Server thread/WARN] [net.minecraftforge.common.ForgeConfigSpec/CORE]: Incorrect key server.inceptionUpgrade was corrected from null to its default, SimpleCommentedConfig:{}. 
[2112月2025 13:19:51.210] [Server thread/WARN] [net.minecraftforge.common.ForgeConfigSpec/CORE]: Incorrect key server.inceptionUpgrade.upgradesUseInventoriesOfBackpacksInBackpack was corrected from null to its default, true. 
[2112月2025 13:19:51.210] [Server thread/DEBUG] [net.minecraftforge.common.ForgeConfigSpec/CORE]: The comment on key server.inceptionUpgrade.upgradesUseInventoriesOfBackpacksInBackpack does not match the spec. This may create a backup.
[2112月2025 13:19:51.210] [Server thread/WARN] [net.minecraftforge.common.ForgeConfigSpec/CORE]: Incorrect key server.inceptionUpgrade.upgradesInContainedBackpacksAreFunctional was corrected from null to its default, true. 
[2112月2025 13:19:51.210] [Server thread/DEBUG] [net.minecraftforge.common.ForgeConfigSpec/CORE]: The comment on key server.inceptionUpgrade.upgradesInContainedBackpacksAreFunctional does not match the spec. This may create a backup.
[2112月2025 13:19:51.210] [Server thread/DEBUG] [net.minecraftforge.common.ForgeConfigSpec/CORE]: The comment on key server.inceptionUpgrade does not match the spec. This may create a backup.
[2112月2025 13:19:51.210] [Server thread/WARN] [net.minecraftforge.common.ForgeConfigSpec/CORE]: Incorrect key server.toolSwapperUpgrade was corrected from null to its default, SimpleCommentedConfig:{}. 
[2112月2025 13:19:51.211] [Server thread/WARN] [net.minecraftforge.common.ForgeConfigSpec/CORE]: Incorrect key server.toolSwapperUpgrade.filterSlots was corrected from null to its default, 8. 
[2112月2025 13:19:51.211] [Server thread/DEBUG] [net.minecraftforge.common.ForgeConfigSpec/CORE]: The comment on key server.toolSwapperUpgrade.filterSlots does not match the spec. This may create a backup.
[2112月2025 13:19:51.211] [Server thread/WARN] [net.minecraftforge.common.ForgeConfigSpec/CORE]: Incorrect key server.toolSwapperUpgrade.slotsInRow was corrected from null to its default, 4. 
[2112月2025 13:19:51.211] [Server thread/DEBUG] [net.minecraftforge.common.ForgeConfigSpec/CORE]: The comment on key server.toolSwapperUpgrade.slotsInRow does not match the spec. This may create a backup.
[2112月2025 13:19:51.211] [Server thread/DEBUG] [net.minecraftforge.common.ForgeConfigSpec/CORE]: The comment on key server.toolSwapperUpgrade does not match the spec. This may create a backup.
[2112月2025 13:19:51.211] [Server thread/WARN] [net.minecraftforge.common.ForgeConfigSpec/CORE]: Incorrect key server.tankUpgrade was corrected from null to its default, SimpleCommentedConfig:{}. 
[2112月2025 13:19:51.211] [Server thread/WARN] [net.minecraftforge.common.ForgeConfigSpec/CORE]: Incorrect key server.tankUpgrade.capacityPerSlotRow was corrected from null to its default, 4000. 
[2112月2025 13:19:51.211] [Server thread/DEBUG] [net.minecraftforge.common.ForgeConfigSpec/CORE]: The comment on key server.tankUpgrade.capacityPerSlotRow does not match the spec. This may create a backup.
[2112月2025 13:19:51.211] [Server thread/WARN] [net.minecraftforge.common.ForgeConfigSpec/CORE]: Incorrect key server.tankUpgrade.stackMultiplierRatio was corrected from null to its default, 1.0. 
[2112月2025 13:19:51.211] [Server thread/DEBUG] [net.minecraftforge.common.ForgeConfigSpec/CORE]: The comment on key server.tankUpgrade.stackMultiplierRatio does not match the spec. This may create a backup.
[2112月2025 13:19:51.211] [Server thread/WARN] [net.minecraftforge.common.ForgeConfigSpec/CORE]: Incorrect key server.tankUpgrade.autoFillDrainContainerCooldown was corrected from null to its default, 20. 
[2112月2025 13:19:51.211] [Server thread/DEBUG] [net.minecraftforge.common.ForgeConfigSpec/CORE]: The comment on key server.tankUpgrade.autoFillDrainContainerCooldown does not match the spec. This may create a backup.
[2112月2025 13:19:51.211] [Server thread/WARN] [net.minecraftforge.common.ForgeConfigSpec/CORE]: Incorrect key server.tankUpgrade.maxInputOutput was corrected from null to its default, 20. 
[2112月2025 13:19:51.211] [Server thread/DEBUG] [net.minecraftforge.common.ForgeConfigSpec/CORE]: The comment on key server.tankUpgrade.maxInputOutput does not match the spec. This may create a backup.
[2112月2025 13:19:51.211] [Server thread/WARN] [net.minecraftforge.common.ForgeConfigSpec/CORE]: Incorrect key server.tankUpgrade.energyPerSlotRow was corrected from null to its default, 10000. 
[2112月2025 13:19:51.211] [Server thread/DEBUG] [net.minecraftforge.common.ForgeConfigSpec/CORE]: The comment on key server.tankUpgrade.energyPerSlotRow does not match the spec. This may create a backup.
[2112月2025 13:19:51.211] [Server thread/DEBUG] [net.minecraftforge.common.ForgeConfigSpec/CORE]: The comment on key server.tankUpgrade does not match the spec. This may create a backup.
[2112月2025 13:19:51.211] [Server thread/WARN] [net.minecraftforge.common.ForgeConfigSpec/CORE]: Incorrect key server.pumpUpgrade was corrected from null to its default, SimpleCommentedConfig:{}. 
[2112月2025 13:19:51.211] [Server thread/WARN] [net.minecraftforge.common.ForgeConfigSpec/CORE]: Incorrect key server.pumpUpgrade.filterSlots was corrected from null to its default, 4. 
[2112月2025 13:19:51.211] [Server thread/DEBUG] [net.minecraftforge.common.ForgeConfigSpec/CORE]: The comment on key server.pumpUpgrade.filterSlots does not match the spec. This may create a backup.
[2112月2025 13:19:51.211] [Server thread/WARN] [net.minecraftforge.common.ForgeConfigSpec/CORE]: Incorrect key server.pumpUpgrade.maxInputOutput was corrected from null to its default, 20. 
[2112月2025 13:19:51.211] [Server thread/DEBUG] [net.minecraftforge.common.ForgeConfigSpec/CORE]: The comment on key server.pumpUpgrade.maxInputOutput does not match the spec. This may create a backup.
[2112月2025 13:19:51.211] [Server thread/WARN] [net.minecraftforge.common.ForgeConfigSpec/CORE]: Incorrect key server.pumpUpgrade.stackMultiplierRatio was corrected from null to its default, 1.0. 
[2112月2025 13:19:51.211] [Server thread/DEBUG] [net.minecraftforge.common.ForgeConfigSpec/CORE]: The comment on key server.pumpUpgrade.stackMultiplierRatio does not match the spec. This may create a backup.
[2112月2025 13:19:51.211] [Server thread/DEBUG] [net.minecraftforge.common.ForgeConfigSpec/CORE]: The comment on key server.pumpUpgrade does not match the spec. This may create a backup.
[2112月2025 13:19:51.211] [Server thread/WARN] [net.minecraftforge.common.ForgeConfigSpec/CORE]: Incorrect key server.xpPumpUpgrade was corrected from null to its default, SimpleCommentedConfig:{}. 
[2112月2025 13:19:51.211] [Server thread/WARN] [net.minecraftforge.common.ForgeConfigSpec/CORE]: Incorrect key server.xpPumpUpgrade.mendingOn was corrected from null to its default, true. 
[2112月2025 13:19:51.211] [Server thread/DEBUG] [net.minecraftforge.common.ForgeConfigSpec/CORE]: The comment on key server.xpPumpUpgrade.mendingOn does not match the spec. This may create a backup.
[2112月2025 13:19:51.211] [Server thread/WARN] [net.minecraftforge.common.ForgeConfigSpec/CORE]: Incorrect key server.xpPumpUpgrade.maxXpPointsPerMending was corrected from null to its default, 5. 
[2112月2025 13:19:51.211] [Server thread/DEBUG] [net.minecraftforge.common.ForgeConfigSpec/CORE]: The comment on key server.xpPumpUpgrade.maxXpPointsPerMending does not match the spec. This may create a backup.
[2112月2025 13:19:51.211] [Server thread/DEBUG] [net.minecraftforge.common.ForgeConfigSpec/CORE]: The comment on key server.xpPumpUpgrade does not match the spec. This may create a backup.
[2112月2025 13:19:51.211] [Server thread/WARN] [net.minecraftforge.common.ForgeConfigSpec/CORE]: Incorrect key server.advancedJukeboxUpgrade was corrected from null to its default, SimpleCommentedConfig:{}. 
[2112月2025 13:19:51.211] [Server thread/WARN] [net.minecraftforge.common.ForgeConfigSpec/CORE]: Incorrect key server.advancedJukeboxUpgrade.numberOfSlots was corrected from null to its default, 12. 
[2112月2025 13:19:51.212] [Server thread/DEBUG] [net.minecraftforge.common.ForgeConfigSpec/CORE]: The comment on key server.advancedJukeboxUpgrade.numberOfSlots does not match the spec. This may create a backup.
[2112月2025 13:19:51.212] [Server thread/WARN] [net.minecraftforge.common.ForgeConfigSpec/CORE]: Incorrect key server.advancedJukeboxUpgrade.slotsInRow was corrected from null to its default, 4. 
[2112月2025 13:19:51.212] [Server thread/DEBUG] [net.minecraftforge.common.ForgeConfigSpec/CORE]: The comment on key server.advancedJukeboxUpgrade.slotsInRow does not match the spec. This may create a backup.
[2112月2025 13:19:51.212] [Server thread/DEBUG] [net.minecraftforge.common.ForgeConfigSpec/CORE]: The comment on key server.advancedJukeboxUpgrade does not match the spec. This may create a backup.
[2112月2025 13:19:51.212] [Server thread/WARN] [net.minecraftforge.common.ForgeConfigSpec/CORE]: Incorrect key server.alchemyUpgrade was corrected from null to its default, SimpleCommentedConfig:{}. 
[2112月2025 13:19:51.212] [Server thread/WARN] [net.minecraftforge.common.ForgeConfigSpec/CORE]: Incorrect key server.alchemyUpgrade.filterSlots was corrected from null to its default, 4. 
[2112月2025 13:19:51.212] [Server thread/DEBUG] [net.minecraftforge.common.ForgeConfigSpec/CORE]: The comment on key server.alchemyUpgrade.filterSlots does not match the spec. This may create a backup.
[2112月2025 13:19:51.212] [Server thread/DEBUG] [net.minecraftforge.common.ForgeConfigSpec/CORE]: The comment on key server.alchemyUpgrade does not match the spec. This may create a backup.
[2112月2025 13:19:51.212] [Server thread/WARN] [net.minecraftforge.common.ForgeConfigSpec/CORE]: Incorrect key server.advancedAlchemyUpgrade was corrected from null to its default, SimpleCommentedConfig:{}. 
[2112月2025 13:19:51.212] [Server thread/WARN] [net.minecraftforge.common.ForgeConfigSpec/CORE]: Incorrect key server.advancedAlchemyUpgrade.filterSlots was corrected from null to its default, 8. 
[2112月2025 13:19:51.212] [Server thread/DEBUG] [net.minecraftforge.common.ForgeConfigSpec/CORE]: The comment on key server.advancedAlchemyUpgrade.filterSlots does not match the spec. This may create a backup.
[2112月2025 13:19:51.212] [Server thread/DEBUG] [net.minecraftforge.common.ForgeConfigSpec/CORE]: The comment on key server.advancedAlchemyUpgrade does not match the spec. This may create a backup.
[2112月2025 13:19:51.212] [Server thread/WARN] [net.minecraftforge.common.ForgeConfigSpec/CORE]: Incorrect key server.entityBackpackAdditions was corrected from null to its default, SimpleCommentedConfig:{}. 
[2112月2025 13:19:51.212] [Server thread/WARN] [net.minecraftforge.common.ForgeConfigSpec/CORE]: Incorrect key server.entityBackpackAdditions.chance was corrected from null to its default, 0.01. 
[2112月2025 13:19:51.212] [Server thread/DEBUG] [net.minecraftforge.common.ForgeConfigSpec/CORE]: The comment on key server.entityBackpackAdditions.chance does not match the spec. This may create a backup.
[2112月2025 13:19:51.212] [Server thread/WARN] [net.minecraftforge.common.ForgeConfigSpec/CORE]: Incorrect key server.entityBackpackAdditions.addLoot was corrected from null to its default, true. 
[2112月2025 13:19:51.212] [Server thread/DEBUG] [net.minecraftforge.common.ForgeConfigSpec/CORE]: The comment on key server.entityBackpackAdditions.addLoot does not match the spec. This may create a backup.
[2112月2025 13:19:51.212] [Server thread/WARN] [net.minecraftforge.common.ForgeConfigSpec/CORE]: Incorrect key server.entityBackpackAdditions.buffWithPotionEffects was corrected from null to its default, true. 
[2112月2025 13:19:51.212] [Server thread/DEBUG] [net.minecraftforge.common.ForgeConfigSpec/CORE]: The comment on key server.entityBackpackAdditions.buffWithPotionEffects does not match the spec. This may create a backup.
[2112月2025 13:19:51.212] [Server thread/WARN] [net.minecraftforge.common.ForgeConfigSpec/CORE]: Incorrect key server.entityBackpackAdditions.buffHealth was corrected from null to its default, true. 
[2112月2025 13:19:51.212] [Server thread/DEBUG] [net.minecraftforge.common.ForgeConfigSpec/CORE]: The comment on key server.entityBackpackAdditions.buffHealth does not match the spec. This may create a backup.
[2112月2025 13:19:51.212] [Server thread/WARN] [net.minecraftforge.common.ForgeConfigSpec/CORE]: Incorrect key server.entityBackpackAdditions.equipWithArmor was corrected from null to its default, true. 
[2112月2025 13:19:51.212] [Server thread/DEBUG] [net.minecraftforge.common.ForgeConfigSpec/CORE]: The comment on key server.entityBackpackAdditions.equipWithArmor does not match the spec. This may create a backup.
[2112月2025 13:19:51.212] [Server thread/DEBUG] [net.minecraftforge.common.ForgeConfigSpec/CORE]: List on key entityLootTableList is deemed to need correction. It is null, not a list, or an empty list. Modders, consider defineListAllowEmpty?
[2112月2025 13:19:51.213] [Server thread/WARN] [net.minecraftforge.common.ForgeConfigSpec/CORE]: Incorrect key server.entityBackpackAdditions.entityLootTableList was corrected from null to its default, [minecraft:creeper|minecraft:chests/desert_pyramid, minecraft:drowned|minecraft:chests/shipwreck_treasure, minecraft:enderman|minecraft:chests/end_city_treasure, minecraft:evoker|minecraft:chests/woodland_mansion, minecraft:husk|minecraft:chests/desert_pyramid, minecraft:piglin|minecraft:chests/bastion_bridge, minecraft:piglin_brute|minecraft:chests/bastion_treasure, minecraft:pillager|minecraft:chests/pillager_outpost, minecraft:skeleton|minecraft:chests/simple_dungeon, minecraft:stray|minecraft:chests/igloo_chest, minecraft:vex|minecraft:chests/woodland_mansion, minecraft:vindicator|minecraft:chests/woodland_mansion, minecraft:witch|minecraft:chests/buried_treasure, minecraft:wither_skeleton|minecraft:chests/nether_bridge, minecraft:zombie|minecraft:chests/simple_dungeon, minecraft:zombie_villager|minecraft:chests/village/village_armorer, minecraft:zombified_piglin|minecraft:chests/bastion_other]. 
[2112月2025 13:19:51.213] [Server thread/DEBUG] [net.minecraftforge.common.ForgeConfigSpec/CORE]: The comment on key server.entityBackpackAdditions.entityLootTableList does not match the spec. This may create a backup.
[2112月2025 13:19:51.213] [Server thread/DEBUG] [net.minecraftforge.common.ForgeConfigSpec/CORE]: List on key discBlockList is deemed to need correction. It is null, not a list, or an empty list. Modders, consider defineListAllowEmpty?
[2112月2025 13:19:51.213] [Server thread/WARN] [net.minecraftforge.common.ForgeConfigSpec/CORE]: Incorrect key server.entityBackpackAdditions.discBlockList was corrected from null to its default, [botania:record_gaia_1, botania:record_gaia_2]. 
[2112月2025 13:19:51.213] [Server thread/DEBUG] [net.minecraftforge.common.ForgeConfigSpec/CORE]: The comment on key server.entityBackpackAdditions.discBlockList does not match the spec. This may create a backup.
[2112月2025 13:19:51.213] [Server thread/WARN] [net.minecraftforge.common.ForgeConfigSpec/CORE]: Incorrect key server.entityBackpackAdditions.playJukebox was corrected from null to its default, true. 
[2112月2025 13:19:51.213] [Server thread/DEBUG] [net.minecraftforge.common.ForgeConfigSpec/CORE]: The comment on key server.entityBackpackAdditions.playJukebox does not match the spec. This may create a backup.
[2112月2025 13:19:51.213] [Server thread/WARN] [net.minecraftforge.common.ForgeConfigSpec/CORE]: Incorrect key server.entityBackpackAdditions.dropToFakePlayers was corrected from null to its default, false. 
[2112月2025 13:19:51.213] [Server thread/DEBUG] [net.minecraftforge.common.ForgeConfigSpec/CORE]: The comment on key server.entityBackpackAdditions.dropToFakePlayers does not match the spec. This may create a backup.
[2112月2025 13:19:51.213] [Server thread/WARN] [net.minecraftforge.common.ForgeConfigSpec/CORE]: Incorrect key server.entityBackpackAdditions.backpackDropChance was corrected from null to its default, 0.5. 
[2112月2025 13:19:51.213] [Server thread/DEBUG] [net.minecraftforge.common.ForgeConfigSpec/CORE]: The comment on key server.entityBackpackAdditions.backpackDropChance does not match the spec. This may create a backup.
[2112月2025 13:19:51.213] [Server thread/WARN] [net.minecraftforge.common.ForgeConfigSpec/CORE]: Incorrect key server.entityBackpackAdditions.lootingChanceIncreasePerLevel was corrected from null to its default, 0.15. 
[2112月2025 13:19:51.213] [Server thread/DEBUG] [net.minecraftforge.common.ForgeConfigSpec/CORE]: The comment on key server.entityBackpackAdditions.lootingChanceIncreasePerLevel does not match the spec. This may create a backup.
[2112月2025 13:19:51.213] [Server thread/WARN] [net.minecraftforge.common.ForgeConfigSpec/CORE]: Incorrect key server.entityBackpackAdditions.leatherWeight was corrected from null to its default, 625. 
[2112月2025 13:19:51.213] [Server thread/DEBUG] [net.minecraftforge.common.ForgeConfigSpec/CORE]: The comment on key server.entityBackpackAdditions.leatherWeight does not match the spec. This may create a backup.
[2112月2025 13:19:51.213] [Server thread/WARN] [net.minecraftforge.common.ForgeConfigSpec/CORE]: Incorrect key server.entityBackpackAdditions.copperWeight was corrected from null to its default, 250. 
[2112月2025 13:19:51.214] [Server thread/DEBUG] [net.minecraftforge.common.ForgeConfigSpec/CORE]: The comment on key server.entityBackpackAdditions.copperWeight does not match the spec. This may create a backup.
[2112月2025 13:19:51.214] [Server thread/WARN] [net.minecraftforge.common.ForgeConfigSpec/CORE]: Incorrect key server.entityBackpackAdditions.ironWeight was corrected from null to its default, 125. 
[2112月2025 13:19:51.214] [Server thread/DEBUG] [net.minecraftforge.common.ForgeConfigSpec/CORE]: The comment on key server.entityBackpackAdditions.ironWeight does not match the spec. This may create a backup.
[2112月2025 13:19:51.214] [Server thread/WARN] [net.minecraftforge.common.ForgeConfigSpec/CORE]: Incorrect key server.entityBackpackAdditions.goldWeight was corrected from null to its default, 25. 
[2112月2025 13:19:51.214] [Server thread/DEBUG] [net.minecraftforge.common.ForgeConfigSpec/CORE]: The comment on key server.entityBackpackAdditions.goldWeight does not match the spec. This may create a backup.
[2112月2025 13:19:51.214] [Server thread/WARN] [net.minecraftforge.common.ForgeConfigSpec/CORE]: Incorrect key server.entityBackpackAdditions.diamondWeight was corrected from null to its default, 5. 
[2112月2025 13:19:51.214] [Server thread/DEBUG] [net.minecraftforge.common.ForgeConfigSpec/CORE]: The comment on key server.entityBackpackAdditions.diamondWeight does not match the spec. This may create a backup.
[2112月2025 13:19:51.214] [Server thread/WARN] [net.minecraftforge.common.ForgeConfigSpec/CORE]: Incorrect key server.entityBackpackAdditions.netheriteWeight was corrected from null to its default, 1. 
[2112月2025 13:19:51.214] [Server thread/DEBUG] [net.minecraftforge.common.ForgeConfigSpec/CORE]: The comment on key server.entityBackpackAdditions.netheriteWeight does not match the spec. This may create a backup.
[2112月2025 13:19:51.214] [Server thread/WARN] [net.minecraftforge.common.ForgeConfigSpec/CORE]: Incorrect key server.entityBackpackAdditions.minBackpackTierMidDifficulty was corrected from null to its default, 1. 
[2112月2025 13:19:51.214] [Server thread/DEBUG] [net.minecraftforge.common.ForgeConfigSpec/CORE]: The comment on key server.entityBackpackAdditions.minBackpackTierMidDifficulty does not match the spec. This may create a backup.
[2112月2025 13:19:51.214] [Server thread/WARN] [net.minecraftforge.common.ForgeConfigSpec/CORE]: Incorrect key server.entityBackpackAdditions.minBackpackTierHighDifficulty was corrected from null to its default, 2. 
[2112月2025 13:19:51.214] [Server thread/DEBUG] [net.minecraftforge.common.ForgeConfigSpec/CORE]: The comment on key server.entityBackpackAdditions.minBackpackTierHighDifficulty does not match the spec. This may create a backup.
[2112月2025 13:19:51.214] [Server thread/WARN] [net.minecraftforge.common.ForgeConfigSpec/CORE]: Incorrect key server.entityBackpackAdditions.localDifficultyEffectsBackpackSpawns was corrected from null to its default, true. 
[2112月2025 13:19:51.214] [Server thread/DEBUG] [net.minecraftforge.common.ForgeConfigSpec/CORE]: The comment on key server.entityBackpackAdditions.localDifficultyEffectsBackpackSpawns does not match the spec. This may create a backup.
[2112月2025 13:19:51.214] [Server thread/DEBUG] [net.minecraftforge.common.ForgeConfigSpec/CORE]: The comment on key server.entityBackpackAdditions does not match the spec. This may create a backup.
[2112月2025 13:19:51.214] [Server thread/WARN] [net.minecraftforge.common.ForgeConfigSpec/CORE]: Incorrect key server.nerfs was corrected from null to its default, SimpleCommentedConfig:{}. 
[2112月2025 13:19:51.214] [Server thread/WARN] [net.minecraftforge.common.ForgeConfigSpec/CORE]: Incorrect key server.nerfs.tooManyBackpacksSlowness was corrected from null to its default, false. 
[2112月2025 13:19:51.214] [Server thread/DEBUG] [net.minecraftforge.common.ForgeConfigSpec/CORE]: The comment on key server.nerfs.tooManyBackpacksSlowness does not match the spec. This may create a backup.
[2112月2025 13:19:51.214] [Server thread/WARN] [net.minecraftforge.common.ForgeConfigSpec/CORE]: Incorrect key server.nerfs.maxNumberOfBackpacks was corrected from null to its default, 3. 
[2112月2025 13:19:51.214] [Server thread/DEBUG] [net.minecraftforge.common.ForgeConfigSpec/CORE]: The comment on key server.nerfs.maxNumberOfBackpacks does not match the spec. This may create a backup.
[2112月2025 13:19:51.214] [Server thread/WARN] [net.minecraftforge.common.ForgeConfigSpec/CORE]: Incorrect key server.nerfs.slownessLevelsPerAdditionalBackpack was corrected from null to its default, 1.0. 
[2112月2025 13:19:51.214] [Server thread/DEBUG] [net.minecraftforge.common.ForgeConfigSpec/CORE]: The comment on key server.nerfs.slownessLevelsPerAdditionalBackpack does not match the spec. This may create a backup.
[2112月2025 13:19:51.214] [Server thread/WARN] [net.minecraftforge.common.ForgeConfigSpec/CORE]: Incorrect key server.nerfs.onlyWornBackpackTriggersUpgrades was corrected from null to its default, false. 
[2112月2025 13:19:51.215] [Server thread/DEBUG] [net.minecraftforge.common.ForgeConfigSpec/CORE]: The comment on key server.nerfs.onlyWornBackpackTriggersUpgrades does not match the spec. This may create a backup.
[2112月2025 13:19:51.215] [Server thread/WARN] [net.minecraftforge.common.ForgeConfigSpec/CORE]: Incorrect key server.nerfs.nerfEffect was corrected from null to its default, minecraft:slowness. 
[2112月2025 13:19:51.215] [Server thread/DEBUG] [net.minecraftforge.common.ForgeConfigSpec/CORE]: The comment on key server.nerfs.nerfEffect does not match the spec. This may create a backup.
[2112月2025 13:19:51.215] [Server thread/DEBUG] [net.minecraftforge.common.ForgeConfigSpec/CORE]: List on key maxUpgradesPerStorage is deemed to need correction. It is null, not a list, or an empty list. Modders, consider defineListAllowEmpty?
[2112月2025 13:19:51.215] [Server thread/WARN] [net.minecraftforge.common.ForgeConfigSpec/CORE]: Incorrect key server.maxUpgradesPerStorage was corrected from null to its default, [stack_upgrades|3, jukebox_upgrades|1, furnace_upgrades|1]. 
[2112月2025 13:19:51.215] [Server thread/DEBUG] [net.minecraftforge.common.ForgeConfigSpec/CORE]: The comment on key server.maxUpgradesPerStorage does not match the spec. This may create a backup.
[2112月2025 13:19:51.215] [Server thread/WARN] [net.minecraftforge.common.ForgeConfigSpec/CORE]: Incorrect key server.itemFluidHandlerEnabled was corrected from null to its default, true. 
[2112月2025 13:19:51.215] [Server thread/DEBUG] [net.minecraftforge.common.ForgeConfigSpec/CORE]: The comment on key server.itemFluidHandlerEnabled does not match the spec. This may create a backup.
[2112月2025 13:19:51.215] [Server thread/WARN] [net.minecraftforge.common.ForgeConfigSpec/CORE]: Incorrect key server.allowOpeningOtherPlayerBackpacks was corrected from null to its default, true. 
[2112月2025 13:19:51.215] [Server thread/DEBUG] [net.minecraftforge.common.ForgeConfigSpec/CORE]: The comment on key server.allowOpeningOtherPlayerBackpacks does not match the spec. This may create a backup.
[2112月2025 13:19:51.215] [Server thread/WARN] [net.minecraftforge.common.ForgeConfigSpec/CORE]: Incorrect key server.itemDisplayDisabled was corrected from null to its default, false. 
[2112月2025 13:19:51.215] [Server thread/DEBUG] [net.minecraftforge.common.ForgeConfigSpec/CORE]: The comment on key server.itemDisplayDisabled does not match the spec. This may create a backup.
[2112月2025 13:19:51.215] [Server thread/WARN] [net.minecraftforge.common.ForgeConfigSpec/CORE]: Incorrect key server.tickDedupeLogicDisabled was corrected from null to its default, false. 
[2112月2025 13:19:51.215] [Server thread/DEBUG] [net.minecraftforge.common.ForgeConfigSpec/CORE]: The comment on key server.tickDedupeLogicDisabled does not match the spec. This may create a backup.
[2112月2025 13:19:51.215] [Server thread/WARN] [net.minecraftforge.common.ForgeConfigSpec/CORE]: Incorrect key server.canBePlacedInContainerItems was corrected from null to its default, false. 
[2112月2025 13:19:51.215] [Server thread/DEBUG] [net.minecraftforge.common.ForgeConfigSpec/CORE]: The comment on key server.canBePlacedInContainerItems does not match the spec. This may create a backup.
[2112月2025 13:19:51.215] [Server thread/DEBUG] [net.minecraftforge.common.ForgeConfigSpec/CORE]: The comment on key server does not match the spec. This may create a backup.
[2112月2025 13:19:51.246] [Server thread/DEBUG] [SpectreLib/]: Loaded com.illusivesoulworks.spectrelib.platform.ForgeConfigHelper@460751f4 for service interface com.illusivesoulworks.spectrelib.platform.services.IConfigHelper
[2112月2025 13:19:51.247] [Server thread/DEBUG] [SpectreLib/CONFIG]: Loading server configs from .\world\serverconfig on server
[2112月2025 13:19:51.265] [Server thread/INFO] [terrablender/]: Initialized TerraBlender biomes for level stem minecraft:the_nether
[2112月2025 13:19:51.477] [Server thread/INFO] [terrablender/]: Initialized TerraBlender biomes for level stem minecraft:overworld
[2112月2025 13:19:51.477] [Server thread/INFO] [net.minecraft.server.dedicated.DedicatedServer/]: Preparing level "world"
[2112月2025 13:19:51.483] [Server thread/DEBUG] [mixin/]: Mixing feature.branding.BrandingControlMixin from modernfix-forge.mixins.json into net.minecraftforge.internal.BrandingControl
[2112月2025 13:19:51.499] [Server thread/DEBUG] [net.minecraftforge.coremod.transformer.CoreModBaseTransformer/COREMOD]: Transforming net/minecraft/world/level/levelgen/PhantomSpawner
[2112月2025 13:19:51.504] [Server thread/DEBUG] [net.minecraftforge.coremod.transformer.CoreModBaseTransformer/COREMOD]: Transforming net/minecraft/world/level/levelgen/PatrolSpawner
[2112月2025 13:19:51.507] [Server thread/DEBUG] [net.minecraftforge.coremod.transformer.CoreModBaseTransformer/COREMOD]: Transforming net/minecraft/world/entity/npc/CatSpawner
[2112月2025 13:19:51.509] [Server thread/DEBUG] [net.minecraftforge.coremod.transformer.CoreModBaseTransformer/COREMOD]: Transforming net/minecraft/world/entity/ai/village/VillageSiege
[2112月2025 13:19:51.516] [Server thread/DEBUG] [mixin/]: Mixing optimizations.misc.MapItemSavedDataMixin from servercore.common.mixins.json into net.minecraft.world.level.saveddata.maps.MapItemSavedData
[2112月2025 13:19:51.516] [Server thread/DEBUG] [mixin/]: servercore.common.mixins.json:optimizations.misc.MapItemSavedDataMixin: Class version 61 required is higher than the class version supported by the current version of Mixin (JAVA_16 supports class version 60)
[2112月2025 13:19:51.520] [Server thread/DEBUG] [mixin/]: Mixing optimizations.ticking.chunk.broadcast.ServerChunkCacheMixin from servercore.common.mixins.json into net.minecraft.server.level.ServerChunkCache
[2112月2025 13:19:51.520] [Server thread/DEBUG] [mixin/]: servercore.common.mixins.json:optimizations.ticking.chunk.broadcast.ServerChunkCacheMixin: Class version 61 required is higher than the class version supported by the current version of Mixin (JAVA_16 supports class version 60)
[2112月2025 13:19:51.520] [Server thread/DEBUG] [mixin/]: Mixing optimizations.ticking.chunk.cache.ServerChunkCacheMixin from servercore.common.mixins.json into net.minecraft.server.level.ServerChunkCache
[2112月2025 13:19:51.520] [Server thread/DEBUG] [mixin/]: servercore.common.mixins.json:optimizations.ticking.chunk.cache.ServerChunkCacheMixin: Class version 61 required is higher than the class version supported by the current version of Mixin (JAVA_16 supports class version 60)
[2112月2025 13:19:51.521] [Server thread/DEBUG] [mixin/]: Mixing alloc.chunk_ticking.ServerChunkManagerMixin from lithium.mixins.json into net.minecraft.server.level.ServerChunkCache
[2112月2025 13:19:51.521] [Server thread/DEBUG] [mixin/]: lithium.mixins.json:alloc.chunk_ticking.ServerChunkManagerMixin: Class version 61 required is higher than the class version supported by the current version of Mixin (JAVA_16 supports class version 60)
[2112月2025 13:19:51.521] [Server thread/DEBUG] [mixin/]: Mixing world.chunk_access.ServerChunkManagerMixin from lithium.mixins.json into net.minecraft.server.level.ServerChunkCache
[2112月2025 13:19:51.521] [Server thread/DEBUG] [mixin/]: lithium.mixins.json:world.chunk_access.ServerChunkManagerMixin: Class version 61 required is higher than the class version supported by the current version of Mixin (JAVA_16 supports class version 60)
[2112月2025 13:19:51.521] [Server thread/DEBUG] [mixin/]: Renaming synthetic method lambda$getChunkOffThread$0(IILnet/minecraft/world/level/chunk/ChunkStatus;Z)Lnet/minecraft/world/level/chunk/ChunkAccess; to mdf407cb$lambda$getChunkOffThread$0$0 in lithium.mixins.json:world.chunk_access.ServerChunkManagerMixin
[2112月2025 13:19:51.523] [Server thread/DEBUG] [mixin/]: Mixing optimizations.ticking.chunk.random.ServerChunkCacheMixin from servercore.common.mixins.json into net.minecraft.server.level.ServerChunkCache
[2112月2025 13:19:51.523] [Server thread/DEBUG] [mixin/]: servercore.common.mixins.json:optimizations.ticking.chunk.random.ServerChunkCacheMixin: Class version 61 required is higher than the class version supported by the current version of Mixin (JAVA_16 supports class version 60)
[2112月2025 13:19:51.523] [Server thread/DEBUG] [mixin/]: Mixing bugfix.chunk_deadlock.ServerChunkCache_CurrentLoadingMixin from modernfix-forge.mixins.json into net.minecraft.server.level.ServerChunkCache
[2112月2025 13:19:51.529] [Server thread/WARN] [mixin/]: @Redirect conflict. Skipping servercore.common.mixins.json:optimizations.ticking.chunk.cache.ServerChunkCacheMixin->@Redirect::servercore$noList(I)Ljava/util/ArrayList; with priority 900, already redirected by lithium.mixins.json:alloc.chunk_ticking.ServerChunkManagerMixin->@Redirect::redirectChunksListClone(I)Ljava/util/ArrayList; with priority 1000
[2112月2025 13:19:51.538] [Server thread/DEBUG] [mixin/]: Mixing collections.entity_ticking.EntityListMixin from lithium.mixins.json into net.minecraft.world.level.entity.EntityTickList
[2112月2025 13:19:51.538] [Server thread/DEBUG] [mixin/]: lithium.mixins.json:collections.entity_ticking.EntityListMixin: Class version 61 required is higher than the class version supported by the current version of Mixin (JAVA_16 supports class version 60)
[2112月2025 13:19:51.542] [Server thread/DEBUG] [mixin/]: Mixing world.tick_scheduler.ChunkTickSchedulerMixin from lithium.mixins.json into net.minecraft.world.ticks.LevelChunkTicks
[2112月2025 13:19:51.542] [Server thread/DEBUG] [mixin/]: lithium.mixins.json:world.tick_scheduler.ChunkTickSchedulerMixin: Class version 61 required is higher than the class version supported by the current version of Mixin (JAVA_16 supports class version 60)
[2112月2025 13:19:51.542] [Server thread/DEBUG] [mixin/]: Renaming synthetic method lambda$queueTick$0(J)Lme/jellysquid/mods/lithium/common/world/scheduler/OrderedTickQueue; to mdf407cb$lambda$queueTick$0$0 in lithium.mixins.json:world.tick_scheduler.ChunkTickSchedulerMixin
[2112月2025 13:19:51.557] [Server thread/DEBUG] [mixin/]: Mixing IOWorkerMixin from tectonic.mixins.json into net.minecraft.world.level.chunk.storage.IOWorker
[2112月2025 13:19:51.562] [Server thread/DEBUG] [Smooth Boot (Reloaded)/]: Replaced IO Executor
[2112月2025 13:19:51.562] [Server thread/DEBUG] [mixin/]: Mixing chunk.entity_class_groups.ServerEntityManagerAccessor from lithium.mixins.json into net.minecraft.world.level.entity.PersistentEntitySectionManager
[2112月2025 13:19:51.562] [Server thread/DEBUG] [mixin/]: lithium.mixins.json:chunk.entity_class_groups.ServerEntityManagerAccessor: Class version 61 required is higher than the class version supported by the current version of Mixin (JAVA_16 supports class version 60)
[2112月2025 13:19:51.562] [Server thread/DEBUG] [mixin/]: Mixing util.entity_movement_tracking.ServerEntityManagerAccessor from lithium.mixins.json into net.minecraft.world.level.entity.PersistentEntitySectionManager
[2112月2025 13:19:51.562] [Server thread/DEBUG] [mixin/]: lithium.mixins.json:util.entity_movement_tracking.ServerEntityManagerAccessor: Class version 61 required is higher than the class version supported by the current version of Mixin (JAVA_16 supports class version 60)
[2112月2025 13:19:51.562] [Server thread/DEBUG] [mixin/]: Unexpected: Registered method getCache()Lnet/minecraft/world/level/entity/EntitySectionStorage; in net.minecraft.world.level.entity.PersistentEntitySectionManager was not merged
[2112月2025 13:19:51.565] [Server thread/DEBUG] [mixin/]: Mixing entity.inactive_navigations.ServerEntityHandlerMixin from lithium.mixins.json into net.minecraft.server.level.ServerLevel$EntityCallbacks
[2112月2025 13:19:51.565] [Server thread/DEBUG] [mixin/]: lithium.mixins.json:entity.inactive_navigations.ServerEntityHandlerMixin: Class version 61 required is higher than the class version supported by the current version of Mixin (JAVA_16 supports class version 60)
[2112月2025 13:19:51.567] [Server thread/DEBUG] [mixin/]: Mixing entity.fast_retrieval.SectionedEntityCacheMixin from lithium.mixins.json into net.minecraft.world.level.entity.EntitySectionStorage
[2112月2025 13:19:51.567] [Server thread/DEBUG] [mixin/]: lithium.mixins.json:entity.fast_retrieval.SectionedEntityCacheMixin: Class version 61 required is higher than the class version supported by the current version of Mixin (JAVA_16 supports class version 60)
[2112月2025 13:19:51.568] [Server thread/DEBUG] [mixin/]: Mixing util.entity_movement_tracking.SectionedEntityCacheMixin from lithium.mixins.json into net.minecraft.world.level.entity.EntitySectionStorage
[2112月2025 13:19:51.568] [Server thread/DEBUG] [mixin/]: lithium.mixins.json:util.entity_movement_tracking.SectionedEntityCacheMixin: Class version 61 required is higher than the class version supported by the current version of Mixin (JAVA_16 supports class version 60)
[2112月2025 13:19:51.569] [Server thread/DEBUG] [mixin/]: Mixing util.entity_section_position.SectionedEntityCacheMixin from lithium.mixins.json into net.minecraft.world.level.entity.EntitySectionStorage
[2112月2025 13:19:51.569] [Server thread/DEBUG] [mixin/]: lithium.mixins.json:util.entity_section_position.SectionedEntityCacheMixin: Class version 61 required is higher than the class version supported by the current version of Mixin (JAVA_16 supports class version 60)
[2112月2025 13:19:51.578] [Server thread/DEBUG] [mixin/]: Mixing perf.ticking_chunk_alloc.ChunkHolderMixin from modernfix-common.mixins.json into net.minecraft.server.level.ChunkHolder
[2112月2025 13:19:51.579] [Server thread/DEBUG] [mixin/]: Mixing world.chunk_access.ChunkHolderMixin from lithium.mixins.json into net.minecraft.server.level.ChunkHolder
[2112月2025 13:19:51.579] [Server thread/DEBUG] [mixin/]: lithium.mixins.json:world.chunk_access.ChunkHolderMixin: Class version 61 required is higher than the class version supported by the current version of Mixin (JAVA_16 supports class version 60)
[2112月2025 13:19:51.579] [Server thread/DEBUG] [mixin/]: Mixing optimizations.ticking.chunk.broadcast.ChunkHolderMixin from servercore.common.mixins.json into net.minecraft.server.level.ChunkHolder
[2112月2025 13:19:51.579] [Server thread/DEBUG] [mixin/]: servercore.common.mixins.json:optimizations.ticking.chunk.broadcast.ChunkHolderMixin: Class version 61 required is higher than the class version supported by the current version of Mixin (JAVA_16 supports class version 60)
[2112月2025 13:19:51.589] [Server thread/DEBUG] [mixin/]: Mixing world.player_chunk_tick.ThreadedAnvilChunkStorageMixin from lithium.mixins.json into net.minecraft.server.level.ChunkMap
[2112月2025 13:19:51.589] [Server thread/DEBUG] [mixin/]: lithium.mixins.json:world.player_chunk_tick.ThreadedAnvilChunkStorageMixin: Class version 61 required is higher than the class version supported by the current version of Mixin (JAVA_16 supports class version 60)
[2112月2025 13:19:51.591] [Server thread/DEBUG] [mixin/]: Mixing common.ChunkMapMixin from lithostitched.mixins.json into net.minecraft.server.level.ChunkMap
[2112月2025 13:19:51.591] [Server thread/DEBUG] [mixin/]: Renaming synthetic method lambda$wrapNoiseRouter$0(Lnet/minecraft/server/level/ServerLevel;Ldev/worldgen/lithostitched/worldgen/modifier/Modifier;)Z to mdf407cb$lambda$wrapNoiseRouter$0$0 in lithostitched.mixins.json:common.ChunkMapMixin
[2112月2025 13:19:51.592] [Server thread/DEBUG] [mixin/]: Mixing bugfix.paper_chunk_patches.ChunkMapMixin from modernfix-common.mixins.json into net.minecraft.server.level.ChunkMap
[2112月2025 13:19:51.593] [Server thread/DEBUG] [mixin/]: Renaming synthetic method lambda$useLegacySchedulingLogic$1(Lnet/minecraft/world/level/chunk/ChunkStatus;Lnet/minecraft/world/level/ChunkPos;Lnet/minecraft/server/level/ChunkHolder;Lcom/mojang/datafixers/util/Either;)Ljava/util/concurrent/CompletionStage; to mdf407cb$lambda$useLegacySchedulingLogic$1$1 in modernfix-common.mixins.json:bugfix.paper_chunk_patches.ChunkMapMixin
[2112月2025 13:19:51.593] [Server thread/DEBUG] [mixin/]: Renaming synthetic method lambda$useLegacySchedulingLogic$0(Lnet/minecraft/server/level/ChunkHolder;Lnet/minecraft/world/level/chunk/ChunkAccess;)Ljava/util/concurrent/CompletableFuture; to mdf407cb$lambda$useLegacySchedulingLogic$0$2 in modernfix-common.mixins.json:bugfix.paper_chunk_patches.ChunkMapMixin
[2112月2025 13:19:51.593] [Server thread/DEBUG] [mixin/]: Mixing bugfix.chunk_deadlock.ChunkMapLoadMixin from modernfix-forge.mixins.json into net.minecraft.server.level.ChunkMap
[2112月2025 13:19:51.594] [Server thread/DEBUG] [mixin/]: Mixing features.dynamic.ChunkMapMixin from servercore.common.mixins.json into net.minecraft.server.level.ChunkMap
[2112月2025 13:19:51.594] [Server thread/DEBUG] [mixin/]: servercore.common.mixins.json:features.dynamic.ChunkMapMixin: Class version 61 required is higher than the class version supported by the current version of Mixin (JAVA_16 supports class version 60)
[2112月2025 13:19:51.605] [Server thread/DEBUG] [mixin/]: Mixing common.chunk.ProtoChunkMixin from starlight.mixins.json into net.minecraft.world.level.chunk.ProtoChunk
[2112月2025 13:19:51.610] [Server thread/DEBUG] [mixin/]: Mixing common.RandomStateAccessor from lithostitched.mixins.json into net.minecraft.world.level.levelgen.RandomState
[2112月2025 13:19:51.612] [Server thread/DEBUG] [mixin/]: Mixing common.wg.MixinSurfaceSystem from eclipticseasons.mixins.json into net.minecraft.world.level.levelgen.SurfaceSystem
[2112月2025 13:19:51.810] [Server thread/DEBUG] [mixin/]: Mixing perf.cache_strongholds.ChunkGeneratorMixin from modernfix-common.mixins.json into net.minecraft.world.level.chunk.ChunkGeneratorStructureState
[2112月2025 13:19:51.812] [Server thread/DEBUG] [mixin/]: Renaming synthetic method lambda$saveCachedData$0(Ljava/util/List;)Ljava/util/List; to mdf407cb$lambda$saveCachedData$0$0 in modernfix-common.mixins.json:perf.cache_strongholds.ChunkGeneratorMixin
[2112月2025 13:19:51.860] [Server thread/DEBUG] [mixin/]: Mixing chunk.no_validation.PackedIntegerArrayMixin from lithium.mixins.json into net.minecraft.util.SimpleBitStorage
[2112月2025 13:19:51.860] [Server thread/DEBUG] [mixin/]: lithium.mixins.json:chunk.no_validation.PackedIntegerArrayMixin: Class version 61 required is higher than the class version supported by the current version of Mixin (JAVA_16 supports class version 60)
[2112月2025 13:19:51.860] [Server thread/DEBUG] [mixin/]: Mixing chunk.serialization.PackedIntegerArrayMixin from lithium.mixins.json into net.minecraft.util.SimpleBitStorage
[2112月2025 13:19:51.860] [Server thread/DEBUG] [mixin/]: lithium.mixins.json:chunk.serialization.PackedIntegerArrayMixin: Class version 61 required is higher than the class version supported by the current version of Mixin (JAVA_16 supports class version 60)
[2112月2025 13:19:51.866] [Server thread/DEBUG] [mixin/]: Mixing light.DynamicGraphMinFixedPointMixin from tritium.mixins.json into net.minecraft.world.level.lighting.DynamicGraphMinFixedPoint
[2112月2025 13:19:51.876] [Server thread/DEBUG] [mixin/]: Mixing ai.poi.PointOfInterestStorageMixin from lithium.mixins.json into net.minecraft.world.entity.ai.village.poi.PoiManager
[2112月2025 13:19:51.876] [Server thread/DEBUG] [mixin/]: lithium.mixins.json:ai.poi.PointOfInterestStorageMixin: Class version 61 required is higher than the class version supported by the current version of Mixin (JAVA_16 supports class version 60)
[2112月2025 13:19:51.876] [Server thread/DEBUG] [mixin/]: Renaming synthetic method lambda$withinSphereChunkSectionSorted$6(Lnet/minecraft/core/BlockPos;DLjava/util/ArrayList;Lnet/minecraft/world/entity/ai/village/poi/PoiRecord;)V to mdf407cb$lambda$withinSphereChunkSectionSorted$6$0 in lithium.mixins.json:ai.poi.PointOfInterestStorageMixin
[2112月2025 13:19:51.876] [Server thread/DEBUG] [mixin/]: Renaming synthetic method lambda$withinSphereChunkSectionSortedStream$5(Ljava/util/function/Predicate;Lnet/minecraft/world/entity/ai/village/poi/PoiManager$Occupancy;Lnet/minecraft/core/BlockPos;DLjava/util/stream/Stream;)Ljava/util/stream/Stream; to mdf407cb$lambda$withinSphereChunkSectionSortedStream$5$1 in lithium.mixins.json:ai.poi.PointOfInterestStorageMixin
[2112月2025 13:19:51.876] [Server thread/DEBUG] [mixin/]: Renaming synthetic method lambda$withinSphereChunkSectionSortedStream$4(Ljava/util/function/Predicate;Lnet/minecraft/world/entity/ai/village/poi/PoiManager$Occupancy;Lnet/minecraft/core/BlockPos;DLnet/minecraft/world/entity/ai/village/poi/PoiSection;)Ljava/util/stream/Stream; to mdf407cb$lambda$withinSphereChunkSectionSortedStream$4$2 in lithium.mixins.json:ai.poi.PointOfInterestStorageMixin
[2112月2025 13:19:51.876] [Server thread/DEBUG] [mixin/]: Renaming synthetic method lambda$withinSphereChunkSectionSortedStream$3(Lnet/minecraft/core/BlockPos;DLnet/minecraft/world/entity/ai/village/poi/PoiRecord;)Z to mdf407cb$lambda$withinSphereChunkSectionSortedStream$3$3 in lithium.mixins.json:ai.poi.PointOfInterestStorageMixin
[2112月2025 13:19:51.877] [Server thread/DEBUG] [mixin/]: Renaming synthetic method lambda$findNearestForPortalLogic$2(Lnet/minecraft/world/level/border/WorldBorder;Ljava/util/function/Predicate;Lnet/minecraft/world/entity/ai/village/poi/PoiRecord;)Z to mdf407cb$lambda$findNearestForPortalLogic$2$4 in lithium.mixins.json:ai.poi.PointOfInterestStorageMixin
[2112月2025 13:19:51.877] [Server thread/DEBUG] [mixin/]: Renaming synthetic method lambda$getNearestPosition$1(Ljava/util/function/Predicate;Lnet/minecraft/world/entity/ai/village/poi/PoiRecord;)Z to mdf407cb$lambda$getNearestPosition$1$5 in lithium.mixins.json:ai.poi.PointOfInterestStorageMixin
[2112月2025 13:19:51.877] [Server thread/DEBUG] [mixin/]: Renaming synthetic method lambda$getInChunk$0(Ljava/util/function/Predicate;Lnet/minecraft/world/entity/ai/village/poi/PoiManager$Occupancy;Lnet/minecraft/world/entity/ai/village/poi/PoiSection;)Ljava/util/stream/Stream; to mdf407cb$lambda$getInChunk$0$6 in lithium.mixins.json:ai.poi.PointOfInterestStorageMixin
[2112月2025 13:19:51.879] [Server thread/DEBUG] [mixin/]: Mixing ai.poi.fast_portals.PointOfInterestStorageMixin from lithium.mixins.json into net.minecraft.world.entity.ai.village.poi.PoiManager
[2112月2025 13:19:51.879] [Server thread/DEBUG] [mixin/]: lithium.mixins.json:ai.poi.fast_portals.PointOfInterestStorageMixin: Class version 61 required is higher than the class version supported by the current version of Mixin (JAVA_16 supports class version 60)
[2112月2025 13:19:51.885] [Server thread/DEBUG] [mixin/]: Mixing ai.poi.SerializingRegionBasedStorageMixin from lithium.mixins.json into net.minecraft.world.level.chunk.storage.SectionStorage
[2112月2025 13:19:51.885] [Server thread/DEBUG] [mixin/]: lithium.mixins.json:ai.poi.SerializingRegionBasedStorageMixin: Class version 61 required is higher than the class version supported by the current version of Mixin (JAVA_16 supports class version 60)
[2112月2025 13:19:51.885] [Server thread/DEBUG] [mixin/]: Renaming synthetic method lambda$getInChunkColumn$0(Ljava/util/BitSet;Lit/unimi/dsi/fastutil/longs/Long2ObjectMap;ILnet/minecraft/world/level/LevelHeightAccessor;I)Ljava/util/Iterator; to mdf407cb$lambda$getInChunkColumn$0$0 in lithium.mixins.json:ai.poi.SerializingRegionBasedStorageMixin
[2112月2025 13:19:51.890] [Server thread/DEBUG] [mixin/]: Mixing ai.poi.PointOfInterestSetMixin from lithium.mixins.json into net.minecraft.world.entity.ai.village.poi.PoiSection
[2112月2025 13:19:51.890] [Server thread/DEBUG] [mixin/]: lithium.mixins.json:ai.poi.PointOfInterestSetMixin: Class version 61 required is higher than the class version supported by the current version of Mixin (JAVA_16 supports class version 60)
[2112月2025 13:19:51.890] [Server thread/DEBUG] [mixin/]: Renaming synthetic method lambda$computeIfAbsent$0(Ljava/lang/Object;)Ljava/lang/Object; to mdf407cb$lambda$computeIfAbsent$0$0 in lithium.mixins.json:ai.poi.PointOfInterestSetMixin
[2112月2025 13:19:51.903] [Server thread/DEBUG] [mixin/]: Mixing perf.dynamic_dfu.DataFixTypesMixin from modernfix-common.mixins.json into net.minecraft.util.datafix.DataFixTypes
[2112月2025 13:19:51.908] [Server thread/DEBUG] [mixin/]: Mixing ai.poi.fast_portals.PortalForcerMixin from lithium.mixins.json into net.minecraft.world.level.portal.PortalForcer
[2112月2025 13:19:51.908] [Server thread/DEBUG] [mixin/]: lithium.mixins.json:ai.poi.fast_portals.PortalForcerMixin: Class version 61 required is higher than the class version supported by the current version of Mixin (JAVA_16 supports class version 60)
[2112月2025 13:19:51.908] [Server thread/DEBUG] [mixin/]: Renaming synthetic method lambda$getPortalRect$2(Lnet/minecraft/world/entity/ai/village/poi/PoiRecord;)Lnet/minecraft/BlockUtil$FoundRectangle; to mdf407cb$lambda$getPortalRect$2$0 in lithium.mixins.json:ai.poi.fast_portals.PortalForcerMixin
[2112月2025 13:19:51.908] [Server thread/DEBUG] [mixin/]: Renaming synthetic method lambda$getPortalRect$1(Lnet/minecraft/world/level/block/state/BlockState;Lnet/minecraft/core/BlockPos;)Z to mdf407cb$lambda$getPortalRect$1$1 in lithium.mixins.json:ai.poi.fast_portals.PortalForcerMixin
[2112月2025 13:19:51.908] [Server thread/DEBUG] [mixin/]: Renaming synthetic method lambda$getPortalRect$0(Lnet/minecraft/world/entity/ai/village/poi/PoiRecord;)Z to mdf407cb$lambda$getPortalRect$0$2 in lithium.mixins.json:ai.poi.fast_portals.PortalForcerMixin
[2112月2025 13:19:51.924] [Server thread/DEBUG] [mixin/]: Mixing perf.faster_structure_location.StructureCheckMixin from modernfix-common.mixins.json into net.minecraft.world.level.levelgen.structure.StructureCheck
[2112月2025 13:19:51.925] [Server thread/DEBUG] [mixin/]: Mixing optimizations.sync_loads.StructureCheckMixin from servercore.common.mixins.json into net.minecraft.world.level.levelgen.structure.StructureCheck
[2112月2025 13:19:51.925] [Server thread/DEBUG] [mixin/]: servercore.common.mixins.json:optimizations.sync_loads.StructureCheckMixin: Class version 61 required is higher than the class version supported by the current version of Mixin (JAVA_16 supports class version 60)
[2112月2025 13:19:52.307] [Server thread/DEBUG] [mixin/]: Mixing world.chunk_tickets.SortedArraySetMixin from lithium.mixins.json into net.minecraft.util.SortedArraySet
[2112月2025 13:19:52.307] [Server thread/DEBUG] [mixin/]: lithium.mixins.json:world.chunk_tickets.SortedArraySetMixin: Class version 61 required is higher than the class version supported by the current version of Mixin (JAVA_16 supports class version 60)
[2112月2025 13:19:52.308] [Server thread/DEBUG] [mixin/]: Mixing bugfix.paper_chunk_patches.SortedArraySetMixin from modernfix-common.mixins.json into net.minecraft.util.SortedArraySet
[2112月2025 13:19:52.310] [Server thread/WARN] [mixin/]: Method overwrite conflict for removeIf in modernfix-common.mixins.json:bugfix.paper_chunk_patches.SortedArraySetMixin, previously written by me.jellysquid.mods.lithium.mixin.world.chunk_tickets.SortedArraySetMixin. Skipping method.
[2112月2025 13:19:52.310] [Server thread/DEBUG] [mixin/]: Unexpected: Registered method removeIf(Ljava/util/function/Predicate;)Z in net.minecraft.util.SortedArraySet was not merged
[2112月2025 13:19:52.330] [Server thread/DEBUG] [Smooth Boot (Reloaded)/]: Initialized IO-Worker-32
[2112月2025 13:19:52.353] [IO-Worker-32/DEBUG] [Smooth Boot (Reloaded)/]: Initialized IO-Worker-33
[2112月2025 13:19:53.318] [Server thread/DEBUG] [mixin/]: Mixing chunk.no_locking.ChunkSectionMixin from lithium.mixins.json into net.minecraft.world.level.chunk.LevelChunkSection
[2112月2025 13:19:53.318] [Server thread/DEBUG] [mixin/]: lithium.mixins.json:chunk.no_locking.ChunkSectionMixin: Class version 61 required is higher than the class version supported by the current version of Mixin (JAVA_16 supports class version 60)
[2112月2025 13:19:53.318] [Server thread/DEBUG] [mixin/]: Mixing util.block_tracking.ChunkSectionMixin from lithium.mixins.json into net.minecraft.world.level.chunk.LevelChunkSection
[2112月2025 13:19:53.318] [Server thread/DEBUG] [mixin/]: lithium.mixins.json:util.block_tracking.ChunkSectionMixin: Class version 61 required is higher than the class version supported by the current version of Mixin (JAVA_16 supports class version 60)
[2112月2025 13:19:53.318] [Server thread/DEBUG] [mixin/]: Renaming synthetic method lambda$initFlagCounters$0(Lnet/minecraft/world/level/chunk/PalettedContainer$CountConsumer;Lnet/minecraft/world/level/block/state/BlockState;I)V to mdf407cb$lambda$initFlagCounters$0$0 in lithium.mixins.json:util.block_tracking.ChunkSectionMixin
[2112月2025 13:19:53.325] [Server thread/DEBUG] [mixin/]: Mixing chunk.no_locking.PalettedContainerMixin from lithium.mixins.json into net.minecraft.world.level.chunk.PalettedContainer
[2112月2025 13:19:53.325] [Server thread/DEBUG] [mixin/]: lithium.mixins.json:chunk.no_locking.PalettedContainerMixin: Class version 61 required is higher than the class version supported by the current version of Mixin (JAVA_16 supports class version 60)
[2112月2025 13:19:53.326] [Server thread/DEBUG] [mixin/]: Mixing chunk.serialization.PalettedContainerMixin from lithium.mixins.json into net.minecraft.world.level.chunk.PalettedContainer
[2112月2025 13:19:53.326] [Server thread/DEBUG] [mixin/]: lithium.mixins.json:chunk.serialization.PalettedContainerMixin: Class version 61 required is higher than the class version supported by the current version of Mixin (JAVA_16 supports class version 60)
[2112月2025 13:19:53.326] [Server thread/DEBUG] [mixin/]: Renaming synthetic method lambda$count$2([SI)V to mdf407cb$lambda$count$2$0 in lithium.mixins.json:chunk.serialization.PalettedContainerMixin
[2112月2025 13:19:53.326] [Server thread/DEBUG] [mixin/]: Renaming synthetic method lambda$static$1()[S to mdf407cb$lambda$static$1$1 in lithium.mixins.json:chunk.serialization.PalettedContainerMixin
[2112月2025 13:19:53.326] [Server thread/DEBUG] [mixin/]: Renaming synthetic method lambda$static$0()[S to mdf407cb$lambda$static$0$2 in lithium.mixins.json:chunk.serialization.PalettedContainerMixin
[2112月2025 13:19:53.327] [Server thread/DEBUG] [mixin/]: Mixing perf.compact_bit_storage.PalettedContainerMixin from modernfix-common.mixins.json into net.minecraft.world.level.chunk.PalettedContainer
[2112月2025 13:19:53.333] [Server thread/DEBUG] [mixin/]: Mixing chunk.palette.PalettedContainerMixin from lithium.mixins.json into net.minecraft.world.level.chunk.PalettedContainer$Strategy
[2112月2025 13:19:53.333] [Server thread/DEBUG] [mixin/]: lithium.mixins.json:chunk.palette.PalettedContainerMixin: Class version 61 required is higher than the class version supported by the current version of Mixin (JAVA_16 supports class version 60)
[2112月2025 13:19:53.336] [Server thread/DEBUG] [mixin/]: Generating mapped inner class net/minecraft/world/level/chunk/PalettedContainer$Strategy$Anonymous$f52f7e663f014025b0326dab4fb42c01 (originally me/jellysquid/mods/lithium/mixin/chunk/palette/PalettedContainerMixin$1)
[2112月2025 13:19:53.338] [Server thread/DEBUG] [mixin/]: Generating mapped inner class net/minecraft/world/level/chunk/PalettedContainer$Strategy$Anonymous$909579081c31499bb28c35467fe97f46 (originally me/jellysquid/mods/lithium/mixin/chunk/palette/PalettedContainerMixin$2)
[2112月2025 13:19:53.342] [Server thread/DEBUG] [mixin/]: Mixing chunk.no_validation.EmptyPaletteStorageMixin from lithium.mixins.json into net.minecraft.util.ZeroBitStorage
[2112月2025 13:19:53.342] [Server thread/DEBUG] [mixin/]: lithium.mixins.json:chunk.no_validation.EmptyPaletteStorageMixin: Class version 61 required is higher than the class version supported by the current version of Mixin (JAVA_16 supports class version 60)
[2112月2025 13:19:53.344] [Server thread/DEBUG] [mixin/]: Mixing common.chunk.ImposterProtoChunkMixin from starlight.mixins.json into net.minecraft.world.level.chunk.ImposterProtoChunk
[2112月2025 13:19:53.344] [Server thread/DEBUG] [mixin/]: Mixing common.chunk.MixinImposterProtoChunk from eclipticseasons.mixins.json into net.minecraft.world.level.chunk.ImposterProtoChunk
[2112月2025 13:19:53.608] [Worker-Main-9/DEBUG] [ModernFix/]: Saved stronghold cache for dimension minecraft:overworld
[2112月2025 13:19:53.616] [IO-Worker-33/DEBUG] [Smooth Boot (Reloaded)/]: Initialized IO-Worker-34
[2112月2025 13:19:53.617] [IO-Worker-32/DEBUG] [Smooth Boot (Reloaded)/]: Initialized IO-Worker-35
[2112月2025 13:19:53.634] [Worker-Main-30/DEBUG] [mixin/]: Mixing perf.worldgen_allocation.NoiseChunkMixin from modernfix-common.mixins.json into net.minecraft.world.level.levelgen.NoiseChunk
[2112月2025 13:19:53.634] [Worker-Main-30/DEBUG] [mixin/]: Mixing chunk.NoiseSamplingCacheMixin from tritium.mixins.json into net.minecraft.world.level.levelgen.NoiseChunk
[2112月2025 13:19:53.634] [Worker-Main-30/DEBUG] [mixin/]: Renaming synthetic method lambda$new$0()Lnet/minecraft/world/level/levelgen/DensityFunction$SinglePointContext; to mdf407cb$lambda$new$0$0 in tritium.mixins.json:chunk.NoiseSamplingCacheMixin
[2112月2025 13:19:53.708] [Worker-Main-30/DEBUG] [mixin/]: Mixing perf.worldgen_allocation.MaterialRuleListMixin from modernfix-common.mixins.json into net.minecraft.world.level.levelgen.material.MaterialRuleList
[2112月2025 13:19:53.722] [Worker-Main-30/DEBUG] [mixin/]: Mixing perf.cache_blockstate_cache_arrays.AbstractBlockStateCacheMixin from modernfix-common.mixins.json into net.minecraft.world.level.block.state.BlockBehaviour$BlockStateBase$Cache
[2112月2025 13:19:53.723] [Worker-Main-30/DEBUG] [mixin/]: Mixing BlockStateCacheMixin from ferritecore.blockstatecache.mixin.json into net.minecraft.world.level.block.state.BlockBehaviour$BlockStateBase$Cache
[2112月2025 13:19:53.726] [Worker-Main-30/DEBUG] [mixin/]: Mixing shapes.lazy_shape_context.EntityShapeContextMixin from lithium.mixins.json into net.minecraft.world.phys.shapes.EntityCollisionContext
[2112月2025 13:19:53.726] [Worker-Main-30/DEBUG] [mixin/]: lithium.mixins.json:shapes.lazy_shape_context.EntityShapeContextMixin: Class version 61 required is higher than the class version supported by the current version of Mixin (JAVA_16 supports class version 60)
[2112月2025 13:19:53.726] [Worker-Main-30/DEBUG] [mixin/]: Renaming synthetic method lambda$canWalkOnFluid$0(Lnet/minecraft/world/level/material/FluidState;)Z to mdf407cb$lambda$canWalkOnFluid$0$0 in lithium.mixins.json:shapes.lazy_shape_context.EntityShapeContextMixin
[2112月2025 13:19:53.729] [Worker-Main-30/DEBUG] [mixin/]: Mixing ai.pathing.LandPathNodeMakerMixin from lithium.mixins.json into net.minecraft.world.level.pathfinder.WalkNodeEvaluator
[2112月2025 13:19:53.730] [Worker-Main-30/DEBUG] [mixin/]: lithium.mixins.json:ai.pathing.LandPathNodeMakerMixin: Class version 61 required is higher than the class version supported by the current version of Mixin (JAVA_16 supports class version 60)
[2112月2025 13:19:53.817] [Worker-Main-30/DEBUG] [net.minecraftforge.coremod.transformer.CoreModBaseTransformer/COREMOD]: Transforming net/minecraft/world/level/levelgen/structure/templatesystem/StructureTemplate
[2112月2025 13:19:53.830] [Worker-Main-30/DEBUG] [mixin/]: Mixing common.StructureTemplateMixin from lithostitched.mixins.json into net.minecraft.world.level.levelgen.structure.templatesystem.StructureTemplate
[2112月2025 13:19:53.830] [Worker-Main-30/DEBUG] [mixin/]: Mixing jigsaw.StructureBlockEntityMixin from tritium.mixins.json into net.minecraft.world.level.levelgen.structure.templatesystem.StructureTemplate
[2112月2025 13:19:53.830] [Worker-Main-30/DEBUG] [mixin/]: Renaming synthetic method lambda$tritium$filterBlocksOutsideBox$0(Lnet/minecraft/world/level/levelgen/structure/templatesystem/StructurePlaceSettings;Lnet/minecraft/core/BlockPos;Lnet/minecraft/world/level/levelgen/structure/BoundingBox;Lnet/minecraft/world/level/levelgen/structure/templatesystem/StructureTemplate$StructureBlockInfo;)Z to mdf407cb$lambda$tritium$filterBlocksOutsideBox$0$0 in tritium.mixins.json:jigsaw.StructureBlockEntityMixin
[2112月2025 13:19:53.842] [Worker-Main-30/DEBUG] [ModernFix/]: Structure nova_structures:conduit_ruin/main/conduit_ruin_ring_1 is being run through DFU (hash 99578f135da90d1c76ce07b9b9c9271b3cf5eac6b4ca5b2606eb3076bed41b95), this will cause launch time delays
[2112月2025 13:19:53.847] [Worker-Main-30/INFO] [ModernFix/]: Instantiating Mojang DFU
[2112月2025 13:19:54.147] [Worker-Main-30/DEBUG] [mixin/]: Mixing SubShapeAccess from ferritecore.blockstatecache.mixin.json into net.minecraft.world.phys.shapes.SubShape
[2112月2025 13:19:54.324] [Worker-Main-10/DEBUG] [mixin/]: Mixing gen.chunk_region.ChunkRegionMixin from lithium.mixins.json into net.minecraft.server.level.WorldGenRegion
[2112月2025 13:19:54.324] [Worker-Main-10/DEBUG] [mixin/]: lithium.mixins.json:gen.chunk_region.ChunkRegionMixin: Class version 61 required is higher than the class version supported by the current version of Mixin (JAVA_16 supports class version 60)
[2112月2025 13:19:54.400] [Worker-Main-31/DEBUG] [mixin/]: Mixing common.BeardifierMixin from lithostitched.forge.mixins.json into net.minecraft.world.level.levelgen.Beardifier
[2112月2025 13:19:54.598] [Worker-Main-28/DEBUG] [ModernFix/]: Structure nova_structures:mangrove_witch_hut/mangrove_witch_hut_3 is being run through DFU (hash acd8340f7628b8f195c1297e8e7c16413eb571452989f8a14f8dcb953ffaef55), this will cause launch time delays
[2112月2025 13:19:56.300] [Worker-Main-28/DEBUG] [mixin/]: Mixing perf.worldgen_allocation.SurfaceRulesContextMixin from modernfix-common.mixins.json into net.minecraft.world.level.levelgen.SurfaceRules$Context
[2112月2025 13:19:56.309] [Worker-Main-28/DEBUG] [mixin/]: Mixing perf.worldgen_allocation.SurfaceRulesMixin from modernfix-common.mixins.json into net.minecraft.world.level.levelgen.SurfaceRules$VerticalGradientConditionSource$1VerticalGradientCondition
[2112月2025 13:19:56.311] [Worker-Main-28/DEBUG] [mixin/]: Mixing perf.worldgen_allocation.SurfaceRulesMixin from modernfix-common.mixins.json into net.minecraft.world.level.levelgen.SurfaceRules$StoneDepthCheck$1StoneDepthCondition
[2112月2025 13:19:56.311] [Worker-Main-28/DEBUG] [mixin/]: Mixing perf.worldgen_allocation.SurfaceRulesMixin from modernfix-common.mixins.json into net.minecraft.world.level.levelgen.SurfaceRules$BiomeConditionSource$1BiomeCondition
[2112月2025 13:19:56.312] [Worker-Main-28/DEBUG] [mixin/]: Mixing perf.worldgen_allocation.SurfaceRulesMixin from modernfix-common.mixins.json into net.minecraft.world.level.levelgen.SurfaceRules$YConditionSource$1YCondition
[2112月2025 13:19:56.313] [Worker-Main-28/DEBUG] [mixin/]: Mixing perf.worldgen_allocation.SurfaceRulesMixin from modernfix-common.mixins.json into net.minecraft.world.level.levelgen.SurfaceRules$WaterConditionSource$1WaterCondition
[2112月2025 13:19:56.315] [Worker-Main-28/DEBUG] [mixin/]: Mixing perf.worldgen_allocation.SequenceRuleMixin from modernfix-common.mixins.json into net.minecraft.world.level.levelgen.SurfaceRules$SequenceRule
[2112月2025 13:19:57.459] [Worker-Main-29/DEBUG] [net.minecraftforge.coremod.transformer.CoreModBaseTransformer/COREMOD]: Transforming net/minecraft/world/level/NaturalSpawner
[2112月2025 13:19:57.465] [Worker-Main-29/DEBUG] [mixin/]: Mixing features.mob_spawning.NaturalSpawnerMixin from servercore.common.mixins.json into net.minecraft.world.level.NaturalSpawner
[2112月2025 13:19:57.465] [Worker-Main-29/DEBUG] [mixin/]: servercore.common.mixins.json:features.mob_spawning.NaturalSpawnerMixin: Class version 61 required is higher than the class version supported by the current version of Mixin (JAVA_16 supports class version 60)
[2112月2025 13:19:57.466] [Worker-Main-29/DEBUG] [mixin/]: Mixing optimizations.tickets.NaturalSpawnerMixin from servercore.common.mixins.json into net.minecraft.world.level.NaturalSpawner
[2112月2025 13:19:57.466] [Worker-Main-29/DEBUG] [mixin/]: servercore.common.mixins.json:optimizations.tickets.NaturalSpawnerMixin: Class version 61 required is higher than the class version supported by the current version of Mixin (JAVA_16 supports class version 60)
[2112月2025 13:19:57.523] [Server thread/DEBUG] [eclipticseasons/]:  Create new Height Map with [-1, 0]
[2112月2025 13:19:57.525] [Server thread/DEBUG] [eclipticseasons/]:  End create [-1, 0]
[2112月2025 13:19:57.561] [Server thread/INFO] [net.regions_unexplored.RegionsUnexploredMod/]: Loading dimension "minecraft:the_nether" with biome source: "minecraft:multi_noise".
[2112月2025 13:19:57.562] [Server thread/INFO] [net.minecraft.server.MinecraftServer/]: Preparing start region for dimension minecraft:overworld
[2112月2025 13:19:57.679] [Worker-Main-6/INFO] [net.minecraft.server.level.progress.LoggerChunkProgressListener/]: Preparing spawn area: 0%
[2112月2025 13:19:58.106] [Worker-Main-9/INFO] [net.minecraft.server.level.progress.LoggerChunkProgressListener/]: Preparing spawn area: 0%
[2112月2025 13:19:58.565] [Worker-Main-8/INFO] [net.minecraft.server.level.progress.LoggerChunkProgressListener/]: Preparing spawn area: 0%
[2112月2025 13:19:58.776] [Worker-Main-26/DEBUG] [mixin/]: Mixing collections.goals.GoalSelectorMixin from lithium.mixins.json into net.minecraft.world.entity.ai.goal.GoalSelector
[2112月2025 13:19:58.777] [Worker-Main-26/DEBUG] [mixin/]: lithium.mixins.json:collections.goals.GoalSelectorMixin: Class version 61 required is higher than the class version supported by the current version of Mixin (JAVA_16 supports class version 60)
[2112月2025 13:19:58.777] [Worker-Main-26/DEBUG] [mixin/]: Mixing features.activation_range.inactive_ticks.GoalSelectorMixin from servercore.common.mixins.json into net.minecraft.world.entity.ai.goal.GoalSelector
[2112月2025 13:19:58.777] [Worker-Main-26/DEBUG] [mixin/]: servercore.common.mixins.json:features.activation_range.inactive_ticks.GoalSelectorMixin: Class version 61 required is higher than the class version supported by the current version of Mixin (JAVA_16 supports class version 60)
[2112月2025 13:19:58.781] [Worker-Main-26/DEBUG] [mixin/]: Mixing optimizations.misc.PathFinderMixin from servercore.common.mixins.json into net.minecraft.world.level.pathfinder.PathFinder
[2112月2025 13:19:58.781] [Worker-Main-26/DEBUG] [mixin/]: servercore.common.mixins.json:optimizations.misc.PathFinderMixin: Class version 61 required is higher than the class version supported by the current version of Mixin (JAVA_16 supports class version 60)
[2112月2025 13:19:58.794] [Worker-Main-26/DEBUG] [io.netty.util.internal.ThreadLocalRandom/]: -Dio.netty.initialSeedUniquifier: 0x9ecc659ed6c00c8e
[2112月2025 13:19:58.806] [Server thread/DEBUG] [eclipticseasons/]:  Create new Height Map with [0, 0]
[2112月2025 13:19:58.806] [Server thread/DEBUG] [eclipticseasons/]:  End create [0, 0]
[2112月2025 13:19:58.818] [Server thread/DEBUG] [mixin/]: Mixing chunk.entity_class_groups.EntityTrackingSectionAccessor from lithium.mixins.json into net.minecraft.world.level.entity.EntitySection
[2112月2025 13:19:58.818] [Server thread/DEBUG] [mixin/]: lithium.mixins.json:chunk.entity_class_groups.EntityTrackingSectionAccessor: Class version 61 required is higher than the class version supported by the current version of Mixin (JAVA_16 supports class version 60)
[2112月2025 13:19:58.818] [Server thread/DEBUG] [mixin/]: Mixing entity.collisions.unpushable_cramming.EntityTrackingSectionMixin from lithium.mixins.json into net.minecraft.world.level.entity.EntitySection
[2112月2025 13:19:58.819] [Server thread/DEBUG] [mixin/]: lithium.mixins.json:entity.collisions.unpushable_cramming.EntityTrackingSectionMixin: Class version 61 required is higher than the class version supported by the current version of Mixin (JAVA_16 supports class version 60)
[2112月2025 13:19:58.822] [Server thread/DEBUG] [mixin/]: Mixing util.entity_movement_tracking.EntityTrackingSectionMixin from lithium.mixins.json into net.minecraft.world.level.entity.EntitySection
[2112月2025 13:19:58.823] [Server thread/DEBUG] [mixin/]: lithium.mixins.json:util.entity_movement_tracking.EntityTrackingSectionMixin: Class version 61 required is higher than the class version supported by the current version of Mixin (JAVA_16 supports class version 60)
[2112月2025 13:19:58.825] [Server thread/DEBUG] [mixin/]: Mixing util.entity_section_position.EntityTrackingSectionMixin from lithium.mixins.json into net.minecraft.world.level.entity.EntitySection
[2112月2025 13:19:58.825] [Server thread/DEBUG] [mixin/]: lithium.mixins.json:util.entity_section_position.EntityTrackingSectionMixin: Class version 61 required is higher than the class version supported by the current version of Mixin (JAVA_16 supports class version 60)
[2112月2025 13:19:58.837] [Server thread/DEBUG] [mixin/]: Mixing chunk.entity_class_groups.TypeFilterableListMixin from lithium.mixins.json into net.minecraft.util.ClassInstanceMultiMap
[2112月2025 13:19:58.837] [Server thread/DEBUG] [mixin/]: lithium.mixins.json:chunk.entity_class_groups.TypeFilterableListMixin: Class version 61 required is higher than the class version supported by the current version of Mixin (JAVA_16 supports class version 60)
[2112月2025 13:19:58.838] [Server thread/DEBUG] [mixin/]: Mixing collections.entity_by_type.TypeFilterableListMixin from lithium.mixins.json into net.minecraft.util.ClassInstanceMultiMap
[2112月2025 13:19:58.838] [Server thread/DEBUG] [mixin/]: lithium.mixins.json:collections.entity_by_type.TypeFilterableListMixin: Class version 61 required is higher than the class version supported by the current version of Mixin (JAVA_16 supports class version 60)
[2112月2025 13:19:58.839] [Server thread/DEBUG] [mixin/]: Mixing collections.entity_filtering.TypeFilterableListMixin from lithium.mixins.json into net.minecraft.util.ClassInstanceMultiMap
[2112月2025 13:19:58.839] [Server thread/DEBUG] [mixin/]: lithium.mixins.json:collections.entity_filtering.TypeFilterableListMixin: Class version 61 required is higher than the class version supported by the current version of Mixin (JAVA_16 supports class version 60)
[2112月2025 13:19:58.845] [Server thread/DEBUG] [mixin/]: Mixing util.entity_movement_tracking.ServerEntityManagerListenerMixin from lithium.mixins.json into net.minecraft.world.level.entity.PersistentEntitySectionManager$Callback
[2112月2025 13:19:58.845] [Server thread/DEBUG] [mixin/]: lithium.mixins.json:util.entity_movement_tracking.ServerEntityManagerListenerMixin: Class version 61 required is higher than the class version supported by the current version of Mixin (JAVA_16 supports class version 60)
[2112月2025 13:19:58.857] [Server thread/DEBUG] [mixin/]: Mixing cached_hashcode.BlockNeighborGroupMixin from lithium.mixins.json into net.minecraft.world.level.block.Block$BlockStatePairKey
[2112月2025 13:19:58.857] [Server thread/DEBUG] [mixin/]: lithium.mixins.json:cached_hashcode.BlockNeighborGroupMixin: Class version 61 required is higher than the class version supported by the current version of Mixin (JAVA_16 supports class version 60)
[2112月2025 13:19:58.857] [Server thread/DEBUG] [mixin/]: Mixing cache.BlockStatePairKeyLazyCache from tritium.mixins.json into net.minecraft.world.level.block.Block$BlockStatePairKey
[2112月2025 13:19:58.951] [Server thread/DEBUG] [eclipticseasons/]:  Create new Height Map with [-1, -1]
[2112月2025 13:19:58.951] [Server thread/DEBUG] [eclipticseasons/]:  End create [-1, -1]
[2112月2025 13:19:58.997] [Server thread/DEBUG] [eclipticseasons/]:  Create new Height Map with [0, -1]
[2112月2025 13:19:58.998] [Server thread/DEBUG] [eclipticseasons/]:  End create [0, -1]
[2112月2025 13:19:59.078] [Worker-Main-30/INFO] [net.minecraft.server.level.progress.LoggerChunkProgressListener/]: Preparing spawn area: 2%
[2112月2025 13:19:59.295] [Forge Version Check/WARN] [net.minecraftforge.fml.VersionChecker/]: Failed to process update information
java.net.http.HttpTimeoutException: request timed out
	at jdk.internal.net.http.HttpClientImpl.send(HttpClientImpl.java:953) ~[java.net.http:?]
	at jdk.internal.net.http.HttpClientFacade.send(HttpClientFacade.java:133) ~[java.net.http:?]
	at net.minecraftforge.fml.VersionChecker$1.openUrlString(VersionChecker.java:142) ~[fmlcore-1.20.1-47.4.10.jar%23176!/:?]
	at net.minecraftforge.fml.VersionChecker$1.process(VersionChecker.java:180) ~[fmlcore-1.20.1-47.4.10.jar%23176!/:?]
	at java.lang.Iterable.forEach(Iterable.java:75) ~[?:?]
	at net.minecraftforge.fml.VersionChecker$1.run(VersionChecker.java:117) ~[fmlcore-1.20.1-47.4.10.jar%23176!/:?]
[2112月2025 13:19:59.296] [Forge Version Check/INFO] [net.minecraftforge.fml.VersionChecker/]: [mr_dungeons_andtaverns] Starting version check at https://api.modrinth.com/updates/tpehi7ww/forge_updates.json
[2112月2025 13:19:59.567] [Worker-Main-21/INFO] [net.minecraft.server.level.progress.LoggerChunkProgressListener/]: Preparing spawn area: 3%
[2112月2025 13:19:59.690] [Forge Version Check/DEBUG] [net.minecraftforge.fml.VersionChecker/]: [mr_dungeons_andtaverns] Received version check data:
{"homepage":"https://modrinth.com/mod/tpehi7ww","promos":{"1.20.3-latest":"3.1.1+mod","1.20.3-recommended":"3.1.1+mod","1.19.3-recommended":"2.0.2+mod","1.21.8-latest":"v4.7.3+mod","1.21.11-latest":"v5.1.0+mod","1.20.6-latest":"3.2+mod","1.20.2-latest":"3.0.3.f+mod","1.19.2-recommended":"2.0.2+mod","1.19.1-latest":"2.0.2+mod","1.19.2-latest":"2.0.2+mod","1.20.5-recommended":"3.2+mod","1.21.3-recommended":"v4.5+mod","1.21.10-rc1-recommended":"v5.0.0+mod","1.19-latest":"2.0.2+mod","1.21.6-recommended":"v4.7.3+mod","1.21.10-rc1-latest":"v5.0.0+mod","1.21.4-latest":"v4.6.3+mod","1.19.1-recommended":"2.0.2+mod","1.21.4-recommended":"v4.6.3+mod","1.20-latest":"3.0.3.f+mod","1.21.1-recommended":"v4.4.4+mod","1.21.5-latest":"v4.7.3+mod","1.21.10-latest":"v5.0.4+mod","1.21-latest":"v4.4.4+mod","1.20.5-latest":"3.2+mod","1.20.1-latest":"3.0.3.f+mod","1.19.4-recommended":"2.0.2+mod","1.21.6-latest":"v4.7.3+mod","1.20-recommended":"3.0.3.f+mod","1.19.4-latest":"2.0.2+mod","1.21.10-recommended":"v5.0.4+mod","1.21.2-latest":"v4.5+mod","1.21-recommended":"v4.4.4+mod","1.21.5-recommended":"v4.7.3+mod","1.20.4-recommended":"3.1.1+mod","1.21.11-recommended":"v5.1.0+mod","1.21.2-recommended":"v4.5+mod","1.21.3-latest":"v4.5+mod","1.20.1-recommended":"3.0.3.f+mod","1.19-recommended":"2.0.2+mod","1.20.6-recommended":"3.2+mod","1.21.9-latest":"v5.0.4+mod","1.21.7-recommended":"v4.7.3+mod","1.20.2-recommended":"3.0.3.f+mod","1.21.8-recommended":"v4.7.3+mod","1.21.9-recommended":"v5.0.4+mod","1.20.4-latest":"3.1.1+mod","1.19.3-latest":"2.0.2+mod","1.21.7-latest":"v4.7.3+mod","1.21.1-latest":"v4.4.4+mod"}}
[2112月2025 13:19:59.692] [Forge Version Check/INFO] [net.minecraftforge.fml.VersionChecker/]: [mr_dungeons_andtaverns] Found status: OUTDATED Current: 3.0.3.f Target: 3.0.3.f+mod
[2112月2025 13:19:59.692] [Forge Version Check/INFO] [net.minecraftforge.fml.VersionChecker/]: [toms_storage] Starting version check at https://raw.githubusercontent.com/tom5454/Toms-Storage/master/version-check.json
[2112月2025 13:20:00.066] [Worker-Main-9/INFO] [net.minecraft.server.level.progress.LoggerChunkProgressListener/]: Preparing spawn area: 4%
[2112月2025 13:20:00.424] [Forge Version Check/DEBUG] [net.minecraftforge.fml.VersionChecker/]: [toms_storage] Received version check data:
{
	"homepage": "https://www.curseforge.com/minecraft/mc-mods/toms-storage",
	"promos": {
		"1.15.2-latest": "1.1.5",
		"1.16.1-latest": "1.2.4",
		"1.16.2-latest": "1.2.8",
		"1.16.3-latest": "1.2.9",
		"1.16.4-latest": "1.2.24",
		"1.16.5-latest": "1.2.24",
		"1.17.1-latest": "1.2.21",
		"1.18-latest": "1.2.22",
		"1.18.2-latest": "1.4.5",
		"1.19-latest": "1.5.11",
		"1.19.2-latest": "1.5.11",
		"1.19.3-latest": "1.5.11",
		"1.19.4-latest": "1.5.12",
		"1.20-latest": "1.7.1",
		"1.20.1-latest": "1.7.1",
		"1.20.2-latest": "1.6.10",
		"1.20.4-latest": "1.6.11"
	},
	"1.20.4": {
		"1.6.11": "Added NBT/component and tag search\nFixed dark terminal background on 1.20.4",
		"1.6.10": "Fixed dupe bug with Tag Item Filter",
		"1.6.9": "Fixed crash with Inventory Hopper\nUpdated Chinese Translations",
		"1.6.8": "Added JEI support",
		"1.6.7": "1.20.4 port"
	},
	"1.20.2": {
		"1.6.10": "Added NBT/component and tag search",
		"1.6.9": "Fixed dupe bug with Tag Item Filter",
		"1.6.8": "Fixed crash with Inventory Hopper\nUpdated Chinese Translations",
		"1.6.7": "Added REI support",
		"1.6.6": "Added JEI, REI, EMI support on 1.20.2\nFixed crash with VisualOverhaul",
		"1.6.5": "1.20.2 port"
	},
	"1.20.1": {
		"1.7.1": "Added level emitters allow > 0 check (Closes #326)\nFixed terminals deleting items if storage block is broken behind (Closes #431)\nFixed filtered basic inventory hopper getting stuck (Closes #451)\nFixed level emitter redstone on fabric (Closes #294)\nFixed beacon indicator not showing if beacon level 0 is required (Closes #546)\nFixed tall terminal UI overlapping with jei search bar (Closes #479)\nFixed polymorph button breaking with tall terminal",
		"1.7.0": "Add config option to blacklist certain blocks/mods (Closes #507)\nRewritten JEI/REI/EMI recipe integrations (Fixes #466)\nAdded polymorph support on 1.20.1 Forge",
		"1.6.9": "Fixed crash with the terminal and some menu QoL mods",
		"1.6.8": "Added NBT/component and tag search",
		"1.6.7": "Fixed dupe bug with Tag Item Filter",
		"1.6.6": "Fixed crash with Inventory Hopper\nUpdated Chinese Translations",
		"1.6.5": "Fixed EMI not working on 1.20\nFixed crash with VisualOverhaul",
		"1.6.4": "Fixed duplication bug with Crafting Terminal",
		"1.6.3": "Added the ability to disable beacon range extending\nImproved EMI compatibility",
		"1.6.2": "Curio and EMI integration"
	},
	"1.20": {
		"1.6.9": "Fixed crash with the terminal and some menu QoL mods",
		"1.6.8": "Added NBT/component and tag search",
		"1.6.7": "Fixed dupe bug with Tag Item Filter",
		"1.6.6": "Fixed crash with Inventory Hopper\nUpdated Chinese Translations",
		"1.6.5": "Fixed EMI not working on 1.20\nFixed crash with VisualOverhaul",
		"1.6.4": "Fixed duplication bug with Crafting Terminal",
		"1.6.3": "Added the ability to disable beacon range extending\nImproved EMI compatibility",
		"1.6.2": "Curio and EMI integration",
		"1.6.1": "Added JEI support\nFixed terminal search not losing focus when clicked out",
		"1.6.0": "1.20 port"
	},
	"1.19.4": {
		"1.5.12": "Fixed dupe bug with Tag Item Filter",
		"1.5.11": "Fixed crash with Inventory Hopper\nUpdated Chinese Translations",
		"1.5.10": "Fixed duplication bug with Crafting Terminal",
		"1.5.9": "Added the ability to disable beacon range extending\nImproved EMI compatibility",
		"1.5.8": "EMI Compat\nFixed painted trim item showing in creative",
		"1.5.7": "Added Mod Name sorting\nFixed recipe book not working on 1.19.4",
		"1.5.6": "Fixed some buttons not showing the correct state after window resize\nFixed crafting terminal not crafting some items properly or triggering advancements in some cases\nFixed show recipes in JEI not working correctly with tall terminal mode",
		"1.5.5": "Fixed tooltips getting stuck",
		"1.5.4": "Added Tall Mode for Terminals\nJEI support for 1.19.4",
		"1.5.3": "Added REI, EMI compatibility on 1.19.4\nAdded curio, trinkets compatibility on 1.19.4\nFixed R/U keybind not working in the terminal",
		"1.5.2": "1.19.4 port"
	},
	"1.19.3": {
		"1.5.11": "Fixed dupe bug with Tag Item Filter",
		"1.5.10": "Fixed crash with Inventory Hopper\nUpdated Chinese Translations",
		"1.5.9": "Fixed duplication bug with Crafting Terminal",
		"1.5.8": "Added the ability to disable beacon range extending\nImproved EMI compatibility",
		"1.5.7": "EMI Compat\nFixed painted trim item showing in creative",
		"1.5.6": "Added Mod Name sorting\nFixed recipe book not working on 1.19.4",
		"1.5.5": "Fixed some buttons not showing the correct state after window resize\nFixed crafting terminal not crafting some items properly or triggering advancements in some cases\nFixed show recipes in JEI not working correctly with tall terminal mode",
		"1.5.4": "Added Tall Mode for Terminals",
		"1.5.3": "Added REI, EMI compatibility on 1.19.4\nAdded curio, trinkets compatibility on 1.19.4\nFixed R/U keybind not working in the terminal",
		"1.5.2": "Added toggle ghost mode button\n\nFixed crafting terminal recipe book not working\nFixed priority not working\nFixed right click not pulling half of the stack\nImproved Crafting Terminal Refill Speed\nFixed Polymorphic Item Filter not working in some cases",
		"1.5.1": "Fixed crash with Inventory Cable Connector gui\nFixed crash on 1.19.3 forge\nFixed items not showing in terminals on forge",
		"1.5.0": "Added item filters (simple, tag, polymorphic)\nAdded allow/deny settings, priority, keep last item in slot to filtered inventory cable connector\nRewritten terminal networking\nHolding shift in the terminal stops sorting\nAdded support for JEI on fabric, REI on forge\nAdded ghost item drag to JEI/REI/EMI\nUpdated pt_br\nFixed terminal rendering issues\nFixed crafting terminals not dropping their inventory when breaking\nFixed crash\nFixed wireless terminal bypassing FTB Chunks",
		"1.3.11": "Fixed crash on launch (#173)\nFixed painted blocks resetting on world load\nReadded curio support",
		"1.3.10": "1.19.3 port"
	},
	"1.19.2": {
		"1.5.11": "Fixed dupe bug with Tag Item Filter",
		"1.5.10": "Fixed crash with Inventory Hopper\nUpdated Chinese Translations",
		"1.5.9": "Fixed duplication bug with Crafting Terminal",
		"1.5.8": "Added the ability to disable beacon range extending\nImproved EMI compatibility",
		"1.5.7": "EMI Compat",
		"1.5.6": "Added Mod Name sorting\nFixed recipe book not working on 1.19.4",
		"1.5.5": "Fixed some buttons not showing the correct state after window resize\nFixed crafting terminal not crafting some items properly or triggering advancements in some cases\nFixed show recipes in JEI not working correctly with tall terminal mode",
		"1.5.4": "Added Tall Mode for Terminals",
		"1.5.3": "Added REI, EMI compatibility on 1.19.4\nAdded curio, trinkets compatibility on 1.19.4\nFixed R/U keybind not working in the terminal",
		"1.5.2": "Added toggle ghost mode button\n\nFixed crafting terminal recipe book not working\nFixed priority not working\nFixed right click not pulling half of the stack\nImproved Crafting Terminal Refill Speed\nFixed Polymorphic Item Filter not working in some cases",
		"1.5.1": "Fixed crash with Inventory Cable Connector gui\nFixed items not showing in terminals on forge",
		"1.5.0": "Added item filters (simple, tag, polymorphic)\nAdded allow/deny settings, priority, keep last item in slot to filtered inventory cable connector\nRewritten terminal networking\nHolding shift in the terminal stops sorting\nAdded support for JEI on fabric, REI on forge\nAdded ghost item drag to JEI/REI/EMI\nUpdated pt_br\nFixed terminal rendering issues\nFixed crafting terminals not dropping their inventory when breaking\nFixed crash\nFixed wireless terminal bypassing FTB Chunks",
		"1.3.10": "Added curio/trinket support for the advanced wireless terminal\nUpdated to 1.19.3\nAdded pt_br translation (#159)",
		"1.3.9": "Fixed JEI R/U not working\nFixed the @ character not included in JEI search\nFixed the terminal search couldn't unfocus\nFixed duplication bug with Crafting Terminal\nFixed Filtered Inventory Cable Connector infinite loop",
		"1.3.8": "Fixed dedicated servers not working"
	},
	"1.19": {
		"1.5.11": "Fixed dupe bug with Tag Item Filter",
		"1.5.10": "Fixed crash with Inventory Hopper\nUpdated Chinese Translations",
		"1.5.9": "Fixed duplication bug with Crafting Terminal",
		"1.5.8": "Added the ability to disable beacon range extending\nImproved EMI compatibility",
		"1.5.7": "EMI Compat",
		"1.5.6": "Added Mod Name sorting\nFixed recipe book not working on 1.19.4",
		"1.5.5": "Fixed some buttons not showing the correct state after window resize\nFixed crafting terminal not crafting some items properly or triggering advancements in some cases\nFixed show recipes in JEI not working correctly with tall terminal mode",
		"1.5.4": "Added Tall Mode for Terminals",
		"1.5.3": "Added REI, EMI compatibility on 1.19.4\nAdded curio, trinkets compatibility on 1.19.4\nFixed R/U keybind not working in the terminal",
		"1.5.2": "Added toggle ghost mode button\n\nFixed crafting terminal recipe book not working\nFixed priority not working\nFixed right click not pulling half of the stack\nImproved Crafting Terminal Refill Speed\nFixed Polymorphic Item Filter not working in some cases",
		"1.5.1": "Fixed crash with Inventory Cable Connector gui\nFixed items not showing in terminals on forge",
		"1.4.0": "Added item filters (simple, tag, polymorphic)\nAdded allow/deny settings, priority, keep last item in slot to filtered inventory cable connector\nRewritten terminal networking\nHolding shift in the terminal stops sorting\nAdded support for JEI on fabric, REI on forge\nAdded ghost item drag to JEI/REI/EMI\nUpdated pt_br\nFixed terminal rendering issues\nFixed crafting terminals not dropping their inventory when breaking\nFixed crash\nFixed wireless terminal bypassing FTB Chunks",
		"1.3.10": "Added curio/trinket support for the advanced wireless terminal\nUpdated to 1.19.3\nAdded pt_br translation (#159)",
		"1.3.9": "Fixed JEI R/U not working\nFixed the @ character not included in JEI search\nFixed the terminal search couldn't unfocus\nFixed duplication bug with Crafting Terminal\nFixed Filtered Inventory Cable Connector infinite loop",
		"1.3.8": "Fixed dedicated servers not working",
		"1.3.7": "Updated to forge 41.0.94",
		"1.3.6": "Updated to forge 41.0.64",
		"1.3.5": "Fixed items not pulling from inventory",
		"1.3.4": "Added JEI support",
		"1.3.3": "1.19 port"
	},
	"1.18.2": {
		"1.4.5": "Fixed crash with Inventory Hopper",
		"1.4.4": "Fixed duplication bug with Crafting Terminal",
		"1.4.3": "Fixed some buttons not showing the correct state after window resize\nFixed crafting terminal not crafting some items properly or triggering advancements in some cases\nFixed show recipes in JEI not working correctly with tall terminal mode\nImproved crafting terminal speed",
		"1.4.2": "Added Tall Mode for Terminals",
		"1.4.1": "Added toggle ghost mode button\n\nFixed crafting terminal recipe book not working\nFixed right click not pulling half of the stack\nImproved Crafting Terminal Refill Speed",
		"1.4.0": "Rewritten terminal networking\nHolding shift in the terminal stops sorting\nUpdated pt_br\nFixed crafting terminals not dropping their inventory when breaking\nFixed crash\nFixed wireless terminal bypassing FTB Chunks",
		"1.3.6": "Added curio/trinket support for the advanced wireless terminal\nUpdated to 1.19.3\nAdded pt_br translation (#159)",
		"1.3.5": "Fixed JEI R/U not working\nFixed the @ character not included in JEI search\nFixed the terminal search couldn't unfocus\nFixed duplication bug with Crafting Terminal\nFixed Filtered Inventory Cable Connector infinite loop",
		"1.3.4": "Fixed items not pulling from inventory",
		"1.3.3": "Fixed Crafting Terminal not using multiple ingredient types",
		"1.3.2": "Fixed offhand interaction when using wireless terminals\nFixed crafting terminal not crafting a full stack",
		"1.3.1": "Added translations (#84, #95)\nFixed JEI sync not working",
		"1.3.0": "Updated to Minecraft 1.18.2\nAdded framed inventory cable connector\nAdded duplicated inventory detection to Inventory Connector (Improves #69)\nAdded Inventory Linking system using beacons\nAdded range extending options to wireless terminals."
	},
	"1.18": {
		"1.2.22": "1.18 port"
	},
	"1.17.1": {
		"1.2.21": "Fixed inventory hopper not pulling items when unfiltered (Closes #67, Closes #37)",
		"1.2.20": "Added advanced wireless terminal\nFixed terminal couldn't be closed if the search field is focused (Closes #59)",
		"1.2.19": "Improved inventory hopper tps (#43)\nAdded multiblock inventory blacklist to config (Closes #51, Closes #56, Closes 58)\nFixed terminal causing inventory desync (Closes #49)\nFixed typo in lang file (Closes #47)",
		"1.2.18": "Fixed tool type crash\nAdded JEI integration",
		"1.2.17": "1.17 port"
	},
	"1.16.5": {
		"1.2.24": "Backport Curios and Keybinds to 1.16",
		"1.2.23": "Fixed crash with Inventory Hopper and Paint Kits",
		"1.2.22": "Fixed crash with Inventory Hopper",
		"1.2.21": "Fixed crash on Dedicated Server",
		"1.2.20": "Backported Advanced Wireless Terminal range extending feature",
		"1.2.19": "Fixed inventory hopper not pulling items when unfiltered (Closes #67, Closes #37)",
		"1.2.18": "Added advanced wireless terminal\nFixed terminal couldn't be closed if the search field is focused (Closes #59)",
		"1.2.17": "Improved inventory hopper tps (#43)\nAdded multiblock inventory blacklist to config (Closes #51, Closes #56, Closes 58)\nFixed terminal causing inventory desync (Closes #49)\nFixed typo in lang file (Closes #47)",
		"1.2.16": "Added Level emitter\nFixed terminal sorting\nImplemented Inventory Proxy filter feature from Fabric",
		"1.2.15": "Fixed recipe book not working",
		"1.2.14": "Fixed terminal gui desync",
		"1.2.13": "Fixed FPS lag in terminal.\nFixed terminal high tick time on servers.\nAdded storage space information to Inventory Connector",
		"1.2.12": "Fixed button overlapping in terminal gui.\nFixed terminals being accessible in spectator mode."
	},
	"1.16.4": {
		"1.2.24": "Backport Curios and Keybinds to 1.16",
		"1.2.23": "Fixed crash with Inventory Hopper and Paint Kits",
		"1.2.22": "Fixed crash with Inventory Hopper",
		"1.2.21": "Fixed crash on Dedicated Server",
		"1.2.20": "Backported Advanced Wireless Terminal range extending feature",
		"1.2.19": "Fixed inventory hopper not pulling items when unfiltered (Closes #67, Closes #37)",
		"1.2.18": "Added advanced wireless terminal\nFixed terminal couldn't be closed if the search field is focused (Closes #59)",
		"1.2.17": "Improved inventory hopper tps (#43)\nAdded multiblock inventory blacklist to config (Closes #51, Closes #56, Closes 58)\nFixed terminal causing inventory desync (Closes #49)\nFixed typo in lang file (Closes #47)",
		"1.2.16": "Added Level emitter\nFixed terminal sorting\nImplemented Inventory Proxy filter feature from Fabric",
		"1.2.15": "Fixed recipe book not working",
		"1.2.14": "Fixed terminal gui desync",
		"1.2.13": "Fixed FPS lag in terminal.\nFixed terminal high tick time on servers.\nAdded storage space information to Inventory Connector",
		"1.2.12": "Fixed button overlapping in terminal gui.\nFixed terminals being accessible in spectator mode.",
		"1.2.11": "Added filtered inventory connector\nFixed advancement bug\nFixed painted trims",
		"1.2.10": "Updated trim texture\nUpdated to 1.16.4"
	},
	"1.16.3": {
		"1.2.9": "Updated to 1.16.3"
	},
	"1.16.2": {
		"1.2.8": "Fixed dupe bug with crafting terminal",
		"1.2.7": "Fixed crash with Storage Terminals",
		"1.2.6": "Fixed crash with latest version of forge",
		"1.2.5": "Updated to 1.16.2"
	},
	"1.16.1": {
		"1.2.4": "Fixed lag with Inventory Hoppers",
		"1.2.3": "Added Simplified Chinese Translation",
		"1.2.2": "Fixed search not working",
		"1.2.1": "Fixed Crafting terminal not dropping when broken",
		"1.2.0": "1.16 Port\nChanged inventory cable.\nAdded Inventory Hopper"
	},
	"1.15.2": {
		"1.1.5": "Fixed dupe bug with crafting terminal",
		"1.1.4": "Added Simplified Chinese Translation",
		"1.1.3": "Fixed Crafting terminal not dropping when broken",
		"1.1.2": "Fixed items with tags merging\nAdded terminal sorting modes\nImproved terminal gui handler",
		"1.1.1": "Fixed Inventory Cable Connector not showing up in the creative inventory and JEI\nAdded JEI compatibility to crafting terminal\nFixed Storage Terminal recipe not using tags\nTerminals now emit light",
		"1.1.0": "Added Crafting Terminal\nAdded the ability to paint some of the blocks\nAdded Inevntory Cable & Connector\nAdded Inventory Proxy\nAdded Wireless Terminal\nAdded config to change Inventory Connector range.",
		"1.0.2": "Fixed crash",
		"1.0.1": "Fixed loot tables",
		"1.0.0": "First release"
	}
}
[2112月2025 13:20:00.425] [Forge Version Check/INFO] [net.minecraftforge.fml.VersionChecker/]: [toms_storage] Found status: BETA Current: 1.7.1 Target: 1.7.1
[2112月2025 13:20:00.568] [Worker-Main-3/INFO] [net.minecraft.server.level.progress.LoggerChunkProgressListener/]: Preparing spawn area: 7%
[2112月2025 13:20:00.589] [Server thread/DEBUG] [mixin/]: Mixing alloc.entity_tracker.EntityTrackerMixin from lithium.mixins.json into net.minecraft.server.level.ChunkMap$TrackedEntity
[2112月2025 13:20:00.589] [Server thread/DEBUG] [mixin/]: lithium.mixins.json:alloc.entity_tracker.EntityTrackerMixin: Class version 61 required is higher than the class version supported by the current version of Mixin (JAVA_16 supports class version 60)
[2112月2025 13:20:00.594] [Server thread/DEBUG] [mixin/]: Mixing network.microopt.ServerEntityMixin from krypton_fnp.mixins.json into net.minecraft.server.level.ServerEntity
[2112月2025 13:20:00.598] [Server thread/DEBUG] [mixin/]: Mixing optimizations.sync_loads.DynamicGameEventListenerMixin from servercore.common.mixins.json into net.minecraft.world.level.gameevent.DynamicGameEventListener
[2112月2025 13:20:00.598] [Server thread/DEBUG] [mixin/]: servercore.common.mixins.json:optimizations.sync_loads.DynamicGameEventListenerMixin: Class version 61 required is higher than the class version supported by the current version of Mixin (JAVA_16 supports class version 60)
[2112月2025 13:20:01.065] [Worker-Main-13/INFO] [net.minecraft.server.level.progress.LoggerChunkProgressListener/]: Preparing spawn area: 9%
[2112月2025 13:20:01.576] [Worker-Main-19/INFO] [net.minecraft.server.level.progress.LoggerChunkProgressListener/]: Preparing spawn area: 11%
[2112月2025 13:20:01.976] [Server thread/DEBUG] [mixin/]: Mixing common.chunk.EmptyLevelChunkMixin from starlight.mixins.json into net.minecraft.world.level.chunk.EmptyLevelChunk
[2112月2025 13:20:02.075] [Worker-Main-2/INFO] [net.minecraft.server.level.progress.LoggerChunkProgressListener/]: Preparing spawn area: 15%
[2112月2025 13:20:02.567] [Worker-Main-28/INFO] [net.minecraft.server.level.progress.LoggerChunkProgressListener/]: Preparing spawn area: 15%
[2112月2025 13:20:03.087] [Worker-Main-31/INFO] [net.minecraft.server.level.progress.LoggerChunkProgressListener/]: Preparing spawn area: 19%
[2112月2025 13:20:03.093] [Worker-Main-12/DEBUG] [ModernFix/]: Structure nova_structures:witch_villa/backyard/witch_villa_backyard_1 is being run through DFU (hash a5a45882526950e4fb9299797fd3c117121612796262e39ef5b0e33d1e09452d), this will cause launch time delays
[2112月2025 13:20:03.568] [Worker-Main-19/INFO] [net.minecraft.server.level.progress.LoggerChunkProgressListener/]: Preparing spawn area: 21%
[2112月2025 13:20:03.624] [Server thread/DEBUG] [mixin/]: Mixing world.block_entity_ticking.world_border.DirectBlockEntityTickInvokerMixin from lithium.mixins.json into net.minecraft.world.level.chunk.LevelChunk$BoundTickingBlockEntity
[2112月2025 13:20:03.624] [Server thread/DEBUG] [mixin/]: lithium.mixins.json:world.block_entity_ticking.world_border.DirectBlockEntityTickInvokerMixin: Class version 61 required is higher than the class version supported by the current version of Mixin (JAVA_16 supports class version 60)
[2112月2025 13:20:03.625] [Server thread/DEBUG] [mixin/]: Mixing world.LevelChunkMixin from mixin.tt20.json into net.minecraft.world.level.chunk.LevelChunk$BoundTickingBlockEntity
[2112月2025 13:20:03.991] [Worker-Main-19/DEBUG] [ModernFix/]: Structure nova_structures:stray_fort/stray_fort_3 is being run through DFU (hash e3debea8db98c985fadf7d4427834a48cdde4f1ff2227d110abcfc4bc0764efe), this will cause launch time delays
[2112月2025 13:20:04.267] [Worker-Main-19/INFO] [net.minecraft.server.level.progress.LoggerChunkProgressListener/]: Preparing spawn area: 24%
[2112月2025 13:20:04.569] [Worker-Main-8/INFO] [net.minecraft.server.level.progress.LoggerChunkProgressListener/]: Preparing spawn area: 24%
[2112月2025 13:20:05.106] [Worker-Main-5/INFO] [net.minecraft.server.level.progress.LoggerChunkProgressListener/]: Preparing spawn area: 29%
[2112月2025 13:20:05.572] [Worker-Main-21/INFO] [net.minecraft.server.level.progress.LoggerChunkProgressListener/]: Preparing spawn area: 31%
[2112月2025 13:20:06.065] [Worker-Main-11/INFO] [net.minecraft.server.level.progress.LoggerChunkProgressListener/]: Preparing spawn area: 34%
[2112月2025 13:20:06.375] [Worker-Main-3/DEBUG] [ModernFix/]: Structure minecraft:village_jungle/jungle_village_center3 is being run through DFU (hash 7d14dcf37bf5d3c7a5160ff9e6449547ebec74e175e79f5f6eca8aa7b93f49d0), this will cause launch time delays
[2112月2025 13:20:06.444] [Worker-Main-3/DEBUG] [ModernFix/]: Structure minecraft:village_swamp/swamp_village_center3 is being run through DFU (hash 81f9e4ac10adad98e699cca59749cda9c69beeb6b3b0395c939037f4f5dee4c0), this will cause launch time delays
[2112月2025 13:20:06.575] [Worker-Main-8/INFO] [net.minecraft.server.level.progress.LoggerChunkProgressListener/]: Preparing spawn area: 35%
[2112月2025 13:20:07.064] [Worker-Main-7/INFO] [net.minecraft.server.level.progress.LoggerChunkProgressListener/]: Preparing spawn area: 37%
[2112月2025 13:20:07.626] [Worker-Main-27/INFO] [net.minecraft.server.level.progress.LoggerChunkProgressListener/]: Preparing spawn area: 41%
[2112月2025 13:20:08.087] [Worker-Main-23/INFO] [net.minecraft.server.level.progress.LoggerChunkProgressListener/]: Preparing spawn area: 42%
[2112月2025 13:20:08.563] [Worker-Main-2/INFO] [net.minecraft.server.level.progress.LoggerChunkProgressListener/]: Preparing spawn area: 45%
[2112月2025 13:20:09.069] [Worker-Main-27/INFO] [net.minecraft.server.level.progress.LoggerChunkProgressListener/]: Preparing spawn area: 47%
[2112月2025 13:20:09.564] [Worker-Main-27/INFO] [net.minecraft.server.level.progress.LoggerChunkProgressListener/]: Preparing spawn area: 48%
[2112月2025 13:20:09.924] [Worker-Main-7/DEBUG] [ModernFix/]: Structure nova_structures:wild_ruin/wild_ruin_3b is being run through DFU (hash 03aecb277235d6af8e2e116f1a999dfaf2bc283da61fa36995ff103307a3c105), this will cause launch time delays
[2112月2025 13:20:10.074] [Worker-Main-17/INFO] [net.minecraft.server.level.progress.LoggerChunkProgressListener/]: Preparing spawn area: 54%
[2112月2025 13:20:10.573] [Worker-Main-12/INFO] [net.minecraft.server.level.progress.LoggerChunkProgressListener/]: Preparing spawn area: 55%
[2112月2025 13:20:11.168] [Worker-Main-2/INFO] [net.minecraft.server.level.progress.LoggerChunkProgressListener/]: Preparing spawn area: 57%
[2112月2025 13:20:11.568] [Worker-Main-8/INFO] [net.minecraft.server.level.progress.LoggerChunkProgressListener/]: Preparing spawn area: 59%
[2112月2025 13:20:11.709] [Worker-Main-23/DEBUG] [ModernFix/]: Structure nova_structures:well/well_anchor_savana is being run through DFU (hash f3ae5a5647ea2a0920511f0892f4796ee72a1ad9bd7d4776d65257b224e355f6), this will cause launch time delays
[2112月2025 13:20:11.753] [Worker-Main-23/DEBUG] [ModernFix/]: Structure nova_structures:well/well_anchor_jungle is being run through DFU (hash 8a061e8290b125c47b638267fd25e882a82ddf02265ce2d267d80122e4d6c0f1), this will cause launch time delays
[2112月2025 13:20:11.775] [Worker-Main-23/DEBUG] [ModernFix/]: Using cached upgraded version of nova_structures:well/well_anchor_spruce
[2112月2025 13:20:11.798] [Worker-Main-23/DEBUG] [ModernFix/]: Structure nova_structures:well/well_anchor_dark_oak is being run through DFU (hash fb365dd4568112118faa48985dbf40554039311e691b021d9126e2725c01055b), this will cause launch time delays
[2112月2025 13:20:11.822] [Worker-Main-23/DEBUG] [ModernFix/]: Using cached upgraded version of nova_structures:well/well_anchor_oak
[2112月2025 13:20:11.843] [Worker-Main-23/DEBUG] [ModernFix/]: Structure nova_structures:well/well_anchor_birch is being run through DFU (hash faf49dca989697854006539fd758f66768eed6a63446e4f112ee4d604886fd0c), this will cause launch time delays
[2112月2025 13:20:11.879] [Worker-Main-2/DEBUG] [ModernFix/]: Structure nova_structures:badlands_miner_outpost/badlands_miner_outpost_tower is being run through DFU (hash 2aa736a9a69448128a627e66d29f383eec9329d7d67b343c8937211da710aa88), this will cause launch time delays
[2112月2025 13:20:12.067] [Worker-Main-21/INFO] [net.minecraft.server.level.progress.LoggerChunkProgressListener/]: Preparing spawn area: 62%
[2112月2025 13:20:12.564] [Worker-Main-15/INFO] [net.minecraft.server.level.progress.LoggerChunkProgressListener/]: Preparing spawn area: 65%
[2112月2025 13:20:12.763] [Worker-Main-30/DEBUG] [mixin/]: Mixing ai.task.memory_change_counting.MultiTickTaskMixin from lithium.mixins.json into net.minecraft.world.entity.ai.behavior.Behavior
[2112月2025 13:20:12.764] [Worker-Main-30/DEBUG] [mixin/]: lithium.mixins.json:ai.task.memory_change_counting.MultiTickTaskMixin: Class version 61 required is higher than the class version supported by the current version of Mixin (JAVA_16 supports class version 60)
[2112月2025 13:20:12.777] [Worker-Main-30/DEBUG] [mixin/]: Mixing features.breeding_cap.tasks.AnimalMakeLoveMixin from servercore.common.mixins.json into net.minecraft.world.entity.ai.behavior.AnimalMakeLove
[2112月2025 13:20:12.777] [Worker-Main-30/DEBUG] [mixin/]: servercore.common.mixins.json:features.breeding_cap.tasks.AnimalMakeLoveMixin: Class version 61 required is higher than the class version supported by the current version of Mixin (JAVA_16 supports class version 60)
[2112月2025 13:20:12.782] [Worker-Main-30/DEBUG] [mixin/]: Mixing ai.task.replace_streams.CompositeTaskMixin from lithium.mixins.json into net.minecraft.world.entity.ai.behavior.GateBehavior
[2112月2025 13:20:12.782] [Worker-Main-30/DEBUG] [mixin/]: lithium.mixins.json:ai.task.replace_streams.CompositeTaskMixin: Class version 61 required is higher than the class version supported by the current version of Mixin (JAVA_16 supports class version 60)
[2112月2025 13:20:12.788] [Worker-Main-30/DEBUG] [mixin/]: Mixing ai.task.replace_streams.WeightedListMixin from lithium.mixins.json into net.minecraft.world.entity.ai.behavior.ShufflingList
[2112月2025 13:20:12.788] [Worker-Main-30/DEBUG] [mixin/]: lithium.mixins.json:ai.task.replace_streams.WeightedListMixin: Class version 61 required is higher than the class version supported by the current version of Mixin (JAVA_16 supports class version 60)
[2112月2025 13:20:13.063] [Worker-Main-2/INFO] [net.minecraft.server.level.progress.LoggerChunkProgressListener/]: Preparing spawn area: 68%
[2112月2025 13:20:13.180] [Worker-Main-24/DEBUG] [ModernFix/]: Using cached upgraded version of nova_structures:tavern/tavern_house_dark_oak
[2112月2025 13:20:13.576] [Worker-Main-18/INFO] [net.minecraft.server.level.progress.LoggerChunkProgressListener/]: Preparing spawn area: 68%
[2112月2025 13:20:14.071] [Worker-Main-7/INFO] [net.minecraft.server.level.progress.LoggerChunkProgressListener/]: Preparing spawn area: 71%
[2112月2025 13:20:14.564] [Worker-Main-3/INFO] [net.minecraft.server.level.progress.LoggerChunkProgressListener/]: Preparing spawn area: 74%
[2112月2025 13:20:15.043] [Worker-Main-1/DEBUG] [ModernFix/]: Structure nova_structures:wild_ruin/wild_ruin_7b is being run through DFU (hash 040399b93e9f805ec27d92879d128ce55a06eb8b74de068d534952c1bd955b37), this will cause launch time delays
[2112月2025 13:20:15.106] [Worker-Main-1/INFO] [net.minecraft.server.level.progress.LoggerChunkProgressListener/]: Preparing spawn area: 79%
[2112月2025 13:20:15.571] [Worker-Main-16/INFO] [net.minecraft.server.level.progress.LoggerChunkProgressListener/]: Preparing spawn area: 81%
[2112月2025 13:20:16.063] [Worker-Main-27/INFO] [net.minecraft.server.level.progress.LoggerChunkProgressListener/]: Preparing spawn area: 83%
[2112月2025 13:20:16.566] [Worker-Main-10/INFO] [net.minecraft.server.level.progress.LoggerChunkProgressListener/]: Preparing spawn area: 84%
[2112月2025 13:20:17.100] [Worker-Main-9/INFO] [net.minecraft.server.level.progress.LoggerChunkProgressListener/]: Preparing spawn area: 89%
[2112月2025 13:20:17.565] [Worker-Main-16/INFO] [net.minecraft.server.level.progress.LoggerChunkProgressListener/]: Preparing spawn area: 90%
[2112月2025 13:20:18.065] [Worker-Main-25/INFO] [net.minecraft.server.level.progress.LoggerChunkProgressListener/]: Preparing spawn area: 95%
[2112月2025 13:20:18.570] [Worker-Main-26/INFO] [net.minecraft.server.level.progress.LoggerChunkProgressListener/]: Preparing spawn area: 98%
[2112月2025 13:20:18.645] [Server thread/INFO] [net.minecraft.server.level.progress.LoggerChunkProgressListener/]: Time elapsed: 21083 ms
[2112月2025 13:20:18.646] [Server thread/INFO] [net.minecraft.server.dedicated.DedicatedServer/]: Done (27.473s)! For help, type "help"
[2112月2025 13:20:18.646] [Server thread/DEBUG] [mixin/]: Mixing DedicatedServerWatchdogMixin from mixin.tt20.json into net.minecraft.server.dedicated.ServerWatchdog
[2112月2025 13:20:18.653] [Server thread/DEBUG] [net.minecraftforge.network.DualStackUtils/]: Detected IPv6 address: "0:0:0:0:0:0:0:0"
[2112月2025 13:20:18.664] [Server thread/DEBUG] [net.minecraftforge.common.ForgeI18n/CORE]: Loading I18N data entries: 4567
[2112月2025 13:20:18.667] [Server thread/INFO] [net.minecraftforge.server.permission.PermissionAPI/]: Successfully initialized permission handler forge:default_handler
[2112月2025 13:20:18.675] [Server thread/INFO] [com.mo.economy_system.EconomySystem/]: 已设置动态MOTD: DreamingFish-EP01 
还没想好写什么....
[2112月2025 13:20:18.690] [Server thread/INFO] [STDOUT/]: [com.mo.economy_system.core.territory_system.TerritoryBuffManager:loadConfig:70]: ? 正在加载 Buff 配置...
[2112月2025 13:20:18.691] [Server thread/INFO] [STDOUT/]: [com.mo.economy_system.core.territory_system.TerritoryBuffManager:loadConfig:73]: ? 已加载 Buff: speed_boost（速度++）
[2112月2025 13:20:18.691] [Server thread/INFO] [STDOUT/]: [com.mo.economy_system.core.territory_system.TerritoryBuffManager:loadConfig:74]:    ? 效果 ID: minecraft:speed
[2112月2025 13:20:18.692] [Server thread/INFO] [STDOUT/]: [com.mo.economy_system.core.territory_system.TerritoryBuffManager:loadConfig:75]:    ? 初始解锁状态: false
[2112月2025 13:20:18.692] [Server thread/INFO] [STDOUT/]: [com.mo.economy_system.core.territory_system.TerritoryBuffManager:loadConfig:76]:    ? 初始等级: 0/3
[2112月2025 13:20:18.693] [Server thread/INFO] [STDOUT/]: [com.mo.economy_system.core.territory_system.TerritoryBuffManager:loadConfig:77]:    ? 单次升级增加: 1
[2112月2025 13:20:18.693] [Server thread/INFO] [STDOUT/]: [com.mo.economy_system.core.territory_system.TerritoryBuffManager:loadConfig:78]:    ? 升级成本:
[2112月2025 13:20:18.693] [Server thread/INFO] [STDOUT/]: [com.mo.economy_system.core.territory_system.TerritoryBuffManager:loadConfig:82]:   - 物品: minecraft:emerald x 5
[2112月2025 13:20:18.694] [Server thread/INFO] [STDOUT/]: [com.mo.economy_system.core.territory_system.TerritoryBuffManager:loadConfig:82]:   - 物品: minecraft:diamond x 2
[2112月2025 13:20:18.694] [Server thread/INFO] [STDOUT/]: [com.mo.economy_system.core.territory_system.TerritoryBuffManager:loadConfig:82]:   - 物品: minecraft:gold_ingot x 10
[2112月2025 13:20:18.695] [Server thread/INFO] [STDOUT/]: [com.mo.economy_system.core.territory_system.TerritoryBuffManager:loadConfig:84]:      - 经验: 5
[2112月2025 13:20:18.695] [Server thread/INFO] [STDOUT/]: [com.mo.economy_system.core.territory_system.TerritoryBuffManager:loadConfig:85]:      - 货币: 10
[2112月2025 13:20:18.695] [Server thread/INFO] [STDOUT/]: [com.mo.economy_system.core.territory_system.TerritoryBuffManager:loadConfig:87]: -----------------------------
[2112月2025 13:20:18.714] [Server thread/WARN] [ModernFix/]: Dedicated server took 52.324 seconds to load
[2112月2025 13:20:19.108] [Server thread/DEBUG] [mixin/]: Mixing common.world.ChunkSerializerMixin from starlight.mixins.json into net.minecraft.world.level.chunk.storage.ChunkSerializer
[2112月2025 13:20:19.109] [Server thread/DEBUG] [mixin/]: Mixing ChunkSerializerMixin from tectonic_1.20.1.mixins.json into net.minecraft.world.level.chunk.storage.ChunkSerializer
[2112月2025 13:20:32.968] [Server thread/DEBUG] [mixin/]: Mixing ai.pathing.BirdPathNodeMakerMixin from lithium.mixins.json into net.minecraft.world.level.pathfinder.FlyNodeEvaluator
[2112月2025 13:20:32.969] [Server thread/DEBUG] [mixin/]: lithium.mixins.json:ai.pathing.BirdPathNodeMakerMixin: Class version 61 required is higher than the class version supported by the current version of Mixin (JAVA_16 supports class version 60)
