[1912月2025 18:43:25.929] [main/INFO] [cpw.mods.modlauncher.Launcher/MODLAUNCHER]: ModLauncher running: args [--username, hanhanyu5014, --version, Dreamingfish-EP01, --gameDir, D:\Desktop\mc\.minecraft\versions\Dreamingfish-EP01, --assetsDir, D:\Desktop\mc\.minecraft\assets, --assetIndex, 5, --uuid, 000000000000300C9DBE991166FA1966, --accessToken, ????????, --clientId, ${clientid}, --xuid, ${auth_xuid}, --userType, msa, --versionType, PCL, --width, 854, --height, 480, --launchTarget, forgeclient, --fml.forgeVersion, 47.4.13, --fml.mcVersion, 1.20.1, --fml.forgeGroup, net.minecraftforge, --fml.mcpVersion, 20230612.114412]
[1912月2025 18:43:25.933] [main/INFO] [cpw.mods.modlauncher.Launcher/MODLAUNCHER]: ModLauncher 10.0.9+10.0.9+main.dcd20f30 starting: java version 21.0.9 by Oracle Corporation; OS Windows 11 arch amd64 version 10.0
[1912月2025 18:43:26.569] [main/INFO] [net.minecraftforge.fml.loading.ImmediateWindowHandler/]: Loading ImmediateWindowProvider fmlearlywindow
[1912月2025 18:43:26.847] [main/INFO] [EARLYDISPLAY/]: Trying GL version 4.6
[1912月2025 18:43:27.220] [main/INFO] [EARLYDISPLAY/]: Requested GL version 4.6 got version 4.6
[1912月2025 18:43:27.329] [main/INFO] [mixin/]: SpongePowered MIXIN Subsystem Version=0.8.5 Source=union:/D:/Desktop/mc/.minecraft/libraries/org/spongepowered/mixin/0.8.5/mixin-0.8.5.jar%23150!/ Service=ModLauncher Env=CLIENT
[1912月2025 18:43:27.538] [pool-2-thread-1/INFO] [EARLYDISPLAY/]: GL info: NVIDIA GeForce RTX 5060 Laptop GPU/PCIe/SSE2 GL version 4.6.0 NVIDIA 577.05, NVIDIA Corporation
[1912月2025 18:43:27.828] [main/WARN] [net.minecraftforge.fml.loading.moddiscovery.ModFileParser/LOADING]: Mod file D:\Desktop\mc\.minecraft\libraries\net\minecraftforge\fmlcore\1.20.1-47.4.13\fmlcore-1.20.1-47.4.13.jar is missing mods.toml file
[1912月2025 18:43:27.831] [main/WARN] [net.minecraftforge.fml.loading.moddiscovery.ModFileParser/LOADING]: Mod file D:\Desktop\mc\.minecraft\libraries\net\minecraftforge\javafmllanguage\1.20.1-47.4.13\javafmllanguage-1.20.1-47.4.13.jar is missing mods.toml file
[1912月2025 18:43:27.834] [main/WARN] [net.minecraftforge.fml.loading.moddiscovery.ModFileParser/LOADING]: Mod file D:\Desktop\mc\.minecraft\libraries\net\minecraftforge\lowcodelanguage\1.20.1-47.4.13\lowcodelanguage-1.20.1-47.4.13.jar is missing mods.toml file
[1912月2025 18:43:27.836] [main/WARN] [net.minecraftforge.fml.loading.moddiscovery.ModFileParser/LOADING]: Mod file D:\Desktop\mc\.minecraft\libraries\net\minecraftforge\mclanguage\1.20.1-47.4.13\mclanguage-1.20.1-47.4.13.jar is missing mods.toml file
[1912月2025 18:43:28.191] [main/INFO] [net.minecraftforge.fml.loading.moddiscovery.JarInJarDependencyLocator/]: Found 26 dependencies adding them to mods collection
[1912月2025 18:43:29.909] [main/INFO] [mixin/]: Compatibility level set to JAVA_17
[1912月2025 18:43:29.912] [main/ERROR] [mixin/]: Mixin config firstperson.mixins.json does not specify "minVersion" property
[1912月2025 18:43:29.943] [main/INFO] [mixin/]: Compatibility level set to JAVA_18
[1912月2025 18:43:29.956] [main/ERROR] [mixin/]: Mixin config mixin.tt20.json does not specify "minVersion" property
[1912月2025 18:43:30.126] [main/INFO] [mixin/]: Successfully loaded Mixin Connector [ca.spottedleaf.starlight.mixin.MixinConnector]
[1912月2025 18:43:30.126] [main/INFO] [cpw.mods.modlauncher.LaunchServiceHandler/MODLAUNCHER]: Launching target 'forgeclient' with arguments [--version, Dreamingfish-EP01, --gameDir, D:\Desktop\mc\.minecraft\versions\Dreamingfish-EP01, --assetsDir, D:\Desktop\mc\.minecraft\assets, --uuid, 000000000000300C9DBE991166FA1966, --username, hanhanyu5014, --assetIndex, 5, --accessToken, ????????, --clientId, ${clientid}, --xuid, ${auth_xuid}, --userType, msa, --versionType, PCL, --width, 854, --height, 480]
[1912月2025 18:43:30.280] [main/INFO] [ModernFix/]: Loaded configuration file for ModernFix 5.25.2+mc1.20.1: 98 options available, 1 override(s) found
[1912月2025 18:43:30.281] [main/WARN] [ModernFix/]: Option 'mixin.perf.thread_priorities' overriden (by mods [smoothboot]) to 'false'
[1912月2025 18:43:30.282] [main/INFO] [ModernFix/]: Applying Nashorn fix
[1912月2025 18:43:30.313] [main/INFO] [ModernFix/]: Applied Forge config corruption patch
[1912月2025 18:43:30.344] [main/INFO] [Embeddium/]: Loaded configuration file for Embeddium: 130 options available, 3 override(s) found
[1912月2025 18:43:30.347] [main/INFO] [Embeddium-GraphicsAdapterProbe/]: Searching for graphics cards...
[1912月2025 18:43:30.798] [main/INFO] [Embeddium-GraphicsAdapterProbe/]: Found graphics card: GraphicsAdapterInfo[vendor=UNKNOWN, name=GameViewer Virtual Display Adapter, version=DriverVersion=17.13.25.697]
[1912月2025 18:43:30.798] [main/INFO] [Embeddium-GraphicsAdapterProbe/]: Found graphics card: GraphicsAdapterInfo[vendor=NVIDIA, name=NVIDIA GeForce RTX 5060 Laptop GPU, version=DriverVersion=32.0.15.7705]
[1912月2025 18:43:30.805] [main/WARN] [Embeddium-Workarounds/]: Embeddium has applied one or more workarounds to prevent crashes or other issues on your system: [NVIDIA_THREADED_OPTIMIZATIONS]
[1912月2025 18:43:30.806] [main/WARN] [Embeddium-Workarounds/]: This is not necessarily an issue, but it may result in certain features or optimizations being disabled. You can sometimes fix these issues by upgrading your graphics driver.
[1912月2025 18:43:31.148] [main/INFO] [Radium Config/]: Loaded configuration file for Radium: 125 options available, 1 override(s) found
[1912月2025 18:43:31.153] [main/WARN] [mixin/]: Reference map 'OELib-common-api-1.20.1-common-api-refmap.json' for oelib.mixins.json could not be read. If this is a development environment you can ignore this message
[1912月2025 18:43:31.154] [main/WARN] [mixin/]: Reference map 'puzzlesaccessapi.common.refmap.json' for puzzlesaccessapi.common.mixins.json could not be read. If this is a development environment you can ignore this message
[1912月2025 18:43:31.218] [main/INFO] [ModernUI-MC/Init]: Iris API installed...
[1912月2025 18:43:31.271] [main/INFO] [Puzzles Lib/]: Loading 85 mods:
	- advancementplaques 1.6.9
	- appleskin 2.5.1+mc1.20.1
	- architectury 9.2.14
	- bettervillage 3.3.1
	- bookshelf 20.2.13
	- chat_heads 0.14.2
	- chatanimation 1.1.1
	- cloth_config 11.1.136
	- configured 2.2.3
	- controlling 12.0.2
	- creativecore 2.12.32
	- cupboard 1.20.1-2.7
	- eclipticseasons 0.12.5.4
	- economy_system 1.2.03
	- embeddium 0.3.31+mc1.20.1
		\-- rubidium 0.7.1
	- enchdesc 17.1.19
	- enhancedvisuals 1.8.2
	- entityculling 1.9.4
	- fancymenu 3.8.1
	- fastbench 8.0.4
	- fastfurnace 8.0.2
	- fastipping 1.0.7
	- ferritecore 6.0.1
	- firstperson 2.6.1
		|-- transition 1.0.11
		\-- trender 1.0.10
	- forge 47.4.13
	- gd656killicon 1.0.0RC5-1.20.1-forge
	- geckolib 4.8.2
	- iceberg 1.1.25
	- immediatelyfast 1.5.2+1.20.4
	- immersiveui 0.3.0
	- inventoryprofilesnext 1.10.19
	- jade 11.13.2+forge
	- jei 15.20.0.112
	- konkrete 1.8.0
	- kotlinforforge 4.12.0
	- krypton_fnp 0.2.25-1.20.1
	- libipn 4.0.2
	- libraryferret 4.0.0
	- lithostitched 1.4.11
	- mafglib 0.1.14-mc1.20.1
	- melody 1.0.2
	- minecraft 1.20.1
	- modernfix 5.25.2+mc1.20.1
	- modernui 3.12.0.1
	- mousetweaks 2.25.1
	- mr_dungeons_andtaverns 3.0.3.f
	- naturescompass 1.20.1-1.11.2-forge
	- notenoughanimations 1.10.6
	- octolib 0.5.0.1
	- oculus 1.8.0
	- oelib 0.0.6
	- particular 1.2.7
	- pickupnotifier 8.0.0
	- placebo 8.6.3
	- playerrevive 2.0.31
	- polymorph 0.49.10+1.20.1
		\-- spectrelib 0.13.17+1.20.1
	- presencefootsteps 1.20.1-1.9.1-beta.1
	- prism 1.0.5
	- puzzleslib 8.1.33
		\-- puzzlesaccessapi 20.1.1
	- radium 0.12.4+git.26c9d8e
	- regions_unexplored 0.5.6
	- searchables 1.0.3
	- servercore 1.5.2+1.20.1
	- shouldersurfing 1.20.1-4.17.0
	- smartkeyprompts 1.1.2
	- smoothboot 0.0.4
	- sophisticatedbackpacks 3.24.12.1411
	- sophisticatedcore 1.2.108.1253
	- spiffyhud 3.1.0
	- starlight 1.1.2+forge.1cda73c
	- structureessentials 1.20.1-4.8
	- tacz 1.1.7
	- tectonic 3.0.17
	- terrablender 3.0.1.10
	- toms_storage 1.7.1
	- tradeenchantmentdisplay 1.1.5
	- tritium 1.3.2
	- tt20 0.7.1
	- tweakerge 0.1.5-mc1.20.1
	- xaerominimap 25.2.10
	- xaeroworldmap 1.39.12
[1912月2025 18:43:31.436] [main/INFO] [com.cupboard.Cupboard/]: Loaded config for: structureessentials.json
[1912月2025 18:43:31.545] [main/INFO] [net.minecraftforge.coremod.CoreMod.placebo/COREMODLOG]: Patching IForgeItemStack#getEnchantmentLevel
[1912月2025 18:43:31.614] [main/INFO] [net.minecraftforge.coremod.CoreMod.placebo/COREMODLOG]: Patching IForgeItemStack#getEnchantmentLevel
[1912月2025 18:43:31.781] [main/WARN] [mixin/]: Error loading class: com/ultramega/showcaseitem/ShowcaseItemFeature (java.lang.ClassNotFoundException: com.ultramega.showcaseitem.ShowcaseItemFeature)
[1912月2025 18:43:31.993] [main/WARN] [mixin/]: Error loading class: mekanism/client/render/entity/RenderFlame (java.lang.ClassNotFoundException: mekanism.client.render.entity.RenderFlame)
[1912月2025 18:43:31.993] [main/WARN] [mixin/]: Error loading class: mekanism/client/render/armor/MekaSuitArmor (java.lang.ClassNotFoundException: mekanism.client.render.armor.MekaSuitArmor)
[1912月2025 18:43:32.022] [main/WARN] [IMixinConfigPlugin/]: Inventory Profiles Next: Doing our own dependency resolving! Because Forge is being Forge....: https://github.com/MinecraftForge/MinecraftForge/issues/9088
[1912月2025 18:43:32.025] [main/WARN] [mixin/]: Error loading class: de/maxhenkel/easyvillagers/blocks/tileentity/TraderTileentityBase (java.lang.ClassNotFoundException: de.maxhenkel.easyvillagers.blocks.tileentity.TraderTileentityBase)
[1912月2025 18:43:32.026] [main/WARN] [mixin/]: @Mixin target de.maxhenkel.easyvillagers.blocks.tileentity.TraderTileentityBase was not found mixins.ipnext.json:MixinTraderTileEntityBase
[1912月2025 18:43:32.056] [main/WARN] [Radium Config/]: Force-disabling mixin 'alloc.blockstate.StateMixin' as option 'mixin.alloc.blockstate' (added by mods [ferritecore]) disables it and children
[1912月2025 18:43:32.166] [main/WARN] [mixin/]: Error loading class: net/dries007/tfc/common/fluids/MixingFluid (java.lang.ClassNotFoundException: net.dries007.tfc.common.fluids.MixingFluid)
[1912月2025 18:43:32.167] [main/WARN] [mixin/]: @Mixin target net.dries007.tfc.common.fluids.MixingFluid was not found particular.mixins.json:compat.TFCMixingFluidMixin
[1912月2025 18:43:32.167] [main/WARN] [mixin/]: Error loading class: net/dries007/tfc/common/fluids/RiverWaterFluid (java.lang.ClassNotFoundException: net.dries007.tfc.common.fluids.RiverWaterFluid)
[1912月2025 18:43:32.167] [main/WARN] [mixin/]: @Mixin target net.dries007.tfc.common.fluids.RiverWaterFluid was not found particular.mixins.json:compat.TFCWaterMixin
[1912月2025 18:43:32.221] [main/WARN] [mixin/]: Error loading class: vazkii/quark/addons/oddities/inventory/BackpackMenu (java.lang.ClassNotFoundException: vazkii.quark.addons.oddities.inventory.BackpackMenu)
[1912月2025 18:43:32.327] [main/WARN] [mixin/]: Error loading class: de/mari_023/ae2wtlib/AE2WTLibCreativeTab (java.lang.ClassNotFoundException: de.mari_023.ae2wtlib.AE2WTLibCreativeTab)
[1912月2025 18:43:32.327] [main/WARN] [mixin/]: @Mixin target de.mari_023.ae2wtlib.AE2WTLibCreativeTab was not found tritium.mixins.json:memory.client.leakfix.AE2WTLibCreativeTabLeakFix
[1912月2025 18:43:32.379] [main/WARN] [Embeddium/]: Force-disabling mixin 'features.render.world.sky.WorldRendererMixin' as rule 'mixin.features.render.world.sky' (added by mods [oculus]) disables it and children
[1912月2025 18:43:32.380] [main/WARN] [Embeddium/]: Force-disabling mixin 'features.render.world.sky.ClientWorldMixin' as rule 'mixin.features.render.world.sky' (added by mods [oculus]) disables it and children
[1912月2025 18:43:32.380] [main/WARN] [Embeddium/]: Force-disabling mixin 'features.render.world.sky.BackgroundRendererMixin' as rule 'mixin.features.render.world.sky' (added by mods [oculus]) disables it and children
[1912月2025 18:43:32.381] [main/WARN] [Embeddium/]: Force-disabling mixin 'features.render.gui.font.GlyphRendererMixin' as rule 'mixin.features.render.gui.font' (added by mods [oculus]) disables it and children
[1912月2025 18:43:32.381] [main/WARN] [Embeddium/]: Force-disabling mixin 'features.render.gui.font.FontSetMixin' as rule 'mixin.features.render.gui.font' (added by mods [oculus]) disables it and children
[1912月2025 18:43:32.381] [main/WARN] [Embeddium/]: Force-disabling mixin 'features.render.entity.shadows.EntityRenderDispatcherMixin' as rule 'mixin.features.render.entity' (added by mods [oculus]) disables it and children
[1912月2025 18:43:32.381] [main/WARN] [Embeddium/]: Force-disabling mixin 'features.render.entity.remove_streams.ModelPartMixin' as rule 'mixin.features.render.entity' (added by mods [oculus]) disables it and children
[1912月2025 18:43:32.381] [main/WARN] [Embeddium/]: Force-disabling mixin 'features.render.entity.remove_streams.HierarchicalModelMixin' as rule 'mixin.features.render.entity' (added by mods [oculus]) disables it and children
[1912月2025 18:43:32.381] [main/WARN] [Embeddium/]: Force-disabling mixin 'features.render.entity.fast_render.ModelPartMixin' as rule 'mixin.features.render.entity' (added by mods [oculus]) disables it and children
[1912月2025 18:43:32.381] [main/WARN] [Embeddium/]: Force-disabling mixin 'features.render.entity.fast_render.CuboidMixin' as rule 'mixin.features.render.entity' (added by mods [oculus]) disables it and children
[1912月2025 18:43:32.381] [main/WARN] [Embeddium/]: Force-disabling mixin 'features.render.entity.cull.EntityRendererMixin' as rule 'mixin.features.render.entity' (added by mods [oculus]) disables it and children
[1912月2025 18:43:32.473] [main/INFO] [MixinExtras|Service/]: Initializing MixinExtras via com.llamalad7.mixinextras.service.MixinExtrasServiceImpl(version=0.5.0).
[1912月2025 18:43:33.112] [main/INFO] [Smooth Boot (Reloaded)/]: Smooth Boot (Reloaded) config initialized
[1912月2025 18:43:34.055] [pool-4-thread-1/INFO] [net.minecraft.server.Bootstrap/]: ModernFix reached bootstrap stage (10.13 s after launch)
[1912月2025 18:43:34.173] [pool-4-thread-1/WARN] [mixin/]: @Final field delegatesByName:Ljava/util/Map; in modernfix-forge.mixins.json:perf.forge_registry_alloc.ForgeRegistryMixin should be final
[1912月2025 18:43:34.173] [pool-4-thread-1/WARN] [mixin/]: @Final field delegatesByValue:Ljava/util/Map; in modernfix-forge.mixins.json:perf.forge_registry_alloc.ForgeRegistryMixin should be final
[1912月2025 18:43:34.257] [pool-4-thread-1/INFO] [ModernFix/]: Injecting BlockStateBase cache population hook into getOpacityIfCached from ca.spottedleaf.starlight.mixin.common.blockstate.BlockStateBaseMixin
[1912月2025 18:43:34.257] [pool-4-thread-1/INFO] [ModernFix/]: Injecting BlockStateBase cache population hook into getNeighborPathNodeType from me.jellysquid.mods.lithium.mixin.ai.pathing.AbstractBlockStateMixin
[1912月2025 18:43:34.258] [pool-4-thread-1/INFO] [ModernFix/]: Injecting BlockStateBase cache population hook into getPathNodeType from me.jellysquid.mods.lithium.mixin.ai.pathing.AbstractBlockStateMixin
[1912月2025 18:43:34.258] [pool-4-thread-1/INFO] [ModernFix/]: Injecting BlockStateBase cache population hook into redirect$zdm000$genCacheBeforeGettingTicking from org.embeddedt.modernfix.common.mixin.perf.reduce_blockstate_cache_rebuilds.BlockStateBaseMixin
[1912月2025 18:43:34.258] [pool-4-thread-1/INFO] [ModernFix/]: Injecting BlockStateBase cache population hook into eclipticseasons$tick from com.teamtea.eclipticseasons.mixin.common.block.MixinBlockStateBase
[1912月2025 18:43:34.258] [pool-4-thread-1/INFO] [ModernFix/]: Injecting BlockStateBase cache population hook into isConditionallyFullOpaque from ca.spottedleaf.starlight.mixin.common.blockstate.BlockStateBaseMixin
[1912月2025 18:43:34.258] [pool-4-thread-1/INFO] [ModernFix/]: Injecting BlockStateBase cache population hook into eclipticseasons$getType from com.teamtea.eclipticseasons.mixin.common.block.MixinBlockStateBase
[1912月2025 18:43:34.258] [pool-4-thread-1/INFO] [ModernFix/]: Injecting BlockStateBase cache population hook into getAllFlags from me.jellysquid.mods.lithium.mixin.util.block_tracking.AbstractBlockStateMixin
[1912月2025 18:43:34.599] [pool-4-thread-1/INFO] [net.minecraftforge.coremod.CoreMod.placebo/COREMODLOG]: Patching IForgeItemStack#getEnchantmentLevel
[1912月2025 18:43:34.603] [pool-4-thread-1/INFO] [net.minecraftforge.coremod.CoreMod.placebo/COREMODLOG]: Patching IForgeItemStack#getEnchantmentLevel
[1912月2025 18:43:34.824] [pool-4-thread-1/WARN] [mixin/]: Method overwrite conflict for m_122372_ in embeddium.mixins.json:features.render.immediate.DirectionMixin, previously written by org.craftamethyst.tritium.mixin.client.renderer.immediate.DirectionMixin. Skipping method.
[1912月2025 18:43:35.224] [pool-4-thread-1/INFO] [net.minecraftforge.coremod.CoreMod.placebo/COREMODLOG]: Patching IForgeItemStack#getEnchantmentLevel
[1912月2025 18:43:35.224] [pool-4-thread-1/INFO] [net.minecraftforge.coremod.CoreMod.placebo/COREMODLOG]: Patching IForgeItemStack#getEnchantmentLevel
[1912月2025 18:43:35.248] [pool-4-thread-1/INFO] [net.minecraft.server.Bootstrap/]: Vanilla bootstrap took 1189 milliseconds
[1912月2025 18:43:37.111] [pool-4-thread-1/WARN] [mixin/]: Static binding violation: PRIVATE @Overwrite method m_47505_ in modernfix-common.mixins.json:perf.remove_biome_temperature_cache.BiomeMixin cannot reduce visibiliy of PUBLIC target method, visibility will be upgraded.
[1912月2025 18:43:37.114] [pool-4-thread-1/WARN] [mixin/]: Method overwrite conflict for m_47505_ in lithium.mixins.json:world.temperature_cache.BiomeMixin, previously written by org.embeddedt.modernfix.common.mixin.perf.remove_biome_temperature_cache.BiomeMixin. Skipping method.
[1912月2025 18:43:37.753] [Render thread/WARN] [net.minecraft.server.packs.VanillaPackResourcesBuilder/]: Assets URL 'union:/D:/Desktop/mc/.minecraft/libraries/net/minecraft/client/1.20.1-20230612.114412/client-1.20.1-20230612.114412-srg.jar%23314!/assets/.mcassetsroot' uses unexpected schema
[1912月2025 18:43:37.753] [Render thread/WARN] [net.minecraft.server.packs.VanillaPackResourcesBuilder/]: Assets URL 'union:/D:/Desktop/mc/.minecraft/libraries/net/minecraft/client/1.20.1-20230612.114412/client-1.20.1-20230612.114412-srg.jar%23314!/data/.mcassetsroot' uses unexpected schema
[1912月2025 18:43:37.790] [Render thread/INFO] [com.mojang.authlib.yggdrasil.YggdrasilAuthenticationService/]: Environment: authHost='https://authserver.mojang.com', accountsHost='https://api.mojang.com', sessionHost='https://sessionserver.mojang.com', servicesHost='https://api.minecraftservices.com', name='PROD'
[1912月2025 18:43:38.989] [Render thread/ERROR] [net.minecraft.client.Minecraft/]: Failed to verify authentication
com.mojang.authlib.exceptions.InvalidCredentialsException: Status: 401
	at com.mojang.authlib.exceptions.MinecraftClientHttpException.toAuthenticationException(MinecraftClientHttpException.java:56) ~[authlib-4.0.43.jar%2390!/:?]
	at com.mojang.authlib.yggdrasil.YggdrasilUserApiService.fetchProperties(YggdrasilUserApiService.java:156) ~[authlib-4.0.43.jar%2390!/:?]
	at com.mojang.authlib.yggdrasil.YggdrasilUserApiService.<init>(YggdrasilUserApiService.java:55) ~[authlib-4.0.43.jar%2390!/:?]
	at com.mojang.authlib.yggdrasil.YggdrasilAuthenticationService.createUserApiService(YggdrasilAuthenticationService.java:124) ~[authlib-4.0.43.jar%2390!/:?]
	at net.minecraft.client.Minecraft.m_193585_(Minecraft.java:649) ~[client-1.20.1-20230612.114412-srg.jar%23314!/:?]
	at net.minecraft.client.Minecraft.<init>(Minecraft.java:413) ~[client-1.20.1-20230612.114412-srg.jar%23314!/:?]
	at net.minecraft.client.main.Main.main(Main.java:182) ~[Dreamingfish-EP01.jar:?]
	at jdk.internal.reflect.DirectMethodHandleAccessor.invoke(DirectMethodHandleAccessor.java:103) ~[?:?]
	at java.lang.reflect.Method.invoke(Method.java:580) ~[?:?]
	at net.minecraftforge.fml.loading.targets.CommonLaunchHandler.runTarget(CommonLaunchHandler.java:111) ~[fmlloader-1.20.1-47.4.13.jar:?]
	at net.minecraftforge.fml.loading.targets.CommonLaunchHandler.clientService(CommonLaunchHandler.java:99) ~[fmlloader-1.20.1-47.4.13.jar:?]
	at net.minecraftforge.fml.loading.targets.CommonClientLaunchHandler.lambda$makeService$0(CommonClientLaunchHandler.java:25) ~[fmlloader-1.20.1-47.4.13.jar:?]
	at cpw.mods.modlauncher.LaunchServiceHandlerDecorator.launch(LaunchServiceHandlerDecorator.java:30) ~[modlauncher-10.0.9.jar:?]
	at cpw.mods.modlauncher.LaunchServiceHandler.launch(LaunchServiceHandler.java:53) ~[modlauncher-10.0.9.jar:?]
	at cpw.mods.modlauncher.LaunchServiceHandler.launch(LaunchServiceHandler.java:71) ~[modlauncher-10.0.9.jar:?]
	at cpw.mods.modlauncher.Launcher.run(Launcher.java:108) ~[modlauncher-10.0.9.jar:?]
	at cpw.mods.modlauncher.Launcher.main(Launcher.java:78) ~[modlauncher-10.0.9.jar:?]
	at cpw.mods.modlauncher.BootstrapLaunchConsumer.accept(BootstrapLaunchConsumer.java:26) ~[modlauncher-10.0.9.jar:?]
	at cpw.mods.modlauncher.BootstrapLaunchConsumer.accept(BootstrapLaunchConsumer.java:23) ~[modlauncher-10.0.9.jar:?]
	at cpw.mods.bootstraplauncher.BootstrapLauncher.main(BootstrapLauncher.java:141) ~[bootstraplauncher-1.1.2.jar:?]
	at jdk.internal.reflect.DirectMethodHandleAccessor.invoke(DirectMethodHandleAccessor.java:103) ~[?:?]
	at java.lang.reflect.Method.invoke(Method.java:580) ~[?:?]
	at oolloo.jlw.Wrapper.invokeMain(Wrapper.java:112) ~[?:?]
	at oolloo.jlw.Wrapper.main(Wrapper.java:105) ~[?:?]
Caused by: com.mojang.authlib.exceptions.MinecraftClientHttpException: Status: 401
	at com.mojang.authlib.minecraft.client.MinecraftClient.readInputStream(MinecraftClient.java:85) ~[authlib-4.0.43.jar%2390!/:?]
	at com.mojang.authlib.minecraft.client.MinecraftClient.get(MinecraftClient.java:48) ~[authlib-4.0.43.jar%2390!/:?]
	at com.mojang.authlib.yggdrasil.YggdrasilUserApiService.fetchProperties(YggdrasilUserApiService.java:129) ~[authlib-4.0.43.jar%2390!/:?]
	... 22 more
[1912月2025 18:43:38.990] [Render thread/INFO] [net.minecraft.client.Minecraft/]: Setting user: hanhanyu5014
[1912月2025 18:43:39.032] [Render thread/INFO] [ModernFix/]: Bypassed Mojang DFU
[1912月2025 18:43:39.103] [Render thread/INFO] [mixin/]: BeforeConstant is searching for constants in method with descriptor (Lnet/minecraft/network/chat/Component;Lnet/minecraft/client/GuiMessageTag;)V
[1912月2025 18:43:39.103] [Render thread/INFO] [mixin/]:   BeforeConstant found STRING constant: value = , stringValue = null
[1912月2025 18:43:39.103] [Render thread/INFO] [mixin/]:     BeforeConstant found a matching constant TYPE at ordinal 0
[1912月2025 18:43:39.103] [Render thread/INFO] [mixin/]:       BeforeConstant found LdcInsn 
[1912月2025 18:43:39.103] [Render thread/INFO] [mixin/]:   BeforeConstant found STRING constant: value = \\r, stringValue = null
[1912月2025 18:43:39.103] [Render thread/INFO] [mixin/]:     BeforeConstant found a matching constant TYPE at ordinal 1
[1912月2025 18:43:39.103] [Render thread/INFO] [mixin/]:       BeforeConstant found LdcInsn \\r
[1912月2025 18:43:39.103] [Render thread/INFO] [mixin/]:   BeforeConstant found STRING constant: value = 
, stringValue = null
[1912月2025 18:43:39.103] [Render thread/INFO] [mixin/]:     BeforeConstant found a matching constant TYPE at ordinal 2
[1912月2025 18:43:39.103] [Render thread/INFO] [mixin/]:       BeforeConstant found LdcInsn 

[1912月2025 18:43:39.103] [Render thread/INFO] [mixin/]:   BeforeConstant found STRING constant: value = \\n, stringValue = null
[1912月2025 18:43:39.103] [Render thread/INFO] [mixin/]:     BeforeConstant found a matching constant TYPE at ordinal 3
[1912月2025 18:43:39.103] [Render thread/INFO] [mixin/]:       BeforeConstant found LdcInsn \\n
[1912月2025 18:43:39.103] [Render thread/INFO] [mixin/]:   BeforeConstant found CLASS constant: value = Ljava/lang/String;, typeValue = null
[1912月2025 18:43:39.104] [Render thread/INFO] [mixin/]:   BeforeConstant found STRING constant: value = [{}] [CHAT] {}, stringValue = null
[1912月2025 18:43:39.104] [Render thread/INFO] [mixin/]:     BeforeConstant found a matching constant TYPE at ordinal 4
[1912月2025 18:43:39.104] [Render thread/INFO] [mixin/]:       BeforeConstant found LdcInsn [{}] [CHAT] {}
[1912月2025 18:43:39.104] [Render thread/INFO] [mixin/]:   BeforeConstant found STRING constant: value = [CHAT] {}, stringValue = null
[1912月2025 18:43:39.104] [Render thread/INFO] [mixin/]:     BeforeConstant found a matching constant TYPE at ordinal 5
[1912月2025 18:43:39.104] [Render thread/INFO] [mixin/]:       BeforeConstant found LdcInsn [CHAT] {}
[1912月2025 18:43:39.156] [Render thread/INFO] [net.minecraft.client.Minecraft/]: Backend library: LWJGL version 3.3.1 build 7
[1912月2025 18:43:39.220] [Render thread/INFO] [ModernUI-MC/Init]: Created MuiForgeAPI
[1912月2025 18:43:39.220] [Render thread/INFO] [ModernUI-MC/Init]: Detected OpenGL 4.6 Core Profile from FML Early Window
[1912月2025 18:43:39.221] [Render thread/WARN] [Embeddium-NvidiaWorkarounds/]: Applying workaround: Prevent the NVIDIA OpenGL driver from using broken optimizations (NVIDIA_THREADED_OPTIMIZATIONS)
[1912月2025 18:43:39.223] [Render thread/ERROR] [Embeddium-MixinTaintDetector/]: Mod mixin into Embeddium internals detected. This instance is now tainted. The Embeddium team does not provide any guarantee of support for issues encountered while such mods are installed.
[1912月2025 18:43:39.223] [Render thread/WARN] [Embeddium-MixinTaintDetector/]: Mod(s) [oculus] are modifying Embeddium class me.jellysquid.mods.sodium.client.gui.SodiumGameOptions, which may cause instability.
[1912月2025 18:43:39.241] [Render thread/INFO] [Embeddium-PostlaunchChecks/]: OpenGL Vendor: NVIDIA Corporation
[1912月2025 18:43:39.241] [Render thread/INFO] [Embeddium-PostlaunchChecks/]: OpenGL Renderer: NVIDIA GeForce RTX 5060 Laptop GPU/PCIe/SSE2
[1912月2025 18:43:39.241] [Render thread/INFO] [Embeddium-PostlaunchChecks/]: OpenGL Version: 4.6.0 NVIDIA 577.05
[1912月2025 18:43:39.241] [Render thread/WARN] [Embeddium-PostlaunchChecks/]: Enabling secondary workaround for NVIDIA threaded optimizations
[1912月2025 18:43:39.285] [Render thread/INFO] [ImmediatelyFast/]: Initializing ImmediatelyFast 1.5.2+1.20.4 on NVIDIA GeForce RTX 5060 Laptop GPU/PCIe/SSE2 (NVIDIA Corporation) with OpenGL 4.6.0 NVIDIA 577.05
[1912月2025 18:43:39.285] [Render thread/INFO] [ImmediatelyFast/]: Found Iris/Oculus 1.8.0. Enabling compatibility.
[1912月2025 18:43:39.398] [Render thread/INFO] [Arc3D/]: Identified OpenGL vendor: NVIDIA
[1912月2025 18:43:39.398] [Render thread/INFO] [Arc3D/]: Identified OpenGL driver: NVIDIA
[1912月2025 18:43:39.399] [Render thread/INFO] [Arc3D/]: Using OpenGL 4.6 and GLSL 4.50
[1912月2025 18:43:39.399] [Render thread/INFO] [Arc3D/]: Use NV_conservative_raster
[1912月2025 18:43:39.399] [Render thread/INFO] [Arc3D/]: Use NV_blend_equation_advanced_coherent
[1912月2025 18:43:39.435] [Render thread/INFO] [ModernUI/Core]: OpenGL vendor: NVIDIA Corporation
[1912月2025 18:43:39.436] [Render thread/INFO] [ModernUI/Core]: OpenGL renderer: NVIDIA GeForce RTX 5060 Laptop GPU/PCIe/SSE2
[1912月2025 18:43:39.436] [Render thread/INFO] [ModernUI/Core]: OpenGL version: 4.6.0 NVIDIA 577.05
[1912月2025 18:43:39.436] [Render thread/INFO] [ModernUI/Core]: OpenGL caps: 
AnisotropySupport: true
GpuTracingSupport: false
ConservativeRasterSupport: true
TextureBarrierSupport: true
DepthClipNegativeOneToOne: true
BlendEquationSupport: ADVANCED_COHERENT
ClampToBorderSupport: true
MaxRenderTargetSize: 32768
MaxPreferredRenderTargetSize: 32768
MaxVertexAttributes: 16
MaxVertexBindings: 16
MaxTextureSize: 32768
MaxPushConstantsSize: 0
MaxColorAttachments: 8
MinUniformBufferOffsetAlignment: 256
MinStorageBufferOffsetAlignment: 16
ShaderCaps:
	TargetAPI: OPENGL_4_5
	GLSLVersion: GLSL_450
	SPIRVVersion: null
	FMASupport: true
	DualSourceBlendingSupport: true
	PreferFlatInterpolation: true
	VertexIDSupport: true
	InfinitySupport: true
	NonConstantArrayIndexSupport: true
	BitManipulationSupport: true
	NoPerspectiveInterpolationSupport: true
	ReducedShaderMode: false
	TextureQueryLod: true
	UseUniformBinding: true
	UseVaryingLocation: true
	UseBlockMemberOffset: true
	UsePrecisionModifiers: false
	RequiresLocalOutputColorForFBFetch: false
	MustObfuscateUniformColor: false
	MustWriteToFragColor: false
	ColorSpaceMathNeedsFloat: false
	AvoidDfDxForGradientsWhenPossible: false
	SecondaryOutputExtension: null
	AdvBlendEqInteraction: 1
	MaxFragmentSamplers: 32
Vendor: NVIDIA
Driver: NVIDIA
MaxFragmentUniformVectors: 1024
MaxTextureMaxAnisotropy: 16.0
SupportsProtected: false
SkipErrorChecks: true
MaxLabelLength: 256
DebugSupport: true
BufferStorageSupport: true
DrawElementsBaseVertexSupport: true
BaseInstanceSupport: true
DSASupport: true
InvalidateBufferType: 2
InvalidateFramebufferSupport: true
VertexAttribBindingSupport: true
CopyImageSupport: true
SPIRVSupport: false
ViewCompatibilityClassSupport: true
TexStorageSupport: true
ProgramBinarySupport: true
ProgramBinaryFormats: [36385]
GLSLVersion: 460
ColorTypeToBackendFormat:
	UNKNOWN=>GLenum [0x0]
	BGR_565=>RGB565
	R_8=>R8
	RG_88=>RG8
	RGB_888=>RGB8
	RGBX_8888=>GLenum [0x0]
	RGBA_8888=>RGBA8
	BGRA_8888=>RGBA8
	RGBA_8888_SRGB=>SRGB8_ALPHA8
	RGBA_1010102=>RGB10_A2
	BGRA_1010102=>RGB10_A2
	R_16=>GLenum [0x0]
	R_F16=>GLenum [0x0]
	RG_1616=>RG16
	RG_F16=>RG16F
	RGBA_16161616=>RGBA16
	RGBA_F16=>RGBA16F
	RGBA_F16_CLAMPED=>RGBA16F
	RGBA_F32=>GLenum [0x0]
	ALPHA_8=>R8
	ALPHA_16=>R16
	ALPHA_F16=>R16F
	GRAY_8=>R8
	GRAY_ALPHA_88=>RG8
	ABGR_8888=>GLenum [0x0]
	ARGB_8888=>GLenum [0x0]
CompressionTypeToBackendFormat: [null, {mBackend=OpenGL, mFormat=ETC2}, {mBackend=OpenGL, mFormat=RGB8_BC1}, {mBackend=OpenGL, mFormat=RGBA8_BC1}]

[1912月2025 18:43:39.438] [Render thread/INFO] [Oculus/]: Debug functionality is disabled.
[1912月2025 18:43:39.439] [Render thread/INFO] [Oculus/]: OpenGL 4.5 detected, enabling DSA.
[1912月2025 18:43:39.640] [Render thread/WARN] [Oculus/]: Invalid pack option: cloudVolumeEnabled
[1912月2025 18:43:39.640] [Render thread/WARN] [Oculus/]: Invalid pack option: cloudVolumeEnabled
[1912月2025 18:43:39.640] [Render thread/WARN] [Oculus/]: Invalid pack option: cloudVolumeEnabled
[1912月2025 18:43:39.641] [Render thread/WARN] [Oculus/]: Tried to get boolean value for unknown option: 1, defaulting to true!
[1912月2025 18:43:39.641] [Render thread/WARN] [Oculus/]: Tried to get boolean value for unknown option: 1, defaulting to true!
[1912月2025 18:43:39.641] [Render thread/WARN] [Oculus/]: Tried to get boolean value for unknown option: 1, defaulting to true!
[1912月2025 18:43:39.641] [Render thread/WARN] [Oculus/]: Tried to get boolean value for unknown option: 1, defaulting to true!
[1912月2025 18:43:39.641] [Render thread/WARN] [Oculus/]: Tried to get boolean value for unknown option: 1, defaulting to true!
[1912月2025 18:43:39.641] [Render thread/WARN] [Oculus/]: Tried to get boolean value for unknown option: (1 || 1 || 1 || 1), defaulting to true!
[1912月2025 18:43:39.641] [Render thread/WARN] [Oculus/]: Tried to get boolean value for unknown option: 1, defaulting to true!
[1912月2025 18:43:39.641] [Render thread/WARN] [Oculus/]: Tried to get boolean value for unknown option: 1, defaulting to true!
[1912月2025 18:43:39.641] [Render thread/WARN] [Oculus/]: Tried to get boolean value for unknown option: 1, defaulting to true!
[1912月2025 18:43:39.641] [Render thread/WARN] [Oculus/]: Tried to get boolean value for unknown option: 1, defaulting to true!
[1912月2025 18:43:39.641] [Render thread/WARN] [Oculus/]: Tried to get boolean value for unknown option: 1, defaulting to true!
[1912月2025 18:43:39.641] [Render thread/WARN] [Oculus/]: Tried to get boolean value for unknown option: 1, defaulting to true!
[1912月2025 18:43:39.641] [Render thread/WARN] [Oculus/]: Tried to get boolean value for unknown option: 1, defaulting to true!
[1912月2025 18:43:39.641] [Render thread/WARN] [Oculus/]: Tried to get boolean value for unknown option: 1, defaulting to true!
[1912月2025 18:43:39.641] [Render thread/WARN] [Oculus/]: Tried to get boolean value for unknown option: 1, defaulting to true!
[1912月2025 18:43:39.641] [Render thread/WARN] [Oculus/]: Tried to get boolean value for unknown option: 1, defaulting to true!
[1912月2025 18:43:39.641] [Render thread/WARN] [Oculus/]: Tried to get boolean value for unknown option: 1, defaulting to true!
[1912月2025 18:43:39.641] [Render thread/WARN] [Oculus/]: Tried to get boolean value for unknown option: 1, defaulting to true!
[1912月2025 18:43:39.641] [Render thread/WARN] [Oculus/]: Tried to get boolean value for unknown option: 1, defaulting to true!
[1912月2025 18:43:39.643] [Render thread/WARN] [Oculus/]: Unable to resolve shader pack option menu element "customIceEnabled" defined in shaders.properties
[1912月2025 18:43:39.646] [Render thread/INFO] [Oculus/]: Profile: Custom (+9 options changed by user)
[1912月2025 18:43:39.994] [Render thread/INFO] [Oculus/]: Using shaderpack: (汉化)Kappa_v5.3.zip
[1912月2025 18:43:40.185] [modloading-worker-0/INFO] [Tritium/]: Loading...

  ______       _  __   _                 
 /_  __/_____ (_)/ /_ (_)__  __ ____ ___ 
  / /  / ___// // __// // / / // __ `__ \
 / /  / /   / // /_ / // /_/ // / / / / /
/_/  /_/   /_/ \__//_/ \__,_//_/ /_/ /_/ 
                                         
Version: 1.3.2 | Platform: Forge | Environment: production


[1912月2025 18:43:40.186] [modloading-worker-0/INFO] [me.fallenbreath.fastipping.FastIpPingMod/]: ping & connect fast!
[1912月2025 18:43:40.200] [modloading-worker-0/INFO] [com.cupboard.Cupboard/]: Loaded config for: cupboard.json
[1912月2025 18:43:40.203] [modloading-worker-0/INFO] [de.keksuccino.melody.Melody/]: [MELODY] Loading Melody background audio library..
[1912月2025 18:43:40.205] [modloading-worker-0/INFO] [FirstPersonModel/]: Loading FirstPerson Mod
[1912月2025 18:43:40.240] [modloading-worker-0/INFO] [com.jtorleonstudios.libraryferret.LibraryFerret/]: Initialize mod Library Ferret
[1912月2025 18:43:40.311] [modloading-worker-0/INFO] [particular/]: I am quite particular about the effects I choose to add :3
[1912月2025 18:43:40.321] [modloading-worker-0/INFO] [STDOUT/]: [dev.tr7zw.trender.gui.impl.client.LibGuiClient:onInitializeClient:34]: [LibGui] Initializing Client...
[1912月2025 18:43:40.337] [modloading-worker-0/WARN] [Embeddium-MixinTaintDetector/]: Mod(s) [oculus] are modifying Embeddium class me.jellysquid.mods.sodium.client.gui.SodiumOptionsGUI, which may cause instability.
[1912月2025 18:43:40.353] [modloading-worker-0/INFO] [com.jtorleonstudios.libraryferret.LibraryFerret/]: Initialized mod Library Ferret
[1912月2025 18:43:40.354] [modloading-worker-0/INFO] [oelib/]: Data registry initialized with 0 registered types
[1912月2025 18:43:40.385] [modloading-worker-0/INFO] [net.minecraftforge.common.ForgeMod/FORGEMOD]: Forge mod loading, version 47.4.13, for MC 1.20.1 with MCP 20230612.114412
[1912月2025 18:43:40.385] [modloading-worker-0/INFO] [net.minecraftforge.common.MinecraftForge/FORGE]: MinecraftForge v47.4.13 Initialized
[1912月2025 18:43:40.387] [modloading-worker-0/INFO] [STDOUT/]: [yalter.mousetweaks.Logger:Log:6]: [Mouse Tweaks] Main.initialize()
[1912月2025 18:43:40.387] [modloading-worker-0/WARN] [Tritium/]: No accessor found for field path: performance.fastFurnace.fastFurnace
[1912月2025 18:43:40.388] [modloading-worker-0/WARN] [Tritium/]: No accessor found for field path: performance.blockStateCache.blockStatePairKeyCache
[1912月2025 18:43:40.388] [modloading-worker-0/WARN] [Tritium/]: No accessor found for field path: performance.endIslandOptimization.enableEndIslandOptimization
[1912月2025 18:43:40.388] [modloading-worker-0/WARN] [Tritium/]: No accessor found for field path: performance.mathOptimizations.enableMathOptimizations
[1912月2025 18:43:40.388] [modloading-worker-0/WARN] [Tritium/]: No accessor found for field path: performance.mathOptimizations.optimizeLerpFunctions
[1912月2025 18:43:40.388] [modloading-worker-0/WARN] [Tritium/]: No accessor found for field path: performance.mathOptimizations.optimizeLengthSquared
[1912月2025 18:43:40.388] [modloading-worker-0/WARN] [Tritium/]: No accessor found for field path: performance.mathOptimizations.optimizeRandomFunctions
[1912月2025 18:43:40.388] [modloading-worker-0/WARN] [Tritium/]: No accessor found for field path: performance.lightingOptimizations.enableLightingOptimizations
[1912月2025 18:43:40.388] [modloading-worker-0/WARN] [Tritium/]: No accessor found for field path: performance.lightingOptimizations.optimizeDynamicGraph
[1912月2025 18:43:40.388] [modloading-worker-0/WARN] [Tritium/]: No accessor found for field path: performance.lightingOptimizations.bambooLight
[1912月2025 18:43:40.392] [modloading-worker-0/WARN] [Tritium/]: No accessor found for field path: rendering.cro.chest_rendering_optimization
[1912月2025 18:43:40.392] [modloading-worker-0/WARN] [Tritium/]: No accessor found for field path: rendering.fastBlit.fastBlit
[1912月2025 18:43:40.392] [modloading-worker-0/WARN] [Tritium/]: No accessor found for field path: rendering.GpuPlus.gpuPlus
[1912月2025 18:43:40.392] [modloading-worker-0/WARN] [Tritium/]: No accessor found for field path: rendering.GpuPlus.gpuPlusVbo
[1912月2025 18:43:40.392] [modloading-worker-0/WARN] [Tritium/]: No accessor found for field path: rendering.GpuPlus.gpuPlusIndex
[1912月2025 18:43:40.392] [modloading-worker-0/WARN] [Tritium/]: No accessor found for field path: rendering.reflex.enableReflex
[1912月2025 18:43:40.392] [modloading-worker-0/WARN] [Tritium/]: No accessor found for field path: rendering.reflex.reflexDebug
[1912月2025 18:43:40.397] [modloading-worker-0/WARN] [Tritium/]: No accessor found for field path: rendering.reflex.reflexOffsetNs
[1912月2025 18:43:40.397] [modloading-worker-0/WARN] [Tritium/]: No accessor found for field path: rendering.reflex.MAX_FPS
[1912月2025 18:43:40.397] [modloading-worker-0/WARN] [Tritium/]: No accessor found for field path: rendering.entityCulling.enableCulling
[1912月2025 18:43:40.397] [modloading-worker-0/WARN] [Tritium/]: No accessor found for field path: rendering.entityCulling.enableBlockEntityCulling
[1912月2025 18:43:40.397] [modloading-worker-0/WARN] [Tritium/]: No accessor found for field path: rendering.entityCulling.enableTickStopping
[1912月2025 18:43:40.397] [modloading-worker-0/WARN] [Tritium/]: No accessor found for field path: rendering.entityCulling.enableNameTagCulling
[1912月2025 18:43:40.397] [modloading-worker-0/WARN] [Tritium/]: No accessor found for field path: rendering.entityCulling.entityBlacklist
[1912月2025 18:43:40.397] [modloading-worker-0/WARN] [Tritium/]: No accessor found for field path: rendering.leafCulling.enableLeafCulling
[1912月2025 18:43:40.397] [modloading-worker-0/WARN] [Tritium/]: No accessor found for field path: rendering.leafCulling.hideInnerLeaves
[1912月2025 18:43:40.397] [modloading-worker-0/WARN] [Tritium/]: No accessor found for field path: rendering.leafCulling.enableFaceOcclusionCulling
[1912月2025 18:43:40.397] [modloading-worker-0/WARN] [Tritium/]: No accessor found for field path: clientOptimizations.FL.fastLanguageSwitch
[1912月2025 18:43:40.397] [modloading-worker-0/WARN] [Tritium/]: No accessor found for field path: clientOptimizations.FastResourcePack.resourcePackCache
[1912月2025 18:43:40.397] [modloading-worker-0/WARN] [Tritium/]: No accessor found for field path: clientOptimizations.dynamicFPS.enable
[1912月2025 18:43:40.397] [modloading-worker-0/WARN] [Tritium/]: No accessor found for field path: clientOptimizations.dynamicFPS.minimizedFPS
[1912月2025 18:43:40.397] [modloading-worker-0/WARN] [Tritium/]: No accessor found for field path: entities.entityOpt.optimizeEntities
[1912月2025 18:43:40.397] [modloading-worker-0/WARN] [Tritium/]: No accessor found for field path: entities.entityOpt.tickRaidersInRaid
[1912月2025 18:43:40.397] [modloading-worker-0/WARN] [Tritium/]: No accessor found for field path: entities.entityOpt.ite
[1912月2025 18:43:40.397] [modloading-worker-0/WARN] [Tritium/]: No accessor found for field path: entities.entityOpt.horizontalRange
[1912月2025 18:43:40.397] [modloading-worker-0/WARN] [Tritium/]: No accessor found for field path: entities.entityOpt.verticalRange
[1912月2025 18:43:40.398] [modloading-worker-0/WARN] [Tritium/]: No accessor found for field path: entities.entityOpt.entityWhitelist
[1912月2025 18:43:40.398] [modloading-worker-0/WARN] [Tritium/]: No accessor found for field path: entities.entityStacking.enable
[1912月2025 18:43:40.398] [modloading-worker-0/WARN] [Tritium/]: No accessor found for field path: entities.entityStacking.lockMaxedStacks
[1912月2025 18:43:40.398] [modloading-worker-0/WARN] [Tritium/]: No accessor found for field path: entities.entityStacking.showStackCount
[1912月2025 18:43:40.398] [modloading-worker-0/WARN] [Tritium/]: No accessor found for field path: entities.entityStacking.maxStackSize
[1912月2025 18:43:40.398] [modloading-worker-0/WARN] [Tritium/]: No accessor found for field path: entities.entityStacking.mergeCooldown
[1912月2025 18:43:40.398] [modloading-worker-0/WARN] [Tritium/]: No accessor found for field path: entities.entityStacking.mergeDistance
[1912月2025 18:43:40.398] [modloading-worker-0/WARN] [Tritium/]: No accessor found for field path: entities.entityStacking.listMode
[1912月2025 18:43:40.398] [modloading-worker-0/WARN] [Tritium/]: No accessor found for field path: entities.entityStacking.itemList
[1912月2025 18:43:40.398] [modloading-worker-0/WARN] [Tritium/]: No accessor found for field path: techOptimizations.createOptimizations.enableRailOffloading
[1912月2025 18:43:40.398] [modloading-worker-0/WARN] [Tritium/]: No accessor found for field path: techOptimizations.lambdaEventListeners.lambdaEventListeners
[1912月2025 18:43:40.399] [modloading-worker-0/WARN] [Tritium/]: No accessor found for field path: fixes.buttonFix.buttonFix
[1912月2025 18:43:40.399] [modloading-worker-0/WARN] [Tritium/]: No accessor found for field path: fixes.noGLog.noGLog
[1912月2025 18:43:40.399] [modloading-worker-0/WARN] [Tritium/]: No accessor found for field path: fixes.memoryLeakFix.AE2WTLibCreativeTabLeakFix
[1912月2025 18:43:40.399] [modloading-worker-0/WARN] [Tritium/]: No accessor found for field path: fixes.memoryLeakFix.ScreenshotByteBufferLeakFix
[1912月2025 18:43:40.399] [modloading-worker-0/WARN] [Tritium/]: No accessor found for field path: fixes.beeFixes.enableBeeFixes
[1912月2025 18:43:40.399] [modloading-worker-0/WARN] [Tritium/]: No accessor found for field path: fixes.beeFixes.fixWeatherInNether
[1912月2025 18:43:40.399] [modloading-worker-0/WARN] [Tritium/]: No accessor found for field path: fixes.beeFixes.fixBeeRandomPos
[1912月2025 18:43:40.399] [modloading-worker-0/WARN] [Tritium/]: No accessor found for field path: fixes.beeFixes.fixBeeGravity
[1912月2025 18:43:40.399] [modloading-worker-0/WARN] [Tritium/]: No accessor found for field path: fixes.beeFixes.fixBeeTurtleEgg
[1912月2025 18:43:40.399] [modloading-worker-0/WARN] [Tritium/]: No accessor found for field path: serverPerformance.noiseSamplingCache.noiseSamplingCache
[1912月2025 18:43:40.399] [modloading-worker-0/WARN] [Tritium/]: No accessor found for field path: serverPerformance.jigsawOptimizations.enableJigsawOptimizations
[1912月2025 18:43:40.399] [modloading-worker-0/WARN] [Tritium/]: No accessor found for field path: serverPerformance.jigsawOptimizations.enableOctreeCollisionDetection
[1912月2025 18:43:40.399] [modloading-worker-0/WARN] [Tritium/]: No accessor found for field path: serverPerformance.jigsawOptimizations.enableFastWeightedSampling
[1912月2025 18:43:40.399] [modloading-worker-0/WARN] [Tritium/]: No accessor found for field path: serverPerformance.jigsawOptimizations.enableStructureBlockFiltering
[1912月2025 18:43:40.399] [modloading-worker-0/WARN] [Tritium/]: No accessor found for field path: serverPerformance.jigsawOptimizations.enableJigsawGenerationCheck
[1912月2025 18:43:40.399] [modloading-worker-0/WARN] [Tritium/]: No accessor found for field path: serverPerformance.asyncWorldSave.asyncWorldSave
[1912月2025 18:43:40.399] [modloading-worker-0/WARN] [Tritium/]: No accessor found for field path: serverPerformance.asyncWorldSave.asyncWorldSaveTimeoutSeconds
[1912月2025 18:43:40.401] [modloading-worker-0/INFO] [Enchantment Descriptions/]: Loaded config file.
[1912月2025 18:43:40.407] [modloading-worker-0/INFO] [Tritium/]: Default configuration validation passed for mod: tritium
[1912月2025 18:43:40.411] [modloading-worker-0/INFO] [Enchantment Descriptions/]: Saved config file.
[1912月2025 18:43:40.412] [modloading-worker-0/INFO] [STDOUT/]: [yalter.mousetweaks.Logger:Log:6]: [Mouse Tweaks] Initialized.
[1912月2025 18:43:40.427] [modloading-worker-0/INFO] [Tritium/]: [Server DEBUG] Starting config system initialization
[1912月2025 18:43:40.427] [modloading-worker-0/INFO] [Tritium/]: [Server DEBUG] Config path: config\tritium\tritium_config.toml
[1912月2025 18:43:40.427] [modloading-worker-0/INFO] [Tritium/]: [Server DEBUG] Config file already exists
[1912月2025 18:43:40.478] [modloading-worker-0/INFO] [Puzzles Lib/]: Constructing common components for pickupnotifier:main
[1912月2025 18:43:40.486] [modloading-worker-0/INFO] [de.keksuccino.konkrete.Konkrete/]: [KONKRETE] Successfully initialized!
[1912月2025 18:43:40.486] [modloading-worker-0/INFO] [de.keksuccino.konkrete.Konkrete/]: [KONKRETE] Server-side libs ready to use!
[1912月2025 18:43:40.501] [modloading-worker-0/INFO] [Tritium/]: Config registered successfully for mod: tritium (environment: client)
[1912月2025 18:43:40.501] [modloading-worker-0/INFO] [Tritium/]: Config initialized
[1912月2025 18:43:40.507] [modloading-worker-0/INFO] [oelib/]: No datapack data loaded yet; deferring expression engine initialization
[1912月2025 18:43:40.507] [modloading-worker-0/INFO] [Tritium/]: Client ok
[1912月2025 18:43:40.509] [modloading-worker-0/INFO] [dev.architectury.networking.forge.NetworkManagerImpl/]: Registering S2C receiver with id architectury:sync_ids
[1912月2025 18:43:40.518] [modloading-worker-0/INFO] [dev.architectury.networking.forge.NetworkManagerImpl/]: Registering C2S receiver with id architectury:sync_ids
[1912月2025 18:43:40.518] [modloading-worker-0/INFO] [dev.architectury.networking.forge.NetworkManagerImpl/]: Registering S2C receiver with id octolib:config_sync
[1912月2025 18:43:40.519] [modloading-worker-0/INFO] [Tritium/]: Config screen registered for mod: tritium
[1912月2025 18:43:40.528] [modloading-worker-0/INFO] [one.pkg.config.SewliaConfig/]: All configurations saved
[1912月2025 18:43:40.533] [modloading-worker-0/INFO] [one.pkg.config.SewliaConfig/]: Reloaded configuration: ModConfig
[1912月2025 18:43:40.533] [modloading-worker-0/INFO] [one.pkg.config.SewliaConfig/]: Successfully initialized configuration manager, loaded 1 configuration classes
[1912月2025 18:43:40.533] [modloading-worker-0/WARN] [one.pkg.mod.krypton_fnp.shared.ModSharedBootstrap/]: ================= KRYPTON FNP =================
[1912月2025 18:43:40.533] [modloading-worker-0/WARN] [one.pkg.mod.krypton_fnp.shared.ModSharedBootstrap/]: Do not send messages about your game malfunctioning due to KryptonFNP in places the author cannot see.
[1912月2025 18:43:40.533] [modloading-worker-0/WARN] [one.pkg.mod.krypton_fnp.shared.ModSharedBootstrap/]: The author is unaware of this bug and therefore cannot fix it!
[1912月2025 18:43:40.533] [modloading-worker-0/WARN] [one.pkg.mod.krypton_fnp.shared.ModSharedBootstrap/]: Please send feedback via CurseForge, Github, or Discord so the author can quickly locate the issue!
[1912月2025 18:43:40.533] [modloading-worker-0/WARN] [one.pkg.mod.krypton_fnp.shared.ModSharedBootstrap/]: ===============================================
[1912月2025 18:43:40.533] [modloading-worker-0/INFO] [one.pkg.mod.krypton_fnp.shared.ModSharedBootstrap/]: Krypton is now accelerating your Minecraft client's networking stack ?
[1912月2025 18:43:40.533] [modloading-worker-0/INFO] [one.pkg.mod.krypton_fnp.shared.ModSharedBootstrap/]: Note that Krypton is most effective on servers, not the client.
[1912月2025 18:43:40.577] [modloading-worker-0/INFO] [de.keksuccino.fancymenu.FancyMenu/]: [FANCYMENU] Loading v3.8.1 in client-side mode on FORGE!
[1912月2025 18:43:40.694] [modloading-worker-0/INFO] [de.keksuccino.spiffyhud.SpiffyHud/]: [SPIFFY HUD] Loading v3.1.0 in client-side mode on FORGE!
[1912月2025 18:43:40.734] [modloading-worker-0/INFO] [Bookshelf/]: Fixing MC-151457. Crafting remainder for minecraft:pufferfish_bucket is now minecraft:bucket.
[1912月2025 18:43:40.734] [modloading-worker-0/INFO] [Bookshelf/]: Fixing MC-151457. Crafting remainder for minecraft:salmon_bucket is now minecraft:bucket.
[1912月2025 18:43:40.735] [modloading-worker-0/INFO] [Bookshelf/]: Fixing MC-151457. Crafting remainder for minecraft:cod_bucket is now minecraft:bucket.
[1912月2025 18:43:40.735] [modloading-worker-0/INFO] [Bookshelf/]: Fixing MC-151457. Crafting remainder for minecraft:tropical_fish_bucket is now minecraft:bucket.
[1912月2025 18:43:40.735] [modloading-worker-0/INFO] [Bookshelf/]: Fixing MC-151457. Crafting remainder for minecraft:axolotl_bucket is now minecraft:bucket.
[1912月2025 18:43:40.735] [modloading-worker-0/INFO] [Bookshelf/]: Fixing MC-151457. Crafting remainder for minecraft:powder_snow_bucket is now minecraft:bucket.
[1912月2025 18:43:40.735] [modloading-worker-0/INFO] [Bookshelf/]: Fixing MC-151457. Crafting remainder for minecraft:tadpole_bucket is now minecraft:bucket.
[1912月2025 18:43:40.755] [modloading-worker-0/INFO] [PFSolver/]: Presence Footsteps starting
[1912月2025 18:43:40.762] [modloading-worker-0/INFO] [one.pkg.mod.krypton_fnp.shared.ModSharedBootstrap/]: Compression will use RecastXZ 2 (Windows x86_64), encryption will use Java
[1912月2025 18:43:40.801] [modloading-worker-0/INFO] [me.wesley1808.servercore.common.ServerCore/]: [ServerCore] Loaded V1.5.2+1.20.1!
[1912月2025 18:43:40.818] [modloading-worker-0/INFO] [Puzzles Lib/]: Constructing client components for pickupnotifier:main
[1912月2025 18:43:40.896] [modloading-worker-0/INFO] [Puzzles Lib/]: Constructing common components for puzzleslib:main
[1912月2025 18:43:40.913] [modloading-worker-0/INFO] [com.mo.economy_system.EconomySystem/]: Economy System Mod Initialized!
[1912月2025 18:43:40.932] [modloading-worker-0/INFO] [com.mo.economy_system.EconomySystem/]: 玩家数据文件已存在：config\economy_system\player_data.json
[1912月2025 18:43:41.050] [modloading-worker-0/INFO] [Puzzles Lib/]: Constructing client components for puzzleslib:main
[1912月2025 18:43:41.135] [modloading-worker-0/INFO] [mezz.jei.library.load.PluginCaller/]: Sending ConfigManager...
[1912月2025 18:43:41.142] [modloading-worker-0/INFO] [mezz.jei.library.load.PluginCaller/]: Sending ConfigManager took 5.830 ms
[1912月2025 18:43:41.142] [modloading-worker-0/INFO] [com.mo.economy_system.EconomySystem/]: 玩家任务数据文件已存在：config\economy_system\task_player_data.json
[1912月2025 18:43:41.142] [modloading-worker-0/INFO] [com.mo.economy_system.EconomySystem/]: 服务器任务数据文件已存在：config\economy_system\task_server_data.json
[1912月2025 18:43:41.204] [modloading-worker-0/INFO] [ModernUI-MC/UIManager]: UI manager initialized
[1912月2025 18:43:41.595] [modloading-worker-0/INFO] [ModernUI-MC/Init]: Created TextLayoutEngine
[1912月2025 18:43:41.597] [modloading-worker-0/INFO] [ModernUI-MC/Init]: Initialized Modern UI text engine
[1912月2025 18:43:41.598] [modloading-worker-0/INFO] [ModernUI-MC/Init]: Initialized Modern UI client
[1912月2025 18:43:41.598] [modloading-worker-0/INFO] [ModernUI-MC/Init]: Initialized Modern UI
[1912月2025 18:43:41.891] [UI thread/INFO] [ModernUI-MC/UIManager]: UI thread initialized in 717ms
[1912月2025 18:43:41.894] [modloading-worker-0/INFO] [Inventory Profiles Next/]: [Inventory Profiles Next] Inventory Profiles Next - init in Kotlin
[1912月2025 18:43:41.922] [modloading-worker-0/INFO] [thedarkcolour.kotlinforforge.test.KotlinForForge/]: Kotlin For Forge Enabled!
[1912月2025 18:43:41.957] [modloading-worker-0/INFO] [libIPN/]: [libIPN] libIPN - init in Kotlin
[1912月2025 18:43:43.874] [Render thread/INFO] [ModernFix/]: Replacing search trees with 'JEI' provider
[1912月2025 18:43:49.609] [Render thread/INFO] [tacz/GunPackFinder]: Start scanning for gun packs in D:\Desktop\mc\.minecraft\versions\Dreamingfish-EP01\tacz
[1912月2025 18:43:49.611] [Render thread/INFO] [tacz/GunPackFinder]: - tacz_default_gun, Main namespace: tacz
[1912月2025 18:43:49.611] [Render thread/INFO] [tacz/GunPackFinder]: Found 1 possible gunpack(s) and added them to resource set.
[1912月2025 18:43:49.924] [Render thread/INFO] [Embeddium/]: Block minecraft:spruce_leaves had its color provider replaced and will not use per-vertex coloring
[1912月2025 18:43:49.924] [Render thread/INFO] [Embeddium/]: Block minecraft:birch_leaves had its color provider replaced and will not use per-vertex coloring
[1912月2025 18:43:49.925] [Render thread/INFO] [Embeddium/]: Block minecraft:mangrove_leaves had its color provider replaced and will not use per-vertex coloring
[1912月2025 18:43:50.045] [Render thread/INFO] [Oculus/]: Hardware information:
[1912月2025 18:43:50.045] [Render thread/INFO] [Oculus/]: CPU: 32x AMD Ryzen 9 8945HX with Radeon Graphics 
[1912月2025 18:43:50.045] [Render thread/INFO] [Oculus/]: GPU: NVIDIA GeForce RTX 5060 Laptop GPU/PCIe/SSE2 (Supports OpenGL 4.6.0 NVIDIA 577.05)
[1912月2025 18:43:50.045] [Render thread/INFO] [Oculus/]: OS: Windows 11 (10.0)
[1912月2025 18:43:50.048] [Render thread/INFO] [Tritium-Reflex/]: Using high-precision timestamp queries
[1912月2025 18:43:50.066] [Render thread/WARN] [Embeddium-MixinTaintDetector/]: Mod(s) [oculus] are modifying Embeddium class me.jellysquid.mods.sodium.client.render.vertex.VertexFormatDescriptionImpl, which may cause instability.
[1912月2025 18:43:50.071] [Render thread/WARN] [Embeddium-MixinTaintDetector/]: Mod(s) [oculus] are modifying Embeddium class me.jellysquid.mods.sodium.client.render.vertex.buffer.SodiumBufferBuilder, which may cause instability.
[1912月2025 18:43:50.091] [Render thread/WARN] [Embeddium-MixinTaintDetector/]: Mod(s) [oculus] are modifying Embeddium class me.jellysquid.mods.sodium.client.render.SodiumWorldRenderer, which may cause instability.
[1912月2025 18:43:50.234] [Finalizer/WARN] [ModernFix/]: One or more BufferBuilders have been leaked, ModernFix will attempt to correct this.
[1912月2025 18:43:50.378] [Render thread/INFO] [net.minecraft.client.Minecraft/]: [FANCYMENU] Registering resource reload listener..
[1912月2025 18:43:50.408] [Render thread/INFO] [ModernUI-MC/TextLayout]: Preloaded modern text shaders
[1912月2025 18:43:50.418] [Worker-Main-2/ERROR] [net.minecraft.client.multiplayer.AccountProfileKeyPairManager/]: Failed to retrieve profile key pair
java.io.IOException: Could not retrieve profile key pair
	at net.minecraft.client.multiplayer.AccountProfileKeyPairManager.m_253252_(AccountProfileKeyPairManager.java:129) ~[client-1.20.1-20230612.114412-srg.jar%23314!/:?]
	at net.minecraft.client.multiplayer.AccountProfileKeyPairManager.m_252828_(AccountProfileKeyPairManager.java:74) ~[client-1.20.1-20230612.114412-srg.jar%23314!/:?]
	at java.util.concurrent.CompletableFuture$AsyncSupply.run(CompletableFuture.java:1768) ~[?:?]
	at java.util.concurrent.CompletableFuture$AsyncSupply.exec(CompletableFuture.java:1760) ~[?:?]
	at java.util.concurrent.ForkJoinTask.doExec(ForkJoinTask.java:387) ~[?:?]
	at java.util.concurrent.ForkJoinPool$WorkQueue.topLevelExec(ForkJoinPool.java:1310) ~[?:?]
	at java.util.concurrent.ForkJoinPool.scan(ForkJoinPool.java:1841) ~[?:?]
	at java.util.concurrent.ForkJoinPool.runWorker(ForkJoinPool.java:1806) ~[?:?]
	at java.util.concurrent.ForkJoinWorkerThread.run(ForkJoinWorkerThread.java:188) ~[?:?]
[1912月2025 18:43:50.431] [Render thread/INFO] [de.keksuccino.fancymenu.customization.ScreenCustomization/]: [FANCYMENU] Initializing screen customization engine! Addons should NOT REGISTER TO REGISTRIES anymore now!
[1912月2025 18:43:50.602] [Render thread/INFO] [de.keksuccino.fancymenu.customization.layer.ScreenCustomizationLayerHandler/]: [FANCYMENU] Minecraft resource reload: STARTING
[1912月2025 18:43:50.602] [Render thread/INFO] [net.minecraft.server.packs.resources.ReloadableResourceManager/]: Reloading ResourceManager: eclipticseasons.extra_snow, tacz_resources, vanilla, mod_resources
[1912月2025 18:43:50.656] [modloading-worker-0/INFO] [Puzzles Lib/]: Loading client config for pickupnotifier
[1912月2025 18:43:50.664] [Render thread/INFO] [de.keksuccino.fancymenu.FancyMenu/]: [FANCYMENU] Starting late client initialization phase..
[1912月2025 18:43:50.706] [Worker-ResourceReload-16/INFO] [ModernUI-MC/Glyph]: Scanned emoji shortcodes: 6923
[1912月2025 18:43:51.035] [ForkJoinPool.commonPool-worker-4/INFO] [ModernUI-MC/TextLayout]: Redirect registered font 'mui-i18n-compat' to 'modernui:mui-i18n-compat'
[1912月2025 18:43:51.035] [ForkJoinPool.commonPool-worker-4/INFO] [ModernUI-MC/Init]: Registered font 'mui-i18n-compat', location 'modernui:font/muii18ncompat/muii18ncompat.ttf' in pack: 'mod_resources'
[1912月2025 18:43:51.049] [ForkJoinPool.commonPool-worker-5/WARN] [ModernUI/Font]: Failed to lookup in registered fonts, original font: java.awt.Font[family=思源黑体 CN Medium,name=思源黑体 CN Medium,style=plain,size=1], full name: 思源黑体 CN Medium
[1912月2025 18:43:51.051] [ForkJoinPool.commonPool-worker-5/INFO] [ModernUI-MC/TextLayout]: Redirect registered font 'Source Han Sans CN Medium' to 'modernui:source-han-sans-cn-medium'
[1912月2025 18:43:51.051] [ForkJoinPool.commonPool-worker-5/INFO] [ModernUI-MC/Init]: Registered font 'Source Han Sans CN Medium', location 'modernui:font/source-han-sans-cn-medium.otf' in pack: 'mod_resources'
[1912月2025 18:43:51.051] [ForkJoinPool.commonPool-worker-3/INFO] [ModernUI-MC/TextLayout]: Redirect registered font 'JetBrains Mono Medium' to 'modernui:jetbrains-mono-medium'
[1912月2025 18:43:51.052] [ForkJoinPool.commonPool-worker-3/INFO] [ModernUI-MC/Init]: Registered font 'JetBrains Mono Medium', location 'modernui:font/jetbrains-mono-medium.ttf' in pack: 'mod_resources'
[1912月2025 18:43:51.052] [ForkJoinPool.commonPool-worker-1/INFO] [ModernUI-MC/TextLayout]: Redirect registered font 'Inter Frozen Medium' to 'modernui:inter-frozen-medium'
[1912月2025 18:43:51.052] [ForkJoinPool.commonPool-worker-1/INFO] [ModernUI-MC/Init]: Registered font 'Inter Frozen Medium', location 'modernui:font/inter-frozen-medium-italic.otf' in pack: 'mod_resources'
[1912月2025 18:43:51.053] [ForkJoinPool.commonPool-worker-2/INFO] [ModernUI-MC/Init]: Registered font 'Inter Frozen Medium', location 'modernui:font/inter-frozen-medium.otf' in pack: 'mod_resources'
[1912月2025 18:43:51.101] [modloading-worker-0/INFO] [ModernUI-MC/Init]: Font 'Noto Sans' failed to load or invalid
[1912月2025 18:43:51.116] [Worker-ResourceReload-15/INFO] [ModernUI-MC/Glyph]: Scanned emoji map size: 3581
[1912月2025 18:43:51.129] [modloading-worker-0/INFO] [ModernUI-MC/Init]: Font 'San Francisco' failed to load or invalid
[1912月2025 18:43:51.152] [modloading-worker-0/INFO] [ModernUI-MC/Init]: Font 'Open Sans' failed to load or invalid
[1912月2025 18:43:51.182] [modloading-worker-0/INFO] [ModernUI-MC/Init]: Font 'STHeiti' failed to load or invalid
[1912月2025 18:43:51.183] [modloading-worker-0/INFO] [ModernUI-MC/Init]: Loaded typeface: FontCollection{mFamilies=[Inter Frozen Medium, Source Han Sans CN Medium, Segoe UI Variable, Segoe UI, SimHei, Segoe UI Symbol, mui-i18n-compat], mExclusiveEastAsianBits=null}
[1912月2025 18:43:51.222] [Render thread/INFO] [ModernUI-MC/TextLayout]: Loaded smart SDF text shaders
[1912月2025 18:43:51.223] [Render thread/INFO] [ModernUI-MC/Glyph]: Reloaded glyph manager
[1912月2025 18:43:51.233] [Render thread/INFO] [ModernUI-MC/TextLayout]: Reloaded text layout engine, res level: 2 to 2, locale: zh_CN, layout RTL: false
[1912月2025 18:43:51.291] [modloading-worker-0/INFO] [com.tom.storagemod.StorageMod/]: Loaded Tom's Simple Storage config file toms_storage-common.toml
[1912月2025 18:43:51.556] [Worker-ResourceReload-14/INFO] [ModernUI-MC/TextLayout]: Loaded raw font 'minecraft:alt' in pack: 'vanilla'
[1912月2025 18:43:51.558] [Worker-ResourceReload-14/INFO] [ModernUI-MC/TextLayout]: Loaded raw font bundle: 'minecraft:font/alt.json', font set: [minecraft:include/space,minecraft:font/ascii_sga.png]
[1912月2025 18:43:51.558] [Worker-ResourceReload-14/INFO] [ModernUI-MC/TextLayout]: Loaded raw font 'minecraft:default' in pack: 'vanilla'
[1912月2025 18:43:51.558] [Worker-ResourceReload-14/INFO] [ModernUI-MC/TextLayout]: Loaded raw font bundle: 'minecraft:font/default.json', font set: [minecraft:include/space,minecraft:include/default]
[1912月2025 18:43:51.560] [Worker-ResourceReload-14/INFO] [ModernUI-MC/TextLayout]: Loaded raw font 'minecraft:illageralt' in pack: 'vanilla'
[1912月2025 18:43:51.560] [Worker-ResourceReload-14/INFO] [ModernUI-MC/TextLayout]: Loaded raw font bundle: 'minecraft:font/illageralt.json', font set: [minecraft:include/space,minecraft:font/asciillager.png]
[1912月2025 18:43:51.635] [Worker-ResourceReload-8/INFO] [com.structureessentials.StructureEssentials/]: structureessentials mod initialized
[1912月2025 18:43:51.654] [Worker-ResourceReload-14/INFO] [ModernUI-MC/TextLayout]: Loaded raw font 'minecraft:include/default' in pack: 'vanilla'
[1912月2025 18:43:51.654] [Worker-ResourceReload-14/INFO] [ModernUI-MC/TextLayout]: Loaded raw font bundle: 'minecraft:font/include/default.json', font set: [minecraft:font/nonlatin_european.png,minecraft:font/accented.png,minecraft:font/ascii.png]
[1912月2025 18:43:51.739] [Worker-ResourceReload-14/INFO] [ModernUI-MC/TextLayout]: Loaded raw font 'minecraft:include/space' in pack: 'vanilla'
[1912月2025 18:43:51.739] [Worker-ResourceReload-14/INFO] [ModernUI-MC/TextLayout]: Loaded raw font bundle: 'minecraft:font/include/space.json', font set: [minecraft:include/space / minecraft:space]
[1912月2025 18:43:51.741] [Worker-ResourceReload-14/INFO] [ModernUI-MC/TextLayout]: Loaded raw font 'eclipticseasons:monsoon_icons' in pack: 'mod_resources'
[1912月2025 18:43:51.741] [Worker-ResourceReload-14/INFO] [ModernUI-MC/TextLayout]: Loaded raw font bundle: 'eclipticseasons:font/monsoon_icons.json', font set: [eclipticseasons:font/season_phase/dry_end.png,eclipticseasons:font/season_phase/dry_middle.png,eclipticseasons:font/season_phase/dry_start.png,eclipticseasons:font/season_phase/rain_end.png,eclipticseasons:font/season_phase/rain_middle.png,eclipticseasons:font/season_phase/rain_start.png,eclipticseasons:font/season_phase/wet_end.png,eclipticseasons:font/season_phase/wet_middle.png,eclipticseasons:font/season_phase/wet_start.png]
[1912月2025 18:43:51.743] [Worker-ResourceReload-14/INFO] [ModernUI-MC/TextLayout]: Loaded raw font 'eclipticseasons:solar_icons' in pack: 'mod_resources'
[1912月2025 18:43:51.743] [Worker-ResourceReload-14/INFO] [ModernUI-MC/TextLayout]: Loaded raw font bundle: 'eclipticseasons:font/solar_icons.json', font set: [eclipticseasons:font/seasons_icons_font.png]
[1912月2025 18:43:51.769] [Worker-ResourceReload-14/INFO] [ModernUI-MC/TextLayout]: Loaded font: 'minecraft:include/space', font set: [minecraft:include/space / minecraft:space]
[1912月2025 18:43:51.770] [Worker-ResourceReload-14/INFO] [ModernUI-MC/TextLayout]: Loaded font: 'minecraft:include/default', font set: [minecraft:font/nonlatin_european.png,minecraft:font/accented.png,minecraft:font/ascii.png]
[1912月2025 18:43:51.770] [Worker-ResourceReload-14/INFO] [ModernUI-MC/TextLayout]: Loaded font: 'minecraft:default', font set: [minecraft:include/space / minecraft:space,minecraft:font/nonlatin_european.png,minecraft:font/accented.png,minecraft:font/ascii.png]
[1912月2025 18:43:51.770] [Worker-ResourceReload-14/INFO] [ModernUI-MC/TextLayout]: Loaded font: 'minecraft:illageralt', font set: [minecraft:include/space / minecraft:space,minecraft:font/asciillager.png]
[1912月2025 18:43:51.770] [Worker-ResourceReload-14/INFO] [ModernUI-MC/TextLayout]: Loaded font: 'eclipticseasons:monsoon_icons', font set: [eclipticseasons:font/season_phase/dry_end.png,eclipticseasons:font/season_phase/dry_middle.png,eclipticseasons:font/season_phase/dry_start.png,eclipticseasons:font/season_phase/rain_end.png,eclipticseasons:font/season_phase/rain_middle.png,eclipticseasons:font/season_phase/rain_start.png,eclipticseasons:font/season_phase/wet_end.png,eclipticseasons:font/season_phase/wet_middle.png,eclipticseasons:font/season_phase/wet_start.png]
[1912月2025 18:43:51.770] [Worker-ResourceReload-14/INFO] [ModernUI-MC/TextLayout]: Loaded font: 'eclipticseasons:solar_icons', font set: [eclipticseasons:font/seasons_icons_font.png]
[1912月2025 18:43:51.770] [Worker-ResourceReload-14/INFO] [ModernUI-MC/TextLayout]: Loaded font: 'minecraft:alt', font set: [minecraft:include/space / minecraft:space,minecraft:font/ascii_sga.png]
[1912月2025 18:43:51.794] [Worker-ResourceReload-14/INFO] [com.tom.storagemod.StorageMod/]: Tom's Storage Setup starting
[1912月2025 18:43:51.824] [Worker-ResourceReload-14/INFO] [com.tom.storagemod.StorageMod/]: Initilaized Network Handler
[1912月2025 18:43:51.895] [Worker-ResourceReload-6/INFO] [net.snackbag.tt20.TT20/]: Starting TT20...
[1912月2025 18:43:51.898] [Worker-ResourceReload-23/WARN] [net.minecraft.client.renderer.texture.SpriteLoader/]: Texture economy_system:item/wormhole_potion with size 156x156 limits mip level from 4 to 2
[1912月2025 18:43:51.899] [Worker-ResourceReload-23/WARN] [net.minecraft.client.renderer.texture.SpriteLoader/]: Texture economy_system:item/guitar with size 2846x2366 limits mip level from 2 to 1
[1912月2025 18:43:51.902] [ForkJoinPool.commonPool-worker-2/INFO] [net.snackbag.tt20.TT20/]: (TT20) Checking for updates...
[1912月2025 18:43:51.961] [Worker-ResourceReload-25/INFO] [oelib/]: Registered network packet: DataSyncChunkPacket (mod: oelib, ID: 0, Side: BOTH, NetworkDirection: BOTH, Chunk Threshold: No chunking bytes)
[1912月2025 18:43:51.961] [Worker-ResourceReload-25/INFO] [oelib/]: Created SimpleChannel for mod oelib: oelib:main
[1912月2025 18:43:51.968] [Worker-ResourceReload-25/WARN] [oelib/]: Packet DataSyncChunkPacket is already registered for mod oelib, skipping
[1912月2025 18:43:51.968] [Worker-ResourceReload-25/INFO] [oelib/]: Registered builtin data sync packets
[1912月2025 18:43:51.968] [Worker-ResourceReload-25/INFO] [oelib/]: Network manager initialized
[1912月2025 18:43:52.093] [Render thread/WARN] [chat_heads/]: disabled "Before Name" rendermode due to incompatibility with modernui
[1912月2025 18:43:52.100] [Forge Version Check/INFO] [net.minecraftforge.fml.VersionChecker/]: [controlling] Starting version check at https://updates.blamejared.com/get?n=controlling&gv=1.20.1
[1912月2025 18:43:52.177] [Worker-ResourceReload-19/WARN] [net.minecraft.client.resources.model.ModelBakery/]: Unable to load model: 'economy_system:guitar#inventory' referenced from: economy_system:guitar#inventory: java.io.FileNotFoundException: economy_system:models/item/guitar.json
[1912月2025 18:43:52.178] [Worker-ResourceReload-19/WARN] [net.minecraft.client.resources.model.ModelBakery/]: Unable to load model: 'economy_system:hive_zombie_spawn_egg#inventory' referenced from: economy_system:hive_zombie_spawn_egg#inventory: java.io.FileNotFoundException: economy_system:models/item/hive_zombie_spawn_egg.json
[1912月2025 18:43:52.241] [Render thread/INFO] [terrablender/]: Registered region minecraft:overworld to index 0 for type OVERWORLD
[1912月2025 18:43:52.242] [Render thread/INFO] [terrablender/]: Registered region minecraft:nether to index 0 for type NETHER
[1912月2025 18:43:52.242] [Render thread/INFO] [terrablender/]: Registered region regions_unexplored:primary to index 1 for type OVERWORLD
[1912月2025 18:43:52.242] [Render thread/INFO] [terrablender/]: Registered region regions_unexplored:secondary to index 2 for type OVERWORLD
[1912月2025 18:43:52.243] [Render thread/INFO] [terrablender/]: Registered region regions_unexplored:nether to index 1 for type NETHER
[1912月2025 18:43:52.299] [Worker-ResourceReload-19/INFO] [eclipticseasons/]: Try to register extra model definitions with size 25.
[1912月2025 18:43:52.529] [Render thread/INFO] [tacz/SYNCED_ENTITY_DATA_TAC_COPY]: Registered synced data key tacz:shoot_cool_down for minecraft:living_entity
[1912月2025 18:43:52.529] [Render thread/INFO] [tacz/SYNCED_ENTITY_DATA_TAC_COPY]: Registered synced data key tacz:melee_cool_down for minecraft:living_entity
[1912月2025 18:43:52.529] [Render thread/INFO] [tacz/SYNCED_ENTITY_DATA_TAC_COPY]: Registered synced data key tacz:reload_state for minecraft:living_entity
[1912月2025 18:43:52.529] [Render thread/INFO] [tacz/SYNCED_ENTITY_DATA_TAC_COPY]: Registered synced data key tacz:aiming_progress for minecraft:living_entity
[1912月2025 18:43:52.529] [Render thread/INFO] [tacz/SYNCED_ENTITY_DATA_TAC_COPY]: Registered synced data key tacz:draw_cool_down for minecraft:living_entity
[1912月2025 18:43:52.529] [Render thread/INFO] [tacz/SYNCED_ENTITY_DATA_TAC_COPY]: Registered synced data key tacz:is_aiming for minecraft:living_entity
[1912月2025 18:43:52.529] [Render thread/INFO] [tacz/SYNCED_ENTITY_DATA_TAC_COPY]: Registered synced data key tacz:sprint_time for minecraft:living_entity
[1912月2025 18:43:52.529] [Render thread/INFO] [tacz/SYNCED_ENTITY_DATA_TAC_COPY]: Registered synced data key tacz:is_bolting for minecraft:living_entity
[1912月2025 18:43:52.529] [Render thread/INFO] [tacz/SYNCED_ENTITY_DATA_TAC_COPY]: Registered synced data key tacz:throwable_using for minecraft:living_entity
[1912月2025 18:43:52.563] [Worker-ResourceReload-24/INFO] [com.mo.economy_system.EconomySystem/]: Registering Keybinds...
[1912月2025 18:43:52.563] [Worker-ResourceReload-21/INFO] [xaero.map.WorldMap/]: Loading Xaero's World Map - Stage 1/2
[1912月2025 18:43:52.563] [Worker-ResourceReload-17/WARN] [net.snackbag.tt20.TT20/]: ******* WARNING *******
[1912月2025 18:43:52.563] [Worker-ResourceReload-17/WARN] [net.snackbag.tt20.TT20/]: (TT20) Mod is running on a client instead of server, this is not recommended and will lead to errors.
[1912月2025 18:43:52.563] [Worker-ResourceReload-27/INFO] [xaero.minimap.XaeroMinimap/]: Loading Xaero's Minimap - Stage 1/2
[1912月2025 18:43:52.565] [Worker-ResourceReload-29/WARN] [oelib/]: Packet DataSyncChunkPacket is already registered for mod oelib, skipping
[1912月2025 18:43:52.566] [Placebo Patreon Trail Loader/INFO] [placebo/]: Loading patreon trails data...
[1912月2025 18:43:52.569] [Worker-ResourceReload-29/INFO] [oelib/]: [OELib: DynamicIcon] Set icon for oelib: icon4.png
[1912月2025 18:43:52.571] [Worker-ResourceReload-17/INFO] [ModernUI-MC/Init]: Loaded modern text engine
[1912月2025 18:43:52.572] [Placebo Patreon Wing Loader/INFO] [placebo/]: Loading patreon wing data...
[1912月2025 18:43:52.585] [Render thread/INFO] [de.keksuccino.fancymenu.customization.layer.ScreenCustomizationLayerHandler/]: [FANCYMENU] ScreenCustomizationLayer registered: pause_screen
[1912月2025 18:43:52.588] [Worker-ResourceReload-23/INFO] [de.keksuccino.konkrete.Konkrete/]: [KONKRETE] Client-side libs ready to use!
[1912月2025 18:43:53.515] [Placebo Patreon Wing Loader/INFO] [placebo/]: Loaded 43 patreon wings.
[1912月2025 18:43:53.696] [Forge Version Check/INFO] [net.minecraftforge.fml.VersionChecker/]: [controlling] Found status: BETA Current: 12.0.2 Target: 12.0.2
[1912月2025 18:43:53.696] [Forge Version Check/INFO] [net.minecraftforge.fml.VersionChecker/]: [prism] Starting version check at https://mc-update-check.anthonyhilyard.com/638111
[1912月2025 18:43:54.584] [Worker-ResourceReload-21/WARN] [xaero.hud.minimap.MinimapLogs/]: io exception while checking patreon: Connect timed out
[1912月2025 18:43:55.077] [Placebo Patreon Trail Loader/INFO] [placebo/]: Loaded 50 patreon trails.
[1912月2025 18:43:55.476] [Forge Version Check/INFO] [net.minecraftforge.fml.VersionChecker/]: [prism] Found status: UP_TO_DATE Current: 1.0.5 Target: null
[1912月2025 18:43:55.476] [Forge Version Check/INFO] [net.minecraftforge.fml.VersionChecker/]: [krypton_fnp] Starting version check at https://mvnc.pkg.one/update/mod/krypton_fnp/forge_update.json
[1912月2025 18:43:56.263] [Worker-ResourceReload-21/ERROR] [xaero.map.WorldMap/]: io exception while checking versions: Online mod data expired! Date: Sat Dec 13 15:33:56 CST 2025
[1912月2025 18:43:56.305] [Render thread/INFO] [ModernUI-MC/UIManager]: UI renderer initialized
[1912月2025 18:43:56.306] [Render thread/INFO] [xaero.minimap.XaeroMinimap/]: Loading Xaero's Minimap - Stage 2/2
[1912月2025 18:43:58.266] [Render thread/WARN] [xaero.hud.minimap.MinimapLogs/]: io exception while checking versions: Online mod data expired! Date: Sat Dec 13 15:33:56 CST 2025
[1912月2025 18:43:58.267] [Render thread/INFO] [xaero.hud.minimap.MinimapLogs/]: Registered player tracker system: minimap_synced
[1912月2025 18:43:58.267] [Render thread/INFO] [xaero.hud.minimap.MinimapLogs/]: Xaero's Minimap: World Map found!
[1912月2025 18:43:58.267] [Render thread/INFO] [xaero.hud.minimap.MinimapLogs/]: No Optifine!
[1912月2025 18:43:58.267] [Render thread/INFO] [xaero.hud.minimap.MinimapLogs/]: Xaero's Minimap: No Vivecraft!
[1912月2025 18:43:58.268] [Render thread/INFO] [xaero.hud.minimap.MinimapLogs/]: Xaero's Minimap: Iris found!
[1912月2025 18:43:58.268] [Render thread/WARN] [net.minecraftforge.fml.DeferredWorkQueue/LOADING]: Mod 'xaerominimap' took 1.962 s to run a deferred task.
[1912月2025 18:43:58.268] [Render thread/INFO] [xaero.map.WorldMap/]: Loading Xaero's World Map - Stage 2/2
[1912月2025 18:43:58.271] [Render thread/INFO] [xaero.map.WorldMap/]: New world map region cache hash code: -301247339
[1912月2025 18:43:58.272] [Render thread/INFO] [xaero.map.WorldMap/]: Registered player tracker system: map_synced
[1912月2025 18:43:58.273] [Render thread/INFO] [xaero.map.WorldMap/]: Xaero's WorldMap Mod: Xaero's minimap found!
[1912月2025 18:43:58.275] [Render thread/INFO] [xaero.map.WorldMap/]: Registered player tracker system: minimap_synced
[1912月2025 18:43:58.275] [Render thread/INFO] [xaero.map.WorldMap/]: No Optifine!
[1912月2025 18:43:58.275] [Render thread/INFO] [xaero.map.WorldMap/]: Xaero's World Map: No Vivecraft!
[1912月2025 18:43:58.275] [Render thread/INFO] [xaero.map.WorldMap/]: Xaero's World Map: Iris found!
[1912月2025 18:43:58.372] [Worker-ResourceReload-26/INFO] [ShoulderSurfing/]: Registering plugin for Timeless & Classics Guns: Zero (tacz)
[1912月2025 18:43:58.376] [Worker-ResourceReload-26/INFO] [ShoulderSurfing/]: Registering plugin for Shoulder Surfing Reloaded (shouldersurfing)
[1912月2025 18:43:58.381] [Worker-ResourceReload-26/INFO] [ShoulderSurfing/]: Freezing plugin registrar
[1912月2025 18:43:58.396] [Worker-ResourceReload-18/INFO] [Jade/]: Start loading plugin at snownee.jade.addon.vanilla.VanillaPlugin
[1912月2025 18:43:58.411] [Worker-ResourceReload-18/INFO] [Jade/]: Start loading plugin at snownee.jade.addon.universal.UniversalPlugin
[1912月2025 18:43:58.413] [Worker-ResourceReload-18/INFO] [Jade/]: Start loading plugin at snownee.jade.addon.core.CorePlugin
[1912月2025 18:43:58.415] [Worker-ResourceReload-18/INFO] [Jade/]: Start loading plugin at com.github.exopandora.shouldersurfing.integration.ShoulderSurfingJadePlugin
[1912月2025 18:43:58.415] [Worker-ResourceReload-18/INFO] [Jade/]: Start loading plugin at com.teamtea.eclipticseasons.compat.jade.JadeCompact
[1912月2025 18:43:58.435] [Render thread/INFO] [Configured/]: Successfully loaded config provider: com.mrcrayfish.configured.impl.forge.ForgeConfigProvider
[1912月2025 18:43:58.435] [Render thread/INFO] [Configured/]: Successfully loaded config provider: com.mrcrayfish.configured.impl.framework.FrameworkConfigProvider
[1912月2025 18:43:58.435] [Render thread/INFO] [Configured/]: Successfully loaded config provider: com.mrcrayfish.configured.impl.jei.JeiConfigProvider
[1912月2025 18:43:58.435] [Render thread/INFO] [Configured/]: Successfully loaded config provider: com.anthonyhilyard.iceberg.compat.configured.IcebergConfigProvider
[1912月2025 18:43:58.435] [Render thread/INFO] [Configured/]: Creating config GUI factories...
[1912月2025 18:43:58.440] [Render thread/INFO] [Configured/]: Registering config factory for mod jei. Found 5 config(s)
[1912月2025 18:43:58.440] [Render thread/INFO] [Configured/]: Registering config factory for mod sophisticatedcore. Found 2 config(s)
[1912月2025 18:43:58.441] [Render thread/INFO] [Configured/]: Registering config factory for mod naturescompass. Found 2 config(s)
[1912月2025 18:43:58.441] [Render thread/INFO] [Configured/]: Registering config factory for mod sophisticatedbackpacks. Found 2 config(s)
[1912月2025 18:43:58.441] [Render thread/INFO] [Configured/]: Registering config factory for mod particular. Found 1 config(s)
[1912月2025 18:43:58.441] [Render thread/INFO] [Configured/]: Registering config factory for mod pickupnotifier. Found 2 config(s)
[1912月2025 18:43:58.442] [Render thread/INFO] [Configured/]: Registering config factory for mod forge. Found 2 config(s)
[1912月2025 18:43:58.442] [Render thread/INFO] [Configured/]: Registering config factory for mod economy_system. Found 1 config(s)
[1912月2025 18:43:58.442] [Render thread/INFO] [Configured/]: Registering config factory for mod advancementplaques. Found 1 config(s)
[1912月2025 18:43:58.442] [Render thread/INFO] [Configured/]: Registering config factory for mod regions_unexplored. Found 3 config(s)
[1912月2025 18:43:58.443] [Render thread/INFO] [Configured/]: Registering config factory for mod shouldersurfing. Found 1 config(s)
[1912月2025 18:43:58.443] [Render thread/INFO] [Configured/]: Registering config factory for mod smartkeyprompts. Found 1 config(s)
[1912月2025 18:43:58.443] [Render thread/INFO] [Configured/]: Registering config factory for mod eclipticseasons. Found 2 config(s)
[1912月2025 18:43:58.443] [Render thread/INFO] [Configured/]: Registering config factory for mod appleskin. Found 1 config(s)
[1912月2025 18:43:58.443] [Render thread/INFO] [Configured/]: Registering config factory for mod toms_storage. Found 2 config(s)
[1912月2025 18:43:58.641] [Render thread/WARN] [net.minecraft.client.sounds.SoundEngine/]: Missing sound for event: minecraft:item.goat_horn.play
[1912月2025 18:43:58.641] [Render thread/WARN] [net.minecraft.client.sounds.SoundEngine/]: Missing sound for event: minecraft:entity.goat.screaming.horn_break
[1912月2025 18:43:58.995] [Render thread/INFO] [com.mojang.blaze3d.audio.Library/]: OpenAL initialized on device OpenAL Soft on 扬声器 (Realtek(R) Audio)
[1912月2025 18:43:58.995] [Render thread/INFO] [net.minecraft.client.sounds.SoundEngine/SOUNDS]: Sound engine started
[1912月2025 18:43:58.997] [Render thread/INFO] [net.minecraft.client.sounds.SoundEngine/]: [FANCYMENU] Reloading AudioResourceHandler after Minecraft SoundEngine reload..
[1912月2025 18:43:59.018] [Render thread/INFO] [ModernUI-MC/Init]: Font 'Noto Sans' failed to load or invalid
[1912月2025 18:43:59.033] [Render thread/INFO] [ModernUI-MC/Init]: Font 'San Francisco' failed to load or invalid
[1912月2025 18:43:59.048] [Render thread/INFO] [ModernUI-MC/Init]: Font 'Open Sans' failed to load or invalid
[1912月2025 18:43:59.069] [Render thread/INFO] [ModernUI-MC/Init]: Font 'STHeiti' failed to load or invalid
[1912月2025 18:43:59.070] [Render thread/INFO] [ModernUI-MC/Init]: Reloaded typeface: FontCollection{mFamilies=[Google Noto Color Emoji, Inter Frozen Medium, Source Han Sans CN Medium, Segoe UI Variable, Segoe UI, SimHei, Segoe UI Symbol, mui-i18n-compat], mExclusiveEastAsianBits=null}
[1912月2025 18:43:59.070] [Render thread/INFO] [ModernUI-MC/Glyph]: Reloaded glyph manager
[1912月2025 18:43:59.070] [Render thread/INFO] [ModernUI-MC/TextLayout]: Reloaded text layout engine, res level: 2 to 2, locale: zh_CN, layout RTL: false
[1912月2025 18:43:59.071] [Render thread/INFO] [net.minecraft.client.renderer.texture.TextureAtlas/]: Created: 4096x4096x4 minecraft:textures/atlas/blocks.png-atlas
[1912月2025 18:43:59.153] [Render thread/INFO] [net.minecraft.client.renderer.texture.TextureAtlas/]: Created: 512x512x4 minecraft:textures/atlas/signs.png-atlas
[1912月2025 18:43:59.154] [Render thread/INFO] [net.minecraft.client.renderer.texture.TextureAtlas/]: Created: 512x512x4 minecraft:textures/atlas/shield_patterns.png-atlas
[1912月2025 18:43:59.155] [Render thread/INFO] [net.minecraft.client.renderer.texture.TextureAtlas/]: Created: 512x512x4 minecraft:textures/atlas/banner_patterns.png-atlas
[1912月2025 18:43:59.155] [Render thread/INFO] [net.minecraft.client.renderer.texture.TextureAtlas/]: Created: 1024x1024x4 minecraft:textures/atlas/armor_trims.png-atlas
[1912月2025 18:43:59.159] [Render thread/INFO] [net.minecraft.client.renderer.texture.TextureAtlas/]: Created: 256x256x4 minecraft:textures/atlas/chest.png-atlas
[1912月2025 18:43:59.160] [Render thread/INFO] [net.minecraft.client.renderer.texture.TextureAtlas/]: Created: 128x64x4 minecraft:textures/atlas/decorated_pot.png-atlas
[1912月2025 18:43:59.160] [Render thread/INFO] [net.minecraft.client.renderer.texture.TextureAtlas/]: Created: 512x256x4 minecraft:textures/atlas/beds.png-atlas
[1912月2025 18:43:59.160] [Render thread/INFO] [net.minecraft.client.renderer.texture.TextureAtlas/]: Created: 512x256x4 minecraft:textures/atlas/shulker_boxes.png-atlas
[1912月2025 18:43:59.207] [Render thread/WARN] [mixin/]: Method overwrite conflict for isHidden in mixins.oculus.compat.sodium.json:copyEntity.ModelPartMixin, previously written by dev.tr7zw.firstperson.mixins.ModelPartMixin. Skipping method.
[1912月2025 18:43:59.275] [Render thread/WARN] [net.minecraft.client.renderer.ShaderInstance/]: Shader rendertype_entity_translucent_emissive could not find sampler named Sampler2 in the specified shader program.
[1912月2025 18:43:59.293] [Render thread/WARN] [net.minecraft.client.renderer.ShaderInstance/]: Shader eclipticseasons:screen_fog could not find uniform named uFogDarkerColor in the specified shader program.
[1912月2025 18:43:59.311] [Render thread/INFO] [net.minecraft.client.renderer.texture.TextureAtlas/]: Created: 512x256x0 minecraft:textures/atlas/particles.png-atlas
[1912月2025 18:43:59.313] [Render thread/INFO] [net.minecraft.client.renderer.texture.TextureAtlas/]: Created: 256x256x0 minecraft:textures/atlas/paintings.png-atlas
[1912月2025 18:43:59.313] [Render thread/INFO] [net.minecraft.client.renderer.texture.TextureAtlas/]: Created: 256x128x0 minecraft:textures/atlas/mob_effects.png-atlas
[1912月2025 18:43:59.316] [Render thread/INFO] [xaero.map.WorldMap/]: Successfully reloaded the world map shaders!
[1912月2025 18:43:59.318] [Render thread/INFO] [net.minecraft.client.renderer.texture.TextureAtlas/]: Created: 256x256x0 jei:textures/atlas/gui.png-atlas
[1912月2025 18:44:00.318] [Render thread/INFO] [xaero.hud.minimap.MinimapLogs/]: Successfully reloaded the minimap shaders!
[1912月2025 18:44:00.351] [Render thread/INFO] [PFSolver/]: Skipping non-result value minecraft:lantern=UNASSIGNED
[1912月2025 18:44:00.351] [Render thread/INFO] [PFSolver/]: Skipping non-result value minecraft:soul_lantern=UNASSIGNED
[1912月2025 18:44:00.382] [Render thread/INFO] [de.keksuccino.fancymenu.util.resource.ResourceHandlers/]: [FANCYMENU] Reloading resources..
[1912月2025 18:44:00.384] [Render thread/INFO] [de.keksuccino.fancymenu.util.resource.preload.ResourcePreLoader/]: [FANCYMENU] Pre-loading resources..
[1912月2025 18:44:00.390] [Render thread/INFO] [de.keksuccino.fancymenu.customization.layer.ScreenCustomizationLayerHandler/]: [FANCYMENU] Minecraft resource reload: FINISHED
[1912月2025 18:44:00.401] [Render thread/INFO] [de.keksuccino.fancymenu.customization.layer.ScreenCustomizationLayerHandler/]: [FANCYMENU] ScreenCustomizationLayer registered: title_screen
[1912月2025 18:44:00.408] [Render thread/INFO] [ModernUI-MC/TextLayout]: Reloaded text layout engine, res level: 2 to 4, locale: zh_CN, layout RTL: false
[1912月2025 18:44:00.408] [Render thread/WARN] [ModernUI-MC/Init]: Gui scale 1.3159698423577795 should be an integer, some mods break this
[1912月2025 18:44:00.408] [Render thread/INFO] [ModernUI-MC/TextLayout]: Reloaded text layout engine, res level: 4 to 1, locale: zh_CN, layout RTL: false
[1912月2025 18:44:00.434] [Render thread/INFO] [Oculus/]: Creating pipeline for dimension NamespacedId{namespace='minecraft', name='overworld'}
[1912月2025 18:44:00.542] [Render thread/WARN] [eclipticseasons/]: Allow Oculus to use the biome_precipitation agent from eclipticseasons 
[1912月2025 18:44:00.542] [Render thread/WARN] [Oculus/]: Duplicated fixed uniform supplied as inputs to the Custom uniform holder: biome_precipitation
[1912月2025 18:44:00.548] [Render thread/INFO] [Oculus/]: Starting custom uniform resolving
[1912月2025 18:44:01.112] [Forge Version Check/INFO] [net.minecraftforge.fml.VersionChecker/]: [krypton_fnp] Found status: UP_TO_DATE Current: 0.2.25-1.20.1 Target: null
[1912月2025 18:44:01.113] [Forge Version Check/INFO] [net.minecraftforge.fml.VersionChecker/]: [bookshelf] Starting version check at https://updates.blamejared.com/get?n=bookshelf&gv=1.20.1
[1912月2025 18:44:01.501] [Render thread/WARN] [net.irisshaders.iris.gl.shader.ProgramCreator/]: Program link log for composite4: Fragment info
-------------
0(17) : warning C7050: "MinColor" might be used before being initialized
0(18) : warning C7050: "MaxColor" might be used before being initialized

[1912月2025 18:44:01.643] [Realms Notification Availability checker #1/INFO] [com.mojang.realmsclient.client.RealmsClient/]: Could not authorize you against Realms server: java.lang.RuntimeException: Failed to parse into SignedJWT: 000000000000300C9DBE991166FA1966
[1912月2025 18:44:01.644] [Forge Version Check/INFO] [net.minecraftforge.fml.VersionChecker/]: [bookshelf] Found status: BETA Current: 20.2.13 Target: 20.2.13
[1912月2025 18:44:01.644] [Forge Version Check/INFO] [net.minecraftforge.fml.VersionChecker/]: [pickupnotifier] Starting version check at https://raw.githubusercontent.com/Fuzss/modresources/main/update/pickupnotifier.json
[1912月2025 18:44:01.680] [Render thread/WARN] [net.irisshaders.iris.pipeline.transform.transformer.CompatibilityTransformer/]: The in declaration 'vertexDist' in the FRAGMENT shader that is never assigned to in the previous stage VERTEX has been compatibility-patched by adding an initialization for it. See debugging.md for more information.
[1912月2025 18:44:01.681] [Render thread/WARN] [net.irisshaders.iris.pipeline.transform.transformer.CompatibilityTransformer/]: The in declaration 'viewVec' in the FRAGMENT shader that is never assigned to in the previous stage VERTEX has been compatibility-patched by adding an initialization for it. See debugging.md for more information.
[1912月2025 18:44:01.681] [Render thread/WARN] [net.irisshaders.iris.pipeline.transform.transformer.CompatibilityTransformer/]: The in declaration 'vCoordAM' in the FRAGMENT shader that is never assigned to in the previous stage VERTEX has been compatibility-patched by adding an initialization for it. See debugging.md for more information.
[1912月2025 18:44:01.681] [Render thread/WARN] [net.irisshaders.iris.pipeline.transform.transformer.CompatibilityTransformer/]: The in declaration 'vCoord' in the FRAGMENT shader that is never assigned to in the previous stage VERTEX has been compatibility-patched by adding an initialization for it. See debugging.md for more information.
[1912月2025 18:44:01.732] [Render thread/WARN] [net.irisshaders.iris.pipeline.transform.transformer.CompatibilityTransformer/]: The in declaration 'vCoord' in the FRAGMENT shader that is never assigned to in the previous stage VERTEX has been compatibility-patched by adding an initialization for it. See debugging.md for more information.
[1912月2025 18:44:01.733] [Render thread/WARN] [net.irisshaders.iris.pipeline.transform.transformer.CompatibilityTransformer/]: The in declaration 'viewVec' in the FRAGMENT shader that is never assigned to in the previous stage VERTEX has been compatibility-patched by adding an initialization for it. See debugging.md for more information.
[1912月2025 18:44:01.733] [Render thread/WARN] [net.irisshaders.iris.pipeline.transform.transformer.CompatibilityTransformer/]: The in declaration 'vCoordAM' in the FRAGMENT shader that is never assigned to in the previous stage VERTEX has been compatibility-patched by adding an initialization for it. See debugging.md for more information.
[1912月2025 18:44:01.733] [Render thread/WARN] [net.irisshaders.iris.pipeline.transform.transformer.CompatibilityTransformer/]: The in declaration 'vertexDist' in the FRAGMENT shader that is never assigned to in the previous stage VERTEX has been compatibility-patched by adding an initialization for it. See debugging.md for more information.
[1912月2025 18:44:01.781] [Render thread/WARN] [net.irisshaders.iris.pipeline.transform.transformer.CompatibilityTransformer/]: The in declaration 'vertexDist' in the FRAGMENT shader that is never assigned to in the previous stage VERTEX has been compatibility-patched by adding an initialization for it. See debugging.md for more information.
[1912月2025 18:44:01.781] [Render thread/WARN] [net.irisshaders.iris.pipeline.transform.transformer.CompatibilityTransformer/]: The in declaration 'foliage' in the FRAGMENT shader that is never assigned to in the previous stage VERTEX has been compatibility-patched by adding an initialization for it. See debugging.md for more information.
[1912月2025 18:44:01.781] [Render thread/WARN] [net.irisshaders.iris.pipeline.transform.transformer.CompatibilityTransformer/]: The in declaration 'vCoord' in the FRAGMENT shader that is never assigned to in the previous stage VERTEX has been compatibility-patched by adding an initialization for it. See debugging.md for more information.
[1912月2025 18:44:01.781] [Render thread/WARN] [net.irisshaders.iris.pipeline.transform.transformer.CompatibilityTransformer/]: The in declaration 'vCoordAM' in the FRAGMENT shader that is never assigned to in the previous stage VERTEX has been compatibility-patched by adding an initialization for it. See debugging.md for more information.
[1912月2025 18:44:01.781] [Render thread/WARN] [net.irisshaders.iris.pipeline.transform.transformer.CompatibilityTransformer/]: The in declaration 'viewVec' in the FRAGMENT shader that is never assigned to in the previous stage VERTEX has been compatibility-patched by adding an initialization for it. See debugging.md for more information.
[1912月2025 18:44:01.819] [Render thread/WARN] [net.irisshaders.iris.pipeline.transform.transformer.CompatibilityTransformer/]: The in declaration 'vCoord' in the FRAGMENT shader that is never assigned to in the previous stage VERTEX has been compatibility-patched by adding an initialization for it. See debugging.md for more information.
[1912月2025 18:44:01.820] [Render thread/WARN] [net.irisshaders.iris.pipeline.transform.transformer.CompatibilityTransformer/]: The in declaration 'foliage' in the FRAGMENT shader that is never assigned to in the previous stage VERTEX has been compatibility-patched by adding an initialization for it. See debugging.md for more information.
[1912月2025 18:44:01.820] [Render thread/WARN] [net.irisshaders.iris.pipeline.transform.transformer.CompatibilityTransformer/]: The in declaration 'vertexDist' in the FRAGMENT shader that is never assigned to in the previous stage VERTEX has been compatibility-patched by adding an initialization for it. See debugging.md for more information.
[1912月2025 18:44:01.820] [Render thread/WARN] [net.irisshaders.iris.pipeline.transform.transformer.CompatibilityTransformer/]: The in declaration 'vCoordAM' in the FRAGMENT shader that is never assigned to in the previous stage VERTEX has been compatibility-patched by adding an initialization for it. See debugging.md for more information.
[1912月2025 18:44:01.820] [Render thread/WARN] [net.irisshaders.iris.pipeline.transform.transformer.CompatibilityTransformer/]: The in declaration 'viewVec' in the FRAGMENT shader that is never assigned to in the previous stage VERTEX has been compatibility-patched by adding an initialization for it. See debugging.md for more information.
[1912月2025 18:44:01.877] [Render thread/WARN] [net.irisshaders.iris.pipeline.transform.transformer.CompatibilityTransformer/]: The in declaration 'vCoord' in the FRAGMENT shader that is never assigned to in the previous stage VERTEX has been compatibility-patched by adding an initialization for it. See debugging.md for more information.
[1912月2025 18:44:01.877] [Render thread/WARN] [net.irisshaders.iris.pipeline.transform.transformer.CompatibilityTransformer/]: The in declaration 'vertexDist' in the FRAGMENT shader that is never assigned to in the previous stage VERTEX has been compatibility-patched by adding an initialization for it. See debugging.md for more information.
[1912月2025 18:44:01.877] [Render thread/WARN] [net.irisshaders.iris.pipeline.transform.transformer.CompatibilityTransformer/]: The in declaration 'viewVec' in the FRAGMENT shader that is never assigned to in the previous stage VERTEX has been compatibility-patched by adding an initialization for it. See debugging.md for more information.
[1912月2025 18:44:01.877] [Render thread/WARN] [net.irisshaders.iris.pipeline.transform.transformer.CompatibilityTransformer/]: The in declaration 'vCoordAM' in the FRAGMENT shader that is never assigned to in the previous stage VERTEX has been compatibility-patched by adding an initialization for it. See debugging.md for more information.
[1912月2025 18:44:01.877] [Render thread/WARN] [net.irisshaders.iris.pipeline.transform.transformer.CompatibilityTransformer/]: The in declaration 'foliage' in the FRAGMENT shader that is never assigned to in the previous stage VERTEX has been compatibility-patched by adding an initialization for it. See debugging.md for more information.
[1912月2025 18:44:01.918] [Render thread/WARN] [net.irisshaders.iris.pipeline.transform.transformer.CompatibilityTransformer/]: The in declaration 'vCoordAM' in the FRAGMENT shader that is never assigned to in the previous stage VERTEX has been compatibility-patched by adding an initialization for it. See debugging.md for more information.
[1912月2025 18:44:01.918] [Render thread/WARN] [net.irisshaders.iris.pipeline.transform.transformer.CompatibilityTransformer/]: The in declaration 'vertexDist' in the FRAGMENT shader that is never assigned to in the previous stage VERTEX has been compatibility-patched by adding an initialization for it. See debugging.md for more information.
[1912月2025 18:44:01.918] [Render thread/WARN] [net.irisshaders.iris.pipeline.transform.transformer.CompatibilityTransformer/]: The in declaration 'vCoord' in the FRAGMENT shader that is never assigned to in the previous stage VERTEX has been compatibility-patched by adding an initialization for it. See debugging.md for more information.
[1912月2025 18:44:01.918] [Render thread/WARN] [net.irisshaders.iris.pipeline.transform.transformer.CompatibilityTransformer/]: The in declaration 'viewVec' in the FRAGMENT shader that is never assigned to in the previous stage VERTEX has been compatibility-patched by adding an initialization for it. See debugging.md for more information.
[1912月2025 18:44:01.942] [Render thread/WARN] [net.irisshaders.iris.pipeline.transform.transformer.CompatibilityTransformer/]: The in declaration 'vCoord' in the FRAGMENT shader that is never assigned to in the previous stage VERTEX has been compatibility-patched by adding an initialization for it. See debugging.md for more information.
[1912月2025 18:44:01.942] [Render thread/WARN] [net.irisshaders.iris.pipeline.transform.transformer.CompatibilityTransformer/]: The in declaration 'vCoordAM' in the FRAGMENT shader that is never assigned to in the previous stage VERTEX has been compatibility-patched by adding an initialization for it. See debugging.md for more information.
[1912月2025 18:44:01.943] [Render thread/WARN] [net.irisshaders.iris.pipeline.transform.transformer.CompatibilityTransformer/]: The in declaration 'viewVec' in the FRAGMENT shader that is never assigned to in the previous stage VERTEX has been compatibility-patched by adding an initialization for it. See debugging.md for more information.
[1912月2025 18:44:01.943] [Render thread/WARN] [net.irisshaders.iris.pipeline.transform.transformer.CompatibilityTransformer/]: The in declaration 'vertexDist' in the FRAGMENT shader that is never assigned to in the previous stage VERTEX has been compatibility-patched by adding an initialization for it. See debugging.md for more information.
[1912月2025 18:44:01.965] [Render thread/WARN] [net.irisshaders.iris.pipeline.transform.transformer.CompatibilityTransformer/]: The in declaration 'vCoordAM' in the FRAGMENT shader that is never assigned to in the previous stage VERTEX has been compatibility-patched by adding an initialization for it. See debugging.md for more information.
[1912月2025 18:44:01.967] [Render thread/WARN] [net.irisshaders.iris.pipeline.transform.transformer.CompatibilityTransformer/]: The in declaration 'viewVec' in the FRAGMENT shader that is never assigned to in the previous stage VERTEX has been compatibility-patched by adding an initialization for it. See debugging.md for more information.
[1912月2025 18:44:01.967] [Render thread/WARN] [net.irisshaders.iris.pipeline.transform.transformer.CompatibilityTransformer/]: The in declaration 'vCoord' in the FRAGMENT shader that is never assigned to in the previous stage VERTEX has been compatibility-patched by adding an initialization for it. See debugging.md for more information.
[1912月2025 18:44:01.967] [Render thread/WARN] [net.irisshaders.iris.pipeline.transform.transformer.CompatibilityTransformer/]: The in declaration 'vertexDist' in the FRAGMENT shader that is never assigned to in the previous stage VERTEX has been compatibility-patched by adding an initialization for it. See debugging.md for more information.
[1912月2025 18:44:01.989] [Render thread/WARN] [net.irisshaders.iris.pipeline.transform.transformer.CompatibilityTransformer/]: The in declaration 'vCoordAM' in the FRAGMENT shader that is never assigned to in the previous stage VERTEX has been compatibility-patched by adding an initialization for it. See debugging.md for more information.
[1912月2025 18:44:01.989] [Render thread/WARN] [net.irisshaders.iris.pipeline.transform.transformer.CompatibilityTransformer/]: The in declaration 'vertexDist' in the FRAGMENT shader that is never assigned to in the previous stage VERTEX has been compatibility-patched by adding an initialization for it. See debugging.md for more information.
[1912月2025 18:44:01.989] [Render thread/WARN] [net.irisshaders.iris.pipeline.transform.transformer.CompatibilityTransformer/]: The in declaration 'viewVec' in the FRAGMENT shader that is never assigned to in the previous stage VERTEX has been compatibility-patched by adding an initialization for it. See debugging.md for more information.
[1912月2025 18:44:01.989] [Render thread/WARN] [net.irisshaders.iris.pipeline.transform.transformer.CompatibilityTransformer/]: The in declaration 'vCoord' in the FRAGMENT shader that is never assigned to in the previous stage VERTEX has been compatibility-patched by adding an initialization for it. See debugging.md for more information.
[1912月2025 18:44:02.012] [Render thread/WARN] [net.irisshaders.iris.pipeline.transform.transformer.CompatibilityTransformer/]: The in declaration 'vCoord' in the FRAGMENT shader that is never assigned to in the previous stage VERTEX has been compatibility-patched by adding an initialization for it. See debugging.md for more information.
[1912月2025 18:44:02.012] [Render thread/WARN] [net.irisshaders.iris.pipeline.transform.transformer.CompatibilityTransformer/]: The in declaration 'vCoordAM' in the FRAGMENT shader that is never assigned to in the previous stage VERTEX has been compatibility-patched by adding an initialization for it. See debugging.md for more information.
[1912月2025 18:44:02.012] [Render thread/WARN] [net.irisshaders.iris.pipeline.transform.transformer.CompatibilityTransformer/]: The in declaration 'viewVec' in the FRAGMENT shader that is never assigned to in the previous stage VERTEX has been compatibility-patched by adding an initialization for it. See debugging.md for more information.
[1912月2025 18:44:02.012] [Render thread/WARN] [net.irisshaders.iris.pipeline.transform.transformer.CompatibilityTransformer/]: The in declaration 'vertexDist' in the FRAGMENT shader that is never assigned to in the previous stage VERTEX has been compatibility-patched by adding an initialization for it. See debugging.md for more information.
[1912月2025 18:44:02.018] [Render thread/WARN] [net.irisshaders.iris.pipeline.transform.transformer.CompatibilityTransformer/]: The in declaration 'viewVec' in the FRAGMENT shader that is never assigned to in the previous stage VERTEX has been compatibility-patched by adding an initialization for it. See debugging.md for more information.
[1912月2025 18:44:02.018] [Render thread/WARN] [net.irisshaders.iris.pipeline.transform.transformer.CompatibilityTransformer/]: The in declaration 'vertexDist' in the FRAGMENT shader that is never assigned to in the previous stage VERTEX has been compatibility-patched by adding an initialization for it. See debugging.md for more information.
[1912月2025 18:44:02.018] [Render thread/WARN] [net.irisshaders.iris.pipeline.transform.transformer.CompatibilityTransformer/]: The in declaration 'vCoordAM' in the FRAGMENT shader that is never assigned to in the previous stage VERTEX has been compatibility-patched by adding an initialization for it. See debugging.md for more information.
[1912月2025 18:44:02.018] [Render thread/WARN] [net.irisshaders.iris.pipeline.transform.transformer.CompatibilityTransformer/]: The in declaration 'vCoord' in the FRAGMENT shader that is never assigned to in the previous stage VERTEX has been compatibility-patched by adding an initialization for it. See debugging.md for more information.
[1912月2025 18:44:02.042] [Render thread/WARN] [net.irisshaders.iris.pipeline.transform.transformer.CompatibilityTransformer/]: The in declaration 'vertexDist' in the FRAGMENT shader that is never assigned to in the previous stage VERTEX has been compatibility-patched by adding an initialization for it. See debugging.md for more information.
[1912月2025 18:44:02.042] [Render thread/WARN] [net.irisshaders.iris.pipeline.transform.transformer.CompatibilityTransformer/]: The in declaration 'viewVec' in the FRAGMENT shader that is never assigned to in the previous stage VERTEX has been compatibility-patched by adding an initialization for it. See debugging.md for more information.
[1912月2025 18:44:02.042] [Render thread/WARN] [net.irisshaders.iris.pipeline.transform.transformer.CompatibilityTransformer/]: The in declaration 'vCoordAM' in the FRAGMENT shader that is never assigned to in the previous stage VERTEX has been compatibility-patched by adding an initialization for it. See debugging.md for more information.
[1912月2025 18:44:02.043] [Render thread/WARN] [net.irisshaders.iris.pipeline.transform.transformer.CompatibilityTransformer/]: The in declaration 'vCoord' in the FRAGMENT shader that is never assigned to in the previous stage VERTEX has been compatibility-patched by adding an initialization for it. See debugging.md for more information.
[1912月2025 18:44:02.078] [Render thread/WARN] [net.irisshaders.iris.pipeline.transform.transformer.CompatibilityTransformer/]: The in declaration 'vCoordAM' in the FRAGMENT shader that is never assigned to in the previous stage VERTEX has been compatibility-patched by adding an initialization for it. See debugging.md for more information.
[1912月2025 18:44:02.078] [Render thread/WARN] [net.irisshaders.iris.pipeline.transform.transformer.CompatibilityTransformer/]: The in declaration 'vCoord' in the FRAGMENT shader that is never assigned to in the previous stage VERTEX has been compatibility-patched by adding an initialization for it. See debugging.md for more information.
[1912月2025 18:44:02.078] [Render thread/WARN] [net.irisshaders.iris.pipeline.transform.transformer.CompatibilityTransformer/]: The in declaration 'vertexDist' in the FRAGMENT shader that is never assigned to in the previous stage VERTEX has been compatibility-patched by adding an initialization for it. See debugging.md for more information.
[1912月2025 18:44:02.079] [Render thread/WARN] [net.irisshaders.iris.pipeline.transform.transformer.CompatibilityTransformer/]: The in declaration 'viewVec' in the FRAGMENT shader that is never assigned to in the previous stage VERTEX has been compatibility-patched by adding an initialization for it. See debugging.md for more information.
[1912月2025 18:44:02.102] [Render thread/WARN] [net.irisshaders.iris.pipeline.transform.transformer.CompatibilityTransformer/]: The in declaration 'vertexDist' in the FRAGMENT shader that is never assigned to in the previous stage VERTEX has been compatibility-patched by adding an initialization for it. See debugging.md for more information.
[1912月2025 18:44:02.102] [Render thread/WARN] [net.irisshaders.iris.pipeline.transform.transformer.CompatibilityTransformer/]: The in declaration 'vCoord' in the FRAGMENT shader that is never assigned to in the previous stage VERTEX has been compatibility-patched by adding an initialization for it. See debugging.md for more information.
[1912月2025 18:44:02.102] [Render thread/WARN] [net.irisshaders.iris.pipeline.transform.transformer.CompatibilityTransformer/]: The in declaration 'vCoordAM' in the FRAGMENT shader that is never assigned to in the previous stage VERTEX has been compatibility-patched by adding an initialization for it. See debugging.md for more information.
[1912月2025 18:44:02.102] [Render thread/WARN] [net.irisshaders.iris.pipeline.transform.transformer.CompatibilityTransformer/]: The in declaration 'viewVec' in the FRAGMENT shader that is never assigned to in the previous stage VERTEX has been compatibility-patched by adding an initialization for it. See debugging.md for more information.
[1912月2025 18:44:02.123] [Render thread/WARN] [net.irisshaders.iris.pipeline.transform.transformer.CompatibilityTransformer/]: The in declaration 'viewVec' in the FRAGMENT shader that is never assigned to in the previous stage VERTEX has been compatibility-patched by adding an initialization for it. See debugging.md for more information.
[1912月2025 18:44:02.123] [Render thread/WARN] [net.irisshaders.iris.pipeline.transform.transformer.CompatibilityTransformer/]: The in declaration 'vCoordAM' in the FRAGMENT shader that is never assigned to in the previous stage VERTEX has been compatibility-patched by adding an initialization for it. See debugging.md for more information.
[1912月2025 18:44:02.123] [Render thread/WARN] [net.irisshaders.iris.pipeline.transform.transformer.CompatibilityTransformer/]: The in declaration 'vCoord' in the FRAGMENT shader that is never assigned to in the previous stage VERTEX has been compatibility-patched by adding an initialization for it. See debugging.md for more information.
[1912月2025 18:44:02.123] [Render thread/WARN] [net.irisshaders.iris.pipeline.transform.transformer.CompatibilityTransformer/]: The in declaration 'vertexDist' in the FRAGMENT shader that is never assigned to in the previous stage VERTEX has been compatibility-patched by adding an initialization for it. See debugging.md for more information.
[1912月2025 18:44:02.145] [Render thread/WARN] [net.irisshaders.iris.pipeline.transform.transformer.CompatibilityTransformer/]: The in declaration 'viewVec' in the FRAGMENT shader that is never assigned to in the previous stage VERTEX has been compatibility-patched by adding an initialization for it. See debugging.md for more information.
[1912月2025 18:44:02.145] [Render thread/WARN] [net.irisshaders.iris.pipeline.transform.transformer.CompatibilityTransformer/]: The in declaration 'vCoord' in the FRAGMENT shader that is never assigned to in the previous stage VERTEX has been compatibility-patched by adding an initialization for it. See debugging.md for more information.
[1912月2025 18:44:02.145] [Render thread/WARN] [net.irisshaders.iris.pipeline.transform.transformer.CompatibilityTransformer/]: The in declaration 'vertexDist' in the FRAGMENT shader that is never assigned to in the previous stage VERTEX has been compatibility-patched by adding an initialization for it. See debugging.md for more information.
[1912月2025 18:44:02.145] [Render thread/WARN] [net.irisshaders.iris.pipeline.transform.transformer.CompatibilityTransformer/]: The in declaration 'vCoordAM' in the FRAGMENT shader that is never assigned to in the previous stage VERTEX has been compatibility-patched by adding an initialization for it. See debugging.md for more information.
[1912月2025 18:44:02.167] [Render thread/WARN] [net.irisshaders.iris.pipeline.transform.transformer.CompatibilityTransformer/]: The in declaration 'vCoordAM' in the FRAGMENT shader that is never assigned to in the previous stage VERTEX has been compatibility-patched by adding an initialization for it. See debugging.md for more information.
[1912月2025 18:44:02.167] [Render thread/WARN] [net.irisshaders.iris.pipeline.transform.transformer.CompatibilityTransformer/]: The in declaration 'viewVec' in the FRAGMENT shader that is never assigned to in the previous stage VERTEX has been compatibility-patched by adding an initialization for it. See debugging.md for more information.
[1912月2025 18:44:02.167] [Render thread/WARN] [net.irisshaders.iris.pipeline.transform.transformer.CompatibilityTransformer/]: The in declaration 'vertexDist' in the FRAGMENT shader that is never assigned to in the previous stage VERTEX has been compatibility-patched by adding an initialization for it. See debugging.md for more information.
[1912月2025 18:44:02.167] [Render thread/WARN] [net.irisshaders.iris.pipeline.transform.transformer.CompatibilityTransformer/]: The in declaration 'vCoord' in the FRAGMENT shader that is never assigned to in the previous stage VERTEX has been compatibility-patched by adding an initialization for it. See debugging.md for more information.
[1912月2025 18:44:02.221] [Render thread/WARN] [net.irisshaders.iris.pipeline.transform.transformer.CompatibilityTransformer/]: The in declaration 'vertexDist' in the FRAGMENT shader that is never assigned to in the previous stage VERTEX has been compatibility-patched by adding an initialization for it. See debugging.md for more information.
[1912月2025 18:44:02.222] [Render thread/WARN] [net.irisshaders.iris.pipeline.transform.transformer.CompatibilityTransformer/]: The in declaration 'viewVec' in the FRAGMENT shader that is never assigned to in the previous stage VERTEX has been compatibility-patched by adding an initialization for it. See debugging.md for more information.
[1912月2025 18:44:02.222] [Render thread/WARN] [net.irisshaders.iris.pipeline.transform.transformer.CompatibilityTransformer/]: The in declaration 'vCoord' in the FRAGMENT shader that is never assigned to in the previous stage VERTEX has been compatibility-patched by adding an initialization for it. See debugging.md for more information.
[1912月2025 18:44:02.222] [Render thread/WARN] [net.irisshaders.iris.pipeline.transform.transformer.CompatibilityTransformer/]: The in declaration 'vCoordAM' in the FRAGMENT shader that is never assigned to in the previous stage VERTEX has been compatibility-patched by adding an initialization for it. See debugging.md for more information.
[1912月2025 18:44:02.250] [Render thread/WARN] [net.irisshaders.iris.pipeline.transform.transformer.CompatibilityTransformer/]: The in declaration 'viewVec' in the FRAGMENT shader that is never assigned to in the previous stage VERTEX has been compatibility-patched by adding an initialization for it. See debugging.md for more information.
[1912月2025 18:44:02.250] [Render thread/WARN] [net.irisshaders.iris.pipeline.transform.transformer.CompatibilityTransformer/]: The in declaration 'vCoordAM' in the FRAGMENT shader that is never assigned to in the previous stage VERTEX has been compatibility-patched by adding an initialization for it. See debugging.md for more information.
[1912月2025 18:44:02.250] [Render thread/WARN] [net.irisshaders.iris.pipeline.transform.transformer.CompatibilityTransformer/]: The in declaration 'vertexDist' in the FRAGMENT shader that is never assigned to in the previous stage VERTEX has been compatibility-patched by adding an initialization for it. See debugging.md for more information.
[1912月2025 18:44:02.250] [Render thread/WARN] [net.irisshaders.iris.pipeline.transform.transformer.CompatibilityTransformer/]: The in declaration 'vCoord' in the FRAGMENT shader that is never assigned to in the previous stage VERTEX has been compatibility-patched by adding an initialization for it. See debugging.md for more information.
[1912月2025 18:44:02.299] [Render thread/WARN] [net.irisshaders.iris.pipeline.transform.transformer.CompatibilityTransformer/]: The in declaration 'foliage' in the FRAGMENT shader that is never assigned to in the previous stage VERTEX has been compatibility-patched by adding an initialization for it. See debugging.md for more information.
[1912月2025 18:44:02.299] [Render thread/WARN] [net.irisshaders.iris.pipeline.transform.transformer.CompatibilityTransformer/]: The in declaration 'vCoord' in the FRAGMENT shader that is never assigned to in the previous stage VERTEX has been compatibility-patched by adding an initialization for it. See debugging.md for more information.
[1912月2025 18:44:02.299] [Render thread/WARN] [net.irisshaders.iris.pipeline.transform.transformer.CompatibilityTransformer/]: The in declaration 'vertexDist' in the FRAGMENT shader that is never assigned to in the previous stage VERTEX has been compatibility-patched by adding an initialization for it. See debugging.md for more information.
[1912月2025 18:44:02.299] [Render thread/WARN] [net.irisshaders.iris.pipeline.transform.transformer.CompatibilityTransformer/]: The in declaration 'vCoordAM' in the FRAGMENT shader that is never assigned to in the previous stage VERTEX has been compatibility-patched by adding an initialization for it. See debugging.md for more information.
[1912月2025 18:44:02.299] [Render thread/WARN] [net.irisshaders.iris.pipeline.transform.transformer.CompatibilityTransformer/]: The in declaration 'viewVec' in the FRAGMENT shader that is never assigned to in the previous stage VERTEX has been compatibility-patched by adding an initialization for it. See debugging.md for more information.
[1912月2025 18:44:02.332] [Render thread/WARN] [net.irisshaders.iris.pipeline.transform.transformer.CompatibilityTransformer/]: The in declaration 'vCoord' in the FRAGMENT shader that is never assigned to in the previous stage VERTEX has been compatibility-patched by adding an initialization for it. See debugging.md for more information.
[1912月2025 18:44:02.332] [Render thread/WARN] [net.irisshaders.iris.pipeline.transform.transformer.CompatibilityTransformer/]: The in declaration 'vertexDist' in the FRAGMENT shader that is never assigned to in the previous stage VERTEX has been compatibility-patched by adding an initialization for it. See debugging.md for more information.
[1912月2025 18:44:02.332] [Render thread/WARN] [net.irisshaders.iris.pipeline.transform.transformer.CompatibilityTransformer/]: The in declaration 'vCoordAM' in the FRAGMENT shader that is never assigned to in the previous stage VERTEX has been compatibility-patched by adding an initialization for it. See debugging.md for more information.
[1912月2025 18:44:02.332] [Render thread/WARN] [net.irisshaders.iris.pipeline.transform.transformer.CompatibilityTransformer/]: The in declaration 'viewVec' in the FRAGMENT shader that is never assigned to in the previous stage VERTEX has been compatibility-patched by adding an initialization for it. See debugging.md for more information.
[1912月2025 18:44:02.354] [Render thread/WARN] [net.irisshaders.iris.pipeline.transform.transformer.CompatibilityTransformer/]: The in declaration 'vCoord' in the FRAGMENT shader that is never assigned to in the previous stage VERTEX has been compatibility-patched by adding an initialization for it. See debugging.md for more information.
[1912月2025 18:44:02.354] [Render thread/WARN] [net.irisshaders.iris.pipeline.transform.transformer.CompatibilityTransformer/]: The in declaration 'vCoordAM' in the FRAGMENT shader that is never assigned to in the previous stage VERTEX has been compatibility-patched by adding an initialization for it. See debugging.md for more information.
[1912月2025 18:44:02.354] [Render thread/WARN] [net.irisshaders.iris.pipeline.transform.transformer.CompatibilityTransformer/]: The in declaration 'viewVec' in the FRAGMENT shader that is never assigned to in the previous stage VERTEX has been compatibility-patched by adding an initialization for it. See debugging.md for more information.
[1912月2025 18:44:02.355] [Render thread/WARN] [net.irisshaders.iris.pipeline.transform.transformer.CompatibilityTransformer/]: The in declaration 'vertexDist' in the FRAGMENT shader that is never assigned to in the previous stage VERTEX has been compatibility-patched by adding an initialization for it. See debugging.md for more information.
[1912月2025 18:44:02.376] [Render thread/WARN] [net.irisshaders.iris.pipeline.transform.transformer.CompatibilityTransformer/]: The in declaration 'foliage' in the FRAGMENT shader that is never assigned to in the previous stage VERTEX has been compatibility-patched by adding an initialization for it. See debugging.md for more information.
[1912月2025 18:44:02.377] [Render thread/WARN] [net.irisshaders.iris.pipeline.transform.transformer.CompatibilityTransformer/]: The in declaration 'viewVec' in the FRAGMENT shader that is never assigned to in the previous stage VERTEX has been compatibility-patched by adding an initialization for it. See debugging.md for more information.
[1912月2025 18:44:02.377] [Render thread/WARN] [net.irisshaders.iris.pipeline.transform.transformer.CompatibilityTransformer/]: The in declaration 'vCoordAM' in the FRAGMENT shader that is never assigned to in the previous stage VERTEX has been compatibility-patched by adding an initialization for it. See debugging.md for more information.
[1912月2025 18:44:02.377] [Render thread/WARN] [net.irisshaders.iris.pipeline.transform.transformer.CompatibilityTransformer/]: The in declaration 'vertexDist' in the FRAGMENT shader that is never assigned to in the previous stage VERTEX has been compatibility-patched by adding an initialization for it. See debugging.md for more information.
[1912月2025 18:44:02.377] [Render thread/WARN] [net.irisshaders.iris.pipeline.transform.transformer.CompatibilityTransformer/]: The in declaration 'vCoord' in the FRAGMENT shader that is never assigned to in the previous stage VERTEX has been compatibility-patched by adding an initialization for it. See debugging.md for more information.
[1912月2025 18:44:02.411] [Render thread/WARN] [net.irisshaders.iris.pipeline.transform.transformer.CompatibilityTransformer/]: The in declaration 'viewVec' in the FRAGMENT shader that is never assigned to in the previous stage VERTEX has been compatibility-patched by adding an initialization for it. See debugging.md for more information.
[1912月2025 18:44:02.412] [Render thread/WARN] [net.irisshaders.iris.pipeline.transform.transformer.CompatibilityTransformer/]: The in declaration 'vertexDist' in the FRAGMENT shader that is never assigned to in the previous stage VERTEX has been compatibility-patched by adding an initialization for it. See debugging.md for more information.
[1912月2025 18:44:02.412] [Render thread/WARN] [net.irisshaders.iris.pipeline.transform.transformer.CompatibilityTransformer/]: The in declaration 'foliage' in the FRAGMENT shader that is never assigned to in the previous stage VERTEX has been compatibility-patched by adding an initialization for it. See debugging.md for more information.
[1912月2025 18:44:02.412] [Render thread/WARN] [net.irisshaders.iris.pipeline.transform.transformer.CompatibilityTransformer/]: The in declaration 'vCoord' in the FRAGMENT shader that is never assigned to in the previous stage VERTEX has been compatibility-patched by adding an initialization for it. See debugging.md for more information.
[1912月2025 18:44:02.412] [Render thread/WARN] [net.irisshaders.iris.pipeline.transform.transformer.CompatibilityTransformer/]: The in declaration 'vCoordAM' in the FRAGMENT shader that is never assigned to in the previous stage VERTEX has been compatibility-patched by adding an initialization for it. See debugging.md for more information.
[1912月2025 18:44:02.440] [Forge Version Check/INFO] [net.minecraftforge.fml.VersionChecker/]: [pickupnotifier] Found status: UP_TO_DATE Current: 8.0.0 Target: null
[1912月2025 18:44:02.440] [Forge Version Check/INFO] [net.minecraftforge.fml.VersionChecker/]: [advancementplaques] Starting version check at https://mc-update-check.anthonyhilyard.com/499826
[1912月2025 18:44:02.448] [Render thread/WARN] [net.irisshaders.iris.pipeline.transform.transformer.CompatibilityTransformer/]: The in declaration 'viewVec' in the FRAGMENT shader that is never assigned to in the previous stage VERTEX has been compatibility-patched by adding an initialization for it. See debugging.md for more information.
[1912月2025 18:44:02.448] [Render thread/WARN] [net.irisshaders.iris.pipeline.transform.transformer.CompatibilityTransformer/]: The in declaration 'vCoordAM' in the FRAGMENT shader that is never assigned to in the previous stage VERTEX has been compatibility-patched by adding an initialization for it. See debugging.md for more information.
[1912月2025 18:44:02.449] [Render thread/WARN] [net.irisshaders.iris.pipeline.transform.transformer.CompatibilityTransformer/]: The in declaration 'foliage' in the FRAGMENT shader that is never assigned to in the previous stage VERTEX has been compatibility-patched by adding an initialization for it. See debugging.md for more information.
[1912月2025 18:44:02.449] [Render thread/WARN] [net.irisshaders.iris.pipeline.transform.transformer.CompatibilityTransformer/]: The in declaration 'vCoord' in the FRAGMENT shader that is never assigned to in the previous stage VERTEX has been compatibility-patched by adding an initialization for it. See debugging.md for more information.
[1912月2025 18:44:02.449] [Render thread/WARN] [net.irisshaders.iris.pipeline.transform.transformer.CompatibilityTransformer/]: The in declaration 'vertexDist' in the FRAGMENT shader that is never assigned to in the previous stage VERTEX has been compatibility-patched by adding an initialization for it. See debugging.md for more information.
[1912月2025 18:44:02.484] [Render thread/WARN] [net.irisshaders.iris.pipeline.transform.transformer.CompatibilityTransformer/]: The in declaration 'foliage' in the FRAGMENT shader that is never assigned to in the previous stage VERTEX has been compatibility-patched by adding an initialization for it. See debugging.md for more information.
[1912月2025 18:44:02.485] [Render thread/WARN] [net.irisshaders.iris.pipeline.transform.transformer.CompatibilityTransformer/]: The in declaration 'vCoord' in the FRAGMENT shader that is never assigned to in the previous stage VERTEX has been compatibility-patched by adding an initialization for it. See debugging.md for more information.
[1912月2025 18:44:02.485] [Render thread/WARN] [net.irisshaders.iris.pipeline.transform.transformer.CompatibilityTransformer/]: The in declaration 'vertexDist' in the FRAGMENT shader that is never assigned to in the previous stage VERTEX has been compatibility-patched by adding an initialization for it. See debugging.md for more information.
[1912月2025 18:44:02.485] [Render thread/WARN] [net.irisshaders.iris.pipeline.transform.transformer.CompatibilityTransformer/]: The in declaration 'viewVec' in the FRAGMENT shader that is never assigned to in the previous stage VERTEX has been compatibility-patched by adding an initialization for it. See debugging.md for more information.
[1912月2025 18:44:02.485] [Render thread/WARN] [net.irisshaders.iris.pipeline.transform.transformer.CompatibilityTransformer/]: The in declaration 'vCoordAM' in the FRAGMENT shader that is never assigned to in the previous stage VERTEX has been compatibility-patched by adding an initialization for it. See debugging.md for more information.
[1912月2025 18:44:02.521] [Render thread/WARN] [net.irisshaders.iris.pipeline.transform.transformer.CompatibilityTransformer/]: The in declaration 'foliage' in the FRAGMENT shader that is never assigned to in the previous stage VERTEX has been compatibility-patched by adding an initialization for it. See debugging.md for more information.
[1912月2025 18:44:02.521] [Render thread/WARN] [net.irisshaders.iris.pipeline.transform.transformer.CompatibilityTransformer/]: The in declaration 'vCoordAM' in the FRAGMENT shader that is never assigned to in the previous stage VERTEX has been compatibility-patched by adding an initialization for it. See debugging.md for more information.
[1912月2025 18:44:02.522] [Render thread/WARN] [net.irisshaders.iris.pipeline.transform.transformer.CompatibilityTransformer/]: The in declaration 'vertexDist' in the FRAGMENT shader that is never assigned to in the previous stage VERTEX has been compatibility-patched by adding an initialization for it. See debugging.md for more information.
[1912月2025 18:44:02.522] [Render thread/WARN] [net.irisshaders.iris.pipeline.transform.transformer.CompatibilityTransformer/]: The in declaration 'vCoord' in the FRAGMENT shader that is never assigned to in the previous stage VERTEX has been compatibility-patched by adding an initialization for it. See debugging.md for more information.
[1912月2025 18:44:02.522] [Render thread/WARN] [net.irisshaders.iris.pipeline.transform.transformer.CompatibilityTransformer/]: The in declaration 'viewVec' in the FRAGMENT shader that is never assigned to in the previous stage VERTEX has been compatibility-patched by adding an initialization for it. See debugging.md for more information.
[1912月2025 18:44:02.556] [Render thread/WARN] [net.irisshaders.iris.pipeline.transform.transformer.CompatibilityTransformer/]: The in declaration 'vertexDist' in the FRAGMENT shader that is never assigned to in the previous stage VERTEX has been compatibility-patched by adding an initialization for it. See debugging.md for more information.
[1912月2025 18:44:02.556] [Render thread/WARN] [net.irisshaders.iris.pipeline.transform.transformer.CompatibilityTransformer/]: The in declaration 'vCoord' in the FRAGMENT shader that is never assigned to in the previous stage VERTEX has been compatibility-patched by adding an initialization for it. See debugging.md for more information.
[1912月2025 18:44:02.556] [Render thread/WARN] [net.irisshaders.iris.pipeline.transform.transformer.CompatibilityTransformer/]: The in declaration 'viewVec' in the FRAGMENT shader that is never assigned to in the previous stage VERTEX has been compatibility-patched by adding an initialization for it. See debugging.md for more information.
[1912月2025 18:44:02.556] [Render thread/WARN] [net.irisshaders.iris.pipeline.transform.transformer.CompatibilityTransformer/]: The in declaration 'foliage' in the FRAGMENT shader that is never assigned to in the previous stage VERTEX has been compatibility-patched by adding an initialization for it. See debugging.md for more information.
[1912月2025 18:44:02.556] [Render thread/WARN] [net.irisshaders.iris.pipeline.transform.transformer.CompatibilityTransformer/]: The in declaration 'vCoordAM' in the FRAGMENT shader that is never assigned to in the previous stage VERTEX has been compatibility-patched by adding an initialization for it. See debugging.md for more information.
[1912月2025 18:44:02.592] [Render thread/WARN] [net.irisshaders.iris.pipeline.transform.transformer.CompatibilityTransformer/]: The in declaration 'vertexDist' in the FRAGMENT shader that is never assigned to in the previous stage VERTEX has been compatibility-patched by adding an initialization for it. See debugging.md for more information.
[1912月2025 18:44:02.592] [Render thread/WARN] [net.irisshaders.iris.pipeline.transform.transformer.CompatibilityTransformer/]: The in declaration 'viewVec' in the FRAGMENT shader that is never assigned to in the previous stage VERTEX has been compatibility-patched by adding an initialization for it. See debugging.md for more information.
[1912月2025 18:44:02.592] [Render thread/WARN] [net.irisshaders.iris.pipeline.transform.transformer.CompatibilityTransformer/]: The in declaration 'vCoord' in the FRAGMENT shader that is never assigned to in the previous stage VERTEX has been compatibility-patched by adding an initialization for it. See debugging.md for more information.
[1912月2025 18:44:02.592] [Render thread/WARN] [net.irisshaders.iris.pipeline.transform.transformer.CompatibilityTransformer/]: The in declaration 'vCoordAM' in the FRAGMENT shader that is never assigned to in the previous stage VERTEX has been compatibility-patched by adding an initialization for it. See debugging.md for more information.
[1912月2025 18:44:02.799] [Render thread/WARN] [Embeddium-MixinTaintDetector/]: Mod(s) [oculus] are modifying Embeddium class me.jellysquid.mods.sodium.client.gl.device.GLRenderDevice$ImmediateDrawCommandList, which may cause instability.
[1912月2025 18:44:02.954] [Render thread/INFO] [ModernUI-MC/TextLayout]: Reloaded text layout engine, res level: 1 to 2, locale: zh_CN, layout RTL: false
[1912月2025 18:44:02.954] [Render thread/INFO] [ModernUI-MC/TextLayout]: Reloaded text layout engine, res level: 2 to 4, locale: zh_CN, layout RTL: false
[1912月2025 18:44:02.954] [Render thread/WARN] [ModernUI-MC/Init]: Gui scale 1.3159698423577795 should be an integer, some mods break this
[1912月2025 18:44:02.955] [Render thread/INFO] [ModernUI-MC/TextLayout]: Reloaded text layout engine, res level: 4 to 1, locale: zh_CN, layout RTL: false
[1912月2025 18:44:02.969] [Render thread/INFO] [FirstPersonModel/]: PlayerAnimator not found!
[1912月2025 18:44:02.970] [Render thread/INFO] [FirstPersonModel/]: Loaded Vanilla Hands items: [modern_kinetic_gun]
[1912月2025 18:44:02.970] [Render thread/INFO] [FirstPersonModel/]: Loaded Auto Disable items: []
[1912月2025 18:44:03.047] [Render thread/INFO] [ModernUI-MC/TextLayout]: Reloaded text layout engine, res level: 1 to 1, locale: zh_CN, layout RTL: false
[1912月2025 18:44:03.134] [Render thread/WARN] [ModernFix/]: Game took 39.212 seconds to start
[1912月2025 18:44:03.758] [Forge Version Check/INFO] [net.minecraftforge.fml.VersionChecker/]: [advancementplaques] Found status: UP_TO_DATE Current: 1.6.9 Target: null
[1912月2025 18:44:03.758] [Forge Version Check/INFO] [net.minecraftforge.fml.VersionChecker/]: [searchables] Starting version check at https://updates.blamejared.com/get?n=searchables&gv=1.20.1
[1912月2025 18:44:04.165] [Forge Version Check/INFO] [net.minecraftforge.fml.VersionChecker/]: [searchables] Found status: BETA Current: 1.0.3 Target: 1.0.3
[1912月2025 18:44:04.165] [Forge Version Check/INFO] [net.minecraftforge.fml.VersionChecker/]: [mr_dungeons_andtaverns] Starting version check at https://api.modrinth.com/updates/tpehi7ww/forge_updates.json
[1912月2025 18:44:05.254] [Forge Version Check/INFO] [net.minecraftforge.fml.VersionChecker/]: [mr_dungeons_andtaverns] Found status: OUTDATED Current: 3.0.3.f Target: 3.0.3.f+mod
[1912月2025 18:44:05.254] [Forge Version Check/INFO] [net.minecraftforge.fml.VersionChecker/]: [toms_storage] Starting version check at https://raw.githubusercontent.com/tom5454/Toms-Storage/master/version-check.json
[1912月2025 18:44:05.408] [Forge Version Check/INFO] [net.minecraftforge.fml.VersionChecker/]: [toms_storage] Found status: BETA Current: 1.7.1 Target: 1.7.1
[1912月2025 18:44:05.411] [Forge Version Check/INFO] [net.minecraftforge.fml.VersionChecker/]: [radium] Starting version check at https://api.modrinth.com/updates/radium/forge_updates.json
[1912月2025 18:44:05.550] [Render thread/INFO] [ModernUI-MC/TextLayout]: Reloaded text layout engine, res level: 1 to 2, locale: zh_CN, layout RTL: false
[1912月2025 18:44:05.550] [Render thread/INFO] [de.keksuccino.fancymenu.customization.layer.ScreenCustomizationLayerHandler/]: [FANCYMENU] ScreenCustomizationLayer registered: select_world_screen
[1912月2025 18:44:05.920] [Forge Version Check/INFO] [net.minecraftforge.fml.VersionChecker/]: [radium] Found status: AHEAD Current: 0.12.4+git.26c9d8e Target: null
[1912月2025 18:44:05.920] [Forge Version Check/INFO] [net.minecraftforge.fml.VersionChecker/]: [configured] Starting version check at https://mrcrayfish.com/modupdatejson?id=configured
[1912月2025 18:44:06.470] [Render thread/INFO] [de.keksuccino.fancymenu.customization.layer.ScreenCustomizationLayerHandler/]: [FANCYMENU] ScreenCustomizationLayer registered: generic_dirt_message_screen
[1912月2025 18:44:06.608] [Render thread/INFO] [tacz/GunPackFinder]: Start scanning for gun packs in D:\Desktop\mc\.minecraft\versions\Dreamingfish-EP01\tacz
[1912月2025 18:44:06.609] [Render thread/INFO] [tacz/GunPackFinder]: - tacz_default_gun, Main namespace: tacz
[1912月2025 18:44:06.609] [Render thread/INFO] [tacz/GunPackFinder]: Found 1 possible gunpack(s) and added them to resource set.
[1912月2025 18:44:07.102] [Render thread/INFO] [bettervillage/]: StructureSet modified for minecraft:village : Now using custom village configuration (can be disabled in the better villages config: boolean.villages.enabled_custom_config).
[1912月2025 18:44:08.120] [Render thread/INFO] [net.minecraft.world.item.crafting.RecipeManager/]: Skipping loading recipe eclipticseasons:seasons_chronicle as it's serializer returned null
[1912月2025 18:44:08.132] [Render thread/INFO] [net.minecraft.world.item.crafting.RecipeManager/]: Loaded 8 recipes
[1912月2025 18:44:08.242] [Render thread/INFO] [net.minecraft.advancements.AdvancementList/]: Loaded 2094 advancements
[1912月2025 18:44:08.251] [Render thread/INFO] [placebo/]: Registered 0 additional recipes.
[1912月2025 18:44:08.257] [Render thread/INFO] [oelib/]: Loading KeyPromptData data from 3 files (namespaces: [smartkeyprompts])
[1912月2025 18:44:08.262] [Render thread/INFO] [oelib/]: Loaded 3 valid KeyPromptData entries, 0 deferred entries, 0 invalid entries were skipped
[1912月2025 18:44:08.262] [Render thread/INFO] [smartkeyprompts/]: KeyPrompt data reloaded: 3 entries loaded, 0 invalid
[1912月2025 18:44:08.264] [Render thread/INFO] [oelib/]: Smart registration: found 6 total used functions: [isModLoaded, isInVehicle, mainHandItem, show, isScreenOpen, isKeyPressedOfDesc]
[1912月2025 18:44:08.271] [Render thread/INFO] [oelib/]: Expression engine initialized via generated registrars: 2 registrars, 6 functions
[1912月2025 18:44:08.428] [Render thread/INFO] [placebo/]: Registered 0 gear_sets.
[1912月2025 18:44:08.497] [Render thread/WARN] [net.minecraft.core.MappedRegistry/]: Not all defined tags for registry ResourceKey[minecraft:root / minecraft:worldgen/biome] are present in data pack: eclipticseasons:rain/droughty
[1912月2025 18:44:08.619] [Render thread/INFO] [eclipticseasons/]: Reload crop data cost 31 ms in server side.
[1912月2025 18:44:08.624] [Render thread/INFO] [eclipticseasons/]: Has registered extra snow definitions with size 6.
[1912月2025 18:44:08.634] [Render thread/WARN] [ModernFix/]: Initial datapack load took 2.034 s
[1912月2025 18:44:08.670] [Render thread/INFO] [de.keksuccino.fancymenu.customization.layer.ScreenCustomizationLayerHandler/]: [FANCYMENU] ScreenCustomizationLayer registered: progress_screen
[1912月2025 18:44:08.830] [Server thread/INFO] [net.minecraft.client.server.IntegratedServer/]: Starting integrated minecraft server version 1.20.1
[1912月2025 18:44:08.830] [Server thread/INFO] [net.minecraft.server.MinecraftServer/]: Generating keypair
[1912月2025 18:44:08.880] [Server thread/INFO] [com.tom.storagemod.StorageMod/]: Loaded Tom's Simple Storage config file toms_storage-server.toml
[1912月2025 18:44:08.882] [Server thread/INFO] [Puzzles Lib/]: Loading server config for pickupnotifier
[1912月2025 18:44:09.000] [Server thread/INFO] [terrablender/]: Initialized TerraBlender biomes for level stem minecraft:the_nether
[1912月2025 18:44:09.275] [Server thread/INFO] [terrablender/]: Initialized TerraBlender biomes for level stem minecraft:overworld
[1912月2025 18:44:09.288] [Render thread/INFO] [de.keksuccino.fancymenu.customization.layer.ScreenCustomizationLayerHandler/]: [FANCYMENU] ScreenCustomizationLayer registered: level_loading_screen
[1912月2025 18:44:09.320] [Server thread/WARN] [mixin/]: @Redirect conflict. Skipping servercore.common.mixins.json:optimizations.ticking.chunk.cache.ServerChunkCacheMixin->@Redirect::servercore$noList(I)Ljava/util/ArrayList; with priority 900, already redirected by lithium.mixins.json:alloc.chunk_ticking.ServerChunkManagerMixin->@Redirect::redirectChunksListClone(I)Ljava/util/ArrayList; with priority 1000
[1912月2025 18:44:09.704] [Server thread/WARN] [com.structureessentials.StructureEssentials/]: Non-unique structure_set salt:0 potentially creating overlapping structures detected. Structure sets: [minecraft:mineshafts, minecraft:strongholds, minecraft:buried_treasures]
[1912月2025 18:44:09.704] [Server thread/WARN] [com.structureessentials.StructureEssentials/]: Non-unique structure_set salt:783 potentially creating overlapping structures detected. Structure sets: [nova_structures:taverns, nova_structures:badlands_miner_outpost]
[1912月2025 18:44:09.704] [Server thread/WARN] [com.structureessentials.StructureEssentials/]: Non-unique structure_set salt:10387312 potentially creating overlapping structures detected. Structure sets: [minecraft:villages, nova_structures:villages_jungle, nova_structures:villages_swamp]
[1912月2025 18:44:09.704] [Server thread/WARN] [com.structureessentials.StructureEssentials/]: Non-unique structure_set salt:10387313 potentially creating overlapping structures detected. Structure sets: [minecraft:ocean_monuments, minecraft:end_cities]
[1912月2025 18:44:09.704] [Server thread/WARN] [com.structureessentials.StructureEssentials/]: Non-unique structure_set salt:4533232 potentially creating overlapping structures detected. Structure sets: [nova_structures:illager_camp, nova_structures:nether_camps]
[1912月2025 18:44:09.704] [Server thread/WARN] [com.structureessentials.StructureEssentials/]: Non-unique structure_set salt:239021 potentially creating overlapping structures detected. Structure sets: [nova_structures:desert_ruins, nova_structures:jungle_ruins]
[1912月2025 18:44:09.707] [Server thread/INFO] [net.regions_unexplored.RegionsUnexploredMod/]: Loading dimension "minecraft:the_nether" with biome source: "minecraft:multi_noise".
[1912月2025 18:44:09.707] [Server thread/INFO] [net.minecraft.server.MinecraftServer/]: Preparing start region for dimension minecraft:overworld
[1912月2025 18:44:09.709] [Server thread/WARN] [mixin/]: Method overwrite conflict for removeIf in lithium.mixins.json:world.chunk_tickets.SortedArraySetMixin, previously written by org.embeddedt.modernfix.common.mixin.bugfix.paper_chunk_patches.SortedArraySetMixin. Skipping method.
[1912月2025 18:44:10.602] [Render thread/INFO] [net.minecraft.server.level.progress.LoggerChunkProgressListener/]: 准备生成区域中：0%
[1912月2025 18:44:10.602] [Render thread/INFO] [net.minecraft.server.level.progress.LoggerChunkProgressListener/]: 准备生成区域中：0%
[1912月2025 18:44:10.728] [Render thread/INFO] [net.minecraft.server.level.progress.LoggerChunkProgressListener/]: 准备生成区域中：0%
[1912月2025 18:44:11.184] [Render thread/INFO] [ModernUI-MC/TextLayout]: Reloaded text layout engine, res level: 2 to 4, locale: zh_CN, layout RTL: false
[1912月2025 18:44:11.240] [Render thread/INFO] [net.minecraft.server.level.progress.LoggerChunkProgressListener/]: 准备生成区域中：87%
[1912月2025 18:44:11.252] [Forge Version Check/WARN] [net.minecraftforge.fml.VersionChecker/]: Failed to process update information
com.google.gson.JsonSyntaxException: java.lang.IllegalStateException: Expected BEGIN_OBJECT but was STRING at line 1 column 1 path $
	at com.google.gson.Gson.fromJson(Gson.java:1226) ~[gson-2.10.jar%2386!/:?]
	at com.google.gson.Gson.fromJson(Gson.java:1124) ~[gson-2.10.jar%2386!/:?]
	at com.google.gson.Gson.fromJson(Gson.java:1034) ~[gson-2.10.jar%2386!/:?]
	at com.google.gson.Gson.fromJson(Gson.java:969) ~[gson-2.10.jar%2386!/:?]
	at net.minecraftforge.fml.VersionChecker$1.process(VersionChecker.java:186) ~[fmlcore-1.20.1-47.4.13.jar%23315!/:?]
	at java.lang.Iterable.forEach(Iterable.java:75) ~[?:?]
	at net.minecraftforge.fml.VersionChecker$1.run(VersionChecker.java:117) ~[fmlcore-1.20.1-47.4.13.jar%23315!/:?]
Caused by: java.lang.IllegalStateException: Expected BEGIN_OBJECT but was STRING at line 1 column 1 path $
	at com.google.gson.stream.JsonReader.beginObject(JsonReader.java:393) ~[gson-2.10.jar%2386!/:?]
	at com.google.gson.internal.bind.MapTypeAdapterFactory$Adapter.read(MapTypeAdapterFactory.java:182) ~[gson-2.10.jar%2386!/:?]
	at com.google.gson.internal.bind.MapTypeAdapterFactory$Adapter.read(MapTypeAdapterFactory.java:144) ~[gson-2.10.jar%2386!/:?]
	at com.google.gson.Gson.fromJson(Gson.java:1214) ~[gson-2.10.jar%2386!/:?]
	... 6 more
[1912月2025 18:44:11.253] [Forge Version Check/INFO] [net.minecraftforge.fml.VersionChecker/]: [puzzlesaccessapi] Starting version check at https://raw.githubusercontent.com/Fuzss/modresources/main/update/puzzlesaccessapi.json
[1912月2025 18:44:11.278] [Render thread/INFO] [net.minecraft.server.level.progress.LoggerChunkProgressListener/]: Time elapsed: 1555 ms
[1912月2025 18:44:11.280] [Server thread/INFO] [net.minecraftforge.server.permission.PermissionAPI/]: Successfully initialized permission handler forge:default_handler
[1912月2025 18:44:11.320] [Server thread/INFO] [STDOUT/]: [com.mo.economy_system.core.territory_system.TerritoryBuffManager:loadConfig:70]: ? 正在加载 Buff 配置...
[1912月2025 18:44:11.320] [Server thread/INFO] [STDOUT/]: [com.mo.economy_system.core.territory_system.TerritoryBuffManager:loadConfig:73]: ? 已加载 Buff: speed_boost（速度++）
[1912月2025 18:44:11.320] [Server thread/INFO] [STDOUT/]: [com.mo.economy_system.core.territory_system.TerritoryBuffManager:loadConfig:74]:    ? 效果 ID: minecraft:speed
[1912月2025 18:44:11.320] [Server thread/INFO] [STDOUT/]: [com.mo.economy_system.core.territory_system.TerritoryBuffManager:loadConfig:75]:    ? 初始解锁状态: false
[1912月2025 18:44:11.320] [Server thread/INFO] [STDOUT/]: [com.mo.economy_system.core.territory_system.TerritoryBuffManager:loadConfig:76]:    ? 初始等级: 0/3
[1912月2025 18:44:11.321] [Server thread/INFO] [STDOUT/]: [com.mo.economy_system.core.territory_system.TerritoryBuffManager:loadConfig:77]:    ? 单次升级增加: 1
[1912月2025 18:44:11.321] [Server thread/INFO] [STDOUT/]: [com.mo.economy_system.core.territory_system.TerritoryBuffManager:loadConfig:78]:    ? 升级成本:
[1912月2025 18:44:11.321] [Server thread/INFO] [STDOUT/]: [com.mo.economy_system.core.territory_system.TerritoryBuffManager:loadConfig:82]:   - 物品: minecraft:emerald x 5
[1912月2025 18:44:11.321] [Server thread/INFO] [STDOUT/]: [com.mo.economy_system.core.territory_system.TerritoryBuffManager:loadConfig:82]:   - 物品: minecraft:diamond x 2
[1912月2025 18:44:11.321] [Server thread/INFO] [STDOUT/]: [com.mo.economy_system.core.territory_system.TerritoryBuffManager:loadConfig:82]:   - 物品: minecraft:gold_ingot x 10
[1912月2025 18:44:11.321] [Server thread/INFO] [STDOUT/]: [com.mo.economy_system.core.territory_system.TerritoryBuffManager:loadConfig:84]:      - 经验: 5
[1912月2025 18:44:11.321] [Server thread/INFO] [STDOUT/]: [com.mo.economy_system.core.territory_system.TerritoryBuffManager:loadConfig:85]:      - 货币: 10
[1912月2025 18:44:11.321] [Server thread/INFO] [STDOUT/]: [com.mo.economy_system.core.territory_system.TerritoryBuffManager:loadConfig:87]: -----------------------------
[1912月2025 18:44:11.427] [Server thread/INFO] [net.minecraft.client.server.IntegratedServer/]: Changing view distance to 12, from 10
[1912月2025 18:44:11.429] [Server thread/INFO] [net.minecraft.client.server.IntegratedServer/]: Changing simulation distance to 12, from 0
[1912月2025 18:44:11.558] [Forge Version Check/INFO] [net.minecraftforge.fml.VersionChecker/]: [puzzlesaccessapi] Found status: BETA Current: 20.1.1 Target: null
[1912月2025 18:44:11.558] [Forge Version Check/INFO] [net.minecraftforge.fml.VersionChecker/]: [forge] Starting version check at https://files.minecraftforge.net/net/minecraftforge/forge/promotions_slim.json
[1912月2025 18:44:11.583] [Render thread/WARN] [io.netty.util.internal.SystemPropertyUtil/]: Unable to parse the boolean system property 'java.net.preferIPv6Addresses':system - using the default value: false
[1912月2025 18:44:12.491] [Netty Local Client IO #0/INFO] [net.minecraftforge.network.NetworkHooks/]: Connected to a modded server.
[1912月2025 18:44:12.522] [Server thread/INFO] [net.minecraft.server.players.PlayerList/]: hanhanyu5014[local:E:199ee07c] logged in with entity id 170 at (205.0241844060704, 85.0, 176.45868047571955)
[1912月2025 18:44:12.561] [Server thread/INFO] [ModernFix/]: Using enhanced recipe sync for player hanhanyu5014
[1912月2025 18:44:12.625] [Server thread/INFO] [net.minecraft.server.MinecraftServer/]: hanhanyu5014加入了游戏
[1912月2025 18:44:12.643] [Render thread/INFO] [xaero.map.WorldMap/]: New world map session initialized!
[1912月2025 18:44:12.752] [Server thread/INFO] [com.mo.economy_system.EconomySystem/]: 玩家 hanhanyu5014 已有数据，无需重复初始化
[1912月2025 18:44:12.753] [Server thread/INFO] [com.mo.economy_system.EconomySystem/]: 玩家 hanhanyu5014 登录，记录登录时间: 1766141052753
[1912月2025 18:44:12.758] [Render thread/INFO] [xaero.hud.minimap.MinimapLogs/]: New Xaero hud session initialized!
[1912月2025 18:44:12.758] [Server thread/INFO] [Jade/]: Syncing config to hanhanyu5014 (00000000-0000-300c-9dbe-991166fa1966)
[1912月2025 18:44:12.776] [Server thread/INFO] [oelib/]: Sending KeyPromptData data: 3 entries, 4459 bytes
[1912月2025 18:44:12.782] [Server thread/INFO] [com.mo.economy_system.EconomySystem/]: 已向玩家 hanhanyu5014(00000000-0000-300c-9dbe-991166fa1966) 同步全量任务数据
[1912月2025 18:44:13.103] [Render thread/INFO] [Inventory Profiles Next/]: [Inventory Profiles Next] Loaded 0 external GUI hints
[1912月2025 18:44:13.103] [Render thread/INFO] [Inventory Profiles Next/]: [Inventory Profiles Next] Loaded 798 build-in GUI hints
[1912月2025 18:44:13.103] [Render thread/INFO] [Inventory Profiles Next/]: [Inventory Profiles Next] Effective GUI hints after merge: 798
[1912月2025 18:44:13.135] [Render thread/INFO] [Oculus/]: Reloading pipeline on dimension change: NamespacedId{namespace='minecraft', name='overworld'} => NamespacedId{namespace='minecraft', name='overworld'}
[1912月2025 18:44:13.137] [Render thread/INFO] [Oculus/]: Destroying pipeline NamespacedId{namespace='minecraft', name='overworld'}
[1912月2025 18:44:13.151] [Render thread/INFO] [Oculus/]: Creating pipeline for dimension NamespacedId{namespace='minecraft', name='overworld'}
[1912月2025 18:44:13.153] [Render thread/WARN] [eclipticseasons/]: Allow Oculus to use the biome_precipitation agent from eclipticseasons 
[1912月2025 18:44:13.153] [Render thread/WARN] [Oculus/]: Duplicated fixed uniform supplied as inputs to the Custom uniform holder: biome_precipitation
[1912月2025 18:44:13.153] [Render thread/INFO] [Oculus/]: Starting custom uniform resolving
[1912月2025 18:44:13.297] [Render thread/WARN] [net.irisshaders.iris.gl.shader.ProgramCreator/]: Program link log for composite4: Fragment info
-------------
0(17) : warning C7050: "MinColor" might be used before being initialized
0(18) : warning C7050: "MaxColor" might be used before being initialized

[1912月2025 18:44:13.344] [Render thread/WARN] [net.irisshaders.iris.pipeline.transform.transformer.CompatibilityTransformer/]: The in declaration 'vertexDist' in the FRAGMENT shader that is never assigned to in the previous stage VERTEX has been compatibility-patched by adding an initialization for it. See debugging.md for more information.
[1912月2025 18:44:13.344] [Render thread/WARN] [net.irisshaders.iris.pipeline.transform.transformer.CompatibilityTransformer/]: The in declaration 'viewVec' in the FRAGMENT shader that is never assigned to in the previous stage VERTEX has been compatibility-patched by adding an initialization for it. See debugging.md for more information.
[1912月2025 18:44:13.344] [Render thread/WARN] [net.irisshaders.iris.pipeline.transform.transformer.CompatibilityTransformer/]: The in declaration 'vCoordAM' in the FRAGMENT shader that is never assigned to in the previous stage VERTEX has been compatibility-patched by adding an initialization for it. See debugging.md for more information.
[1912月2025 18:44:13.344] [Render thread/WARN] [net.irisshaders.iris.pipeline.transform.transformer.CompatibilityTransformer/]: The in declaration 'vCoord' in the FRAGMENT shader that is never assigned to in the previous stage VERTEX has been compatibility-patched by adding an initialization for it. See debugging.md for more information.
[1912月2025 18:44:13.348] [Render thread/WARN] [net.irisshaders.iris.pipeline.transform.transformer.CompatibilityTransformer/]: The in declaration 'vCoordAM' in the FRAGMENT shader that is never assigned to in the previous stage VERTEX has been compatibility-patched by adding an initialization for it. See debugging.md for more information.
[1912月2025 18:44:13.348] [Render thread/WARN] [net.irisshaders.iris.pipeline.transform.transformer.CompatibilityTransformer/]: The in declaration 'viewVec' in the FRAGMENT shader that is never assigned to in the previous stage VERTEX has been compatibility-patched by adding an initialization for it. See debugging.md for more information.
[1912月2025 18:44:13.348] [Render thread/WARN] [net.irisshaders.iris.pipeline.transform.transformer.CompatibilityTransformer/]: The in declaration 'vCoord' in the FRAGMENT shader that is never assigned to in the previous stage VERTEX has been compatibility-patched by adding an initialization for it. See debugging.md for more information.
[1912月2025 18:44:13.348] [Render thread/WARN] [net.irisshaders.iris.pipeline.transform.transformer.CompatibilityTransformer/]: The in declaration 'vertexDist' in the FRAGMENT shader that is never assigned to in the previous stage VERTEX has been compatibility-patched by adding an initialization for it. See debugging.md for more information.
[1912月2025 18:44:13.378] [Render thread/WARN] [net.irisshaders.iris.pipeline.transform.transformer.CompatibilityTransformer/]: The in declaration 'viewVec' in the FRAGMENT shader that is never assigned to in the previous stage VERTEX has been compatibility-patched by adding an initialization for it. See debugging.md for more information.
[1912月2025 18:44:13.378] [Render thread/WARN] [net.irisshaders.iris.pipeline.transform.transformer.CompatibilityTransformer/]: The in declaration 'foliage' in the FRAGMENT shader that is never assigned to in the previous stage VERTEX has been compatibility-patched by adding an initialization for it. See debugging.md for more information.
[1912月2025 18:44:13.378] [Render thread/WARN] [net.irisshaders.iris.pipeline.transform.transformer.CompatibilityTransformer/]: The in declaration 'vCoordAM' in the FRAGMENT shader that is never assigned to in the previous stage VERTEX has been compatibility-patched by adding an initialization for it. See debugging.md for more information.
[1912月2025 18:44:13.378] [Render thread/WARN] [net.irisshaders.iris.pipeline.transform.transformer.CompatibilityTransformer/]: The in declaration 'vCoord' in the FRAGMENT shader that is never assigned to in the previous stage VERTEX has been compatibility-patched by adding an initialization for it. See debugging.md for more information.
[1912月2025 18:44:13.379] [Render thread/WARN] [net.irisshaders.iris.pipeline.transform.transformer.CompatibilityTransformer/]: The in declaration 'vertexDist' in the FRAGMENT shader that is never assigned to in the previous stage VERTEX has been compatibility-patched by adding an initialization for it. See debugging.md for more information.
[1912月2025 18:44:13.412] [Render thread/WARN] [net.irisshaders.iris.pipeline.transform.transformer.CompatibilityTransformer/]: The in declaration 'viewVec' in the FRAGMENT shader that is never assigned to in the previous stage VERTEX has been compatibility-patched by adding an initialization for it. See debugging.md for more information.
[1912月2025 18:44:13.412] [Render thread/WARN] [net.irisshaders.iris.pipeline.transform.transformer.CompatibilityTransformer/]: The in declaration 'foliage' in the FRAGMENT shader that is never assigned to in the previous stage VERTEX has been compatibility-patched by adding an initialization for it. See debugging.md for more information.
[1912月2025 18:44:13.412] [Render thread/WARN] [net.irisshaders.iris.pipeline.transform.transformer.CompatibilityTransformer/]: The in declaration 'vertexDist' in the FRAGMENT shader that is never assigned to in the previous stage VERTEX has been compatibility-patched by adding an initialization for it. See debugging.md for more information.
[1912月2025 18:44:13.412] [Render thread/WARN] [net.irisshaders.iris.pipeline.transform.transformer.CompatibilityTransformer/]: The in declaration 'vCoord' in the FRAGMENT shader that is never assigned to in the previous stage VERTEX has been compatibility-patched by adding an initialization for it. See debugging.md for more information.
[1912月2025 18:44:13.412] [Render thread/WARN] [net.irisshaders.iris.pipeline.transform.transformer.CompatibilityTransformer/]: The in declaration 'vCoordAM' in the FRAGMENT shader that is never assigned to in the previous stage VERTEX has been compatibility-patched by adding an initialization for it. See debugging.md for more information.
[1912月2025 18:44:13.442] [Render thread/WARN] [net.irisshaders.iris.pipeline.transform.transformer.CompatibilityTransformer/]: The in declaration 'vCoordAM' in the FRAGMENT shader that is never assigned to in the previous stage VERTEX has been compatibility-patched by adding an initialization for it. See debugging.md for more information.
[1912月2025 18:44:13.442] [Render thread/WARN] [net.irisshaders.iris.pipeline.transform.transformer.CompatibilityTransformer/]: The in declaration 'vCoord' in the FRAGMENT shader that is never assigned to in the previous stage VERTEX has been compatibility-patched by adding an initialization for it. See debugging.md for more information.
[1912月2025 18:44:13.442] [Render thread/WARN] [net.irisshaders.iris.pipeline.transform.transformer.CompatibilityTransformer/]: The in declaration 'viewVec' in the FRAGMENT shader that is never assigned to in the previous stage VERTEX has been compatibility-patched by adding an initialization for it. See debugging.md for more information.
[1912月2025 18:44:13.442] [Render thread/WARN] [net.irisshaders.iris.pipeline.transform.transformer.CompatibilityTransformer/]: The in declaration 'vertexDist' in the FRAGMENT shader that is never assigned to in the previous stage VERTEX has been compatibility-patched by adding an initialization for it. See debugging.md for more information.
[1912月2025 18:44:13.442] [Render thread/WARN] [net.irisshaders.iris.pipeline.transform.transformer.CompatibilityTransformer/]: The in declaration 'foliage' in the FRAGMENT shader that is never assigned to in the previous stage VERTEX has been compatibility-patched by adding an initialization for it. See debugging.md for more information.
[1912月2025 18:44:13.475] [Render thread/WARN] [net.irisshaders.iris.pipeline.transform.transformer.CompatibilityTransformer/]: The in declaration 'vCoord' in the FRAGMENT shader that is never assigned to in the previous stage VERTEX has been compatibility-patched by adding an initialization for it. See debugging.md for more information.
[1912月2025 18:44:13.475] [Render thread/WARN] [net.irisshaders.iris.pipeline.transform.transformer.CompatibilityTransformer/]: The in declaration 'vertexDist' in the FRAGMENT shader that is never assigned to in the previous stage VERTEX has been compatibility-patched by adding an initialization for it. See debugging.md for more information.
[1912月2025 18:44:13.475] [Render thread/WARN] [net.irisshaders.iris.pipeline.transform.transformer.CompatibilityTransformer/]: The in declaration 'viewVec' in the FRAGMENT shader that is never assigned to in the previous stage VERTEX has been compatibility-patched by adding an initialization for it. See debugging.md for more information.
[1912月2025 18:44:13.475] [Render thread/WARN] [net.irisshaders.iris.pipeline.transform.transformer.CompatibilityTransformer/]: The in declaration 'vCoordAM' in the FRAGMENT shader that is never assigned to in the previous stage VERTEX has been compatibility-patched by adding an initialization for it. See debugging.md for more information.
[1912月2025 18:44:13.497] [Render thread/WARN] [net.irisshaders.iris.pipeline.transform.transformer.CompatibilityTransformer/]: The in declaration 'viewVec' in the FRAGMENT shader that is never assigned to in the previous stage VERTEX has been compatibility-patched by adding an initialization for it. See debugging.md for more information.
[1912月2025 18:44:13.497] [Render thread/WARN] [net.irisshaders.iris.pipeline.transform.transformer.CompatibilityTransformer/]: The in declaration 'vCoord' in the FRAGMENT shader that is never assigned to in the previous stage VERTEX has been compatibility-patched by adding an initialization for it. See debugging.md for more information.
[1912月2025 18:44:13.497] [Render thread/WARN] [net.irisshaders.iris.pipeline.transform.transformer.CompatibilityTransformer/]: The in declaration 'vertexDist' in the FRAGMENT shader that is never assigned to in the previous stage VERTEX has been compatibility-patched by adding an initialization for it. See debugging.md for more information.
[1912月2025 18:44:13.497] [Render thread/WARN] [net.irisshaders.iris.pipeline.transform.transformer.CompatibilityTransformer/]: The in declaration 'vCoordAM' in the FRAGMENT shader that is never assigned to in the previous stage VERTEX has been compatibility-patched by adding an initialization for it. See debugging.md for more information.
[1912月2025 18:44:13.501] [Render thread/WARN] [net.irisshaders.iris.pipeline.transform.transformer.CompatibilityTransformer/]: The in declaration 'viewVec' in the FRAGMENT shader that is never assigned to in the previous stage VERTEX has been compatibility-patched by adding an initialization for it. See debugging.md for more information.
[1912月2025 18:44:13.502] [Render thread/WARN] [net.irisshaders.iris.pipeline.transform.transformer.CompatibilityTransformer/]: The in declaration 'vCoord' in the FRAGMENT shader that is never assigned to in the previous stage VERTEX has been compatibility-patched by adding an initialization for it. See debugging.md for more information.
[1912月2025 18:44:13.502] [Render thread/WARN] [net.irisshaders.iris.pipeline.transform.transformer.CompatibilityTransformer/]: The in declaration 'vertexDist' in the FRAGMENT shader that is never assigned to in the previous stage VERTEX has been compatibility-patched by adding an initialization for it. See debugging.md for more information.
[1912月2025 18:44:13.502] [Render thread/WARN] [net.irisshaders.iris.pipeline.transform.transformer.CompatibilityTransformer/]: The in declaration 'vCoordAM' in the FRAGMENT shader that is never assigned to in the previous stage VERTEX has been compatibility-patched by adding an initialization for it. See debugging.md for more information.
[1912月2025 18:44:13.505] [Forge Version Check/INFO] [net.minecraftforge.fml.VersionChecker/]: [forge] Found status: AHEAD Current: 47.4.13 Target: null
[1912月2025 18:44:13.505] [Forge Version Check/INFO] [net.minecraftforge.fml.VersionChecker/]: [enchdesc] Starting version check at https://updates.blamejared.com/get?n=enchdesc&gv=1.20.1
[1912月2025 18:44:13.507] [Render thread/WARN] [net.irisshaders.iris.pipeline.transform.transformer.CompatibilityTransformer/]: The in declaration 'vCoord' in the FRAGMENT shader that is never assigned to in the previous stage VERTEX has been compatibility-patched by adding an initialization for it. See debugging.md for more information.
[1912月2025 18:44:13.507] [Render thread/WARN] [net.irisshaders.iris.pipeline.transform.transformer.CompatibilityTransformer/]: The in declaration 'viewVec' in the FRAGMENT shader that is never assigned to in the previous stage VERTEX has been compatibility-patched by adding an initialization for it. See debugging.md for more information.
[1912月2025 18:44:13.507] [Render thread/WARN] [net.irisshaders.iris.pipeline.transform.transformer.CompatibilityTransformer/]: The in declaration 'vCoordAM' in the FRAGMENT shader that is never assigned to in the previous stage VERTEX has been compatibility-patched by adding an initialization for it. See debugging.md for more information.
[1912月2025 18:44:13.507] [Render thread/WARN] [net.irisshaders.iris.pipeline.transform.transformer.CompatibilityTransformer/]: The in declaration 'vertexDist' in the FRAGMENT shader that is never assigned to in the previous stage VERTEX has been compatibility-patched by adding an initialization for it. See debugging.md for more information.
[1912月2025 18:44:13.529] [Render thread/WARN] [net.irisshaders.iris.pipeline.transform.transformer.CompatibilityTransformer/]: The in declaration 'vertexDist' in the FRAGMENT shader that is never assigned to in the previous stage VERTEX has been compatibility-patched by adding an initialization for it. See debugging.md for more information.
[1912月2025 18:44:13.529] [Render thread/WARN] [net.irisshaders.iris.pipeline.transform.transformer.CompatibilityTransformer/]: The in declaration 'vCoordAM' in the FRAGMENT shader that is never assigned to in the previous stage VERTEX has been compatibility-patched by adding an initialization for it. See debugging.md for more information.
[1912月2025 18:44:13.529] [Render thread/WARN] [net.irisshaders.iris.pipeline.transform.transformer.CompatibilityTransformer/]: The in declaration 'vCoord' in the FRAGMENT shader that is never assigned to in the previous stage VERTEX has been compatibility-patched by adding an initialization for it. See debugging.md for more information.
[1912月2025 18:44:13.529] [Render thread/WARN] [net.irisshaders.iris.pipeline.transform.transformer.CompatibilityTransformer/]: The in declaration 'viewVec' in the FRAGMENT shader that is never assigned to in the previous stage VERTEX has been compatibility-patched by adding an initialization for it. See debugging.md for more information.
[1912月2025 18:44:13.553] [Render thread/WARN] [net.irisshaders.iris.pipeline.transform.transformer.CompatibilityTransformer/]: The in declaration 'vCoord' in the FRAGMENT shader that is never assigned to in the previous stage VERTEX has been compatibility-patched by adding an initialization for it. See debugging.md for more information.
[1912月2025 18:44:13.553] [Render thread/WARN] [net.irisshaders.iris.pipeline.transform.transformer.CompatibilityTransformer/]: The in declaration 'viewVec' in the FRAGMENT shader that is never assigned to in the previous stage VERTEX has been compatibility-patched by adding an initialization for it. See debugging.md for more information.
[1912月2025 18:44:13.553] [Render thread/WARN] [net.irisshaders.iris.pipeline.transform.transformer.CompatibilityTransformer/]: The in declaration 'vCoordAM' in the FRAGMENT shader that is never assigned to in the previous stage VERTEX has been compatibility-patched by adding an initialization for it. See debugging.md for more information.
[1912月2025 18:44:13.553] [Render thread/WARN] [net.irisshaders.iris.pipeline.transform.transformer.CompatibilityTransformer/]: The in declaration 'vertexDist' in the FRAGMENT shader that is never assigned to in the previous stage VERTEX has been compatibility-patched by adding an initialization for it. See debugging.md for more information.
[1912月2025 18:44:13.576] [Render thread/WARN] [net.irisshaders.iris.pipeline.transform.transformer.CompatibilityTransformer/]: The in declaration 'vertexDist' in the FRAGMENT shader that is never assigned to in the previous stage VERTEX has been compatibility-patched by adding an initialization for it. See debugging.md for more information.
[1912月2025 18:44:13.576] [Render thread/WARN] [net.irisshaders.iris.pipeline.transform.transformer.CompatibilityTransformer/]: The in declaration 'viewVec' in the FRAGMENT shader that is never assigned to in the previous stage VERTEX has been compatibility-patched by adding an initialization for it. See debugging.md for more information.
[1912月2025 18:44:13.576] [Render thread/WARN] [net.irisshaders.iris.pipeline.transform.transformer.CompatibilityTransformer/]: The in declaration 'vCoord' in the FRAGMENT shader that is never assigned to in the previous stage VERTEX has been compatibility-patched by adding an initialization for it. See debugging.md for more information.
[1912月2025 18:44:13.576] [Render thread/WARN] [net.irisshaders.iris.pipeline.transform.transformer.CompatibilityTransformer/]: The in declaration 'vCoordAM' in the FRAGMENT shader that is never assigned to in the previous stage VERTEX has been compatibility-patched by adding an initialization for it. See debugging.md for more information.
[1912月2025 18:44:13.603] [Render thread/WARN] [net.irisshaders.iris.pipeline.transform.transformer.CompatibilityTransformer/]: The in declaration 'vertexDist' in the FRAGMENT shader that is never assigned to in the previous stage VERTEX has been compatibility-patched by adding an initialization for it. See debugging.md for more information.
[1912月2025 18:44:13.603] [Render thread/WARN] [net.irisshaders.iris.pipeline.transform.transformer.CompatibilityTransformer/]: The in declaration 'viewVec' in the FRAGMENT shader that is never assigned to in the previous stage VERTEX has been compatibility-patched by adding an initialization for it. See debugging.md for more information.
[1912月2025 18:44:13.604] [Render thread/WARN] [net.irisshaders.iris.pipeline.transform.transformer.CompatibilityTransformer/]: The in declaration 'vCoordAM' in the FRAGMENT shader that is never assigned to in the previous stage VERTEX has been compatibility-patched by adding an initialization for it. See debugging.md for more information.
[1912月2025 18:44:13.604] [Render thread/WARN] [net.irisshaders.iris.pipeline.transform.transformer.CompatibilityTransformer/]: The in declaration 'vCoord' in the FRAGMENT shader that is never assigned to in the previous stage VERTEX has been compatibility-patched by adding an initialization for it. See debugging.md for more information.
[1912月2025 18:44:13.630] [Render thread/WARN] [net.irisshaders.iris.pipeline.transform.transformer.CompatibilityTransformer/]: The in declaration 'viewVec' in the FRAGMENT shader that is never assigned to in the previous stage VERTEX has been compatibility-patched by adding an initialization for it. See debugging.md for more information.
[1912月2025 18:44:13.630] [Render thread/WARN] [net.irisshaders.iris.pipeline.transform.transformer.CompatibilityTransformer/]: The in declaration 'vertexDist' in the FRAGMENT shader that is never assigned to in the previous stage VERTEX has been compatibility-patched by adding an initialization for it. See debugging.md for more information.
[1912月2025 18:44:13.630] [Render thread/WARN] [net.irisshaders.iris.pipeline.transform.transformer.CompatibilityTransformer/]: The in declaration 'vCoordAM' in the FRAGMENT shader that is never assigned to in the previous stage VERTEX has been compatibility-patched by adding an initialization for it. See debugging.md for more information.
[1912月2025 18:44:13.630] [Render thread/WARN] [net.irisshaders.iris.pipeline.transform.transformer.CompatibilityTransformer/]: The in declaration 'vCoord' in the FRAGMENT shader that is never assigned to in the previous stage VERTEX has been compatibility-patched by adding an initialization for it. See debugging.md for more information.
[1912月2025 18:44:13.651] [Render thread/WARN] [net.irisshaders.iris.pipeline.transform.transformer.CompatibilityTransformer/]: The in declaration 'viewVec' in the FRAGMENT shader that is never assigned to in the previous stage VERTEX has been compatibility-patched by adding an initialization for it. See debugging.md for more information.
[1912月2025 18:44:13.651] [Render thread/WARN] [net.irisshaders.iris.pipeline.transform.transformer.CompatibilityTransformer/]: The in declaration 'vCoord' in the FRAGMENT shader that is never assigned to in the previous stage VERTEX has been compatibility-patched by adding an initialization for it. See debugging.md for more information.
[1912月2025 18:44:13.651] [Render thread/WARN] [net.irisshaders.iris.pipeline.transform.transformer.CompatibilityTransformer/]: The in declaration 'vCoordAM' in the FRAGMENT shader that is never assigned to in the previous stage VERTEX has been compatibility-patched by adding an initialization for it. See debugging.md for more information.
[1912月2025 18:44:13.651] [Render thread/WARN] [net.irisshaders.iris.pipeline.transform.transformer.CompatibilityTransformer/]: The in declaration 'vertexDist' in the FRAGMENT shader that is never assigned to in the previous stage VERTEX has been compatibility-patched by adding an initialization for it. See debugging.md for more information.
[1912月2025 18:44:13.657] [Render thread/WARN] [net.irisshaders.iris.pipeline.transform.transformer.CompatibilityTransformer/]: The in declaration 'viewVec' in the FRAGMENT shader that is never assigned to in the previous stage VERTEX has been compatibility-patched by adding an initialization for it. See debugging.md for more information.
[1912月2025 18:44:13.657] [Render thread/WARN] [net.irisshaders.iris.pipeline.transform.transformer.CompatibilityTransformer/]: The in declaration 'vertexDist' in the FRAGMENT shader that is never assigned to in the previous stage VERTEX has been compatibility-patched by adding an initialization for it. See debugging.md for more information.
[1912月2025 18:44:13.657] [Render thread/WARN] [net.irisshaders.iris.pipeline.transform.transformer.CompatibilityTransformer/]: The in declaration 'vCoord' in the FRAGMENT shader that is never assigned to in the previous stage VERTEX has been compatibility-patched by adding an initialization for it. See debugging.md for more information.
[1912月2025 18:44:13.657] [Render thread/WARN] [net.irisshaders.iris.pipeline.transform.transformer.CompatibilityTransformer/]: The in declaration 'vCoordAM' in the FRAGMENT shader that is never assigned to in the previous stage VERTEX has been compatibility-patched by adding an initialization for it. See debugging.md for more information.
[1912月2025 18:44:13.662] [Render thread/WARN] [net.irisshaders.iris.pipeline.transform.transformer.CompatibilityTransformer/]: The in declaration 'viewVec' in the FRAGMENT shader that is never assigned to in the previous stage VERTEX has been compatibility-patched by adding an initialization for it. See debugging.md for more information.
[1912月2025 18:44:13.662] [Render thread/WARN] [net.irisshaders.iris.pipeline.transform.transformer.CompatibilityTransformer/]: The in declaration 'vCoordAM' in the FRAGMENT shader that is never assigned to in the previous stage VERTEX has been compatibility-patched by adding an initialization for it. See debugging.md for more information.
[1912月2025 18:44:13.662] [Render thread/WARN] [net.irisshaders.iris.pipeline.transform.transformer.CompatibilityTransformer/]: The in declaration 'vertexDist' in the FRAGMENT shader that is never assigned to in the previous stage VERTEX has been compatibility-patched by adding an initialization for it. See debugging.md for more information.
[1912月2025 18:44:13.662] [Render thread/WARN] [net.irisshaders.iris.pipeline.transform.transformer.CompatibilityTransformer/]: The in declaration 'vCoord' in the FRAGMENT shader that is never assigned to in the previous stage VERTEX has been compatibility-patched by adding an initialization for it. See debugging.md for more information.
[1912月2025 18:44:13.727] [Render thread/WARN] [net.irisshaders.iris.pipeline.transform.transformer.CompatibilityTransformer/]: The in declaration 'vertexDist' in the FRAGMENT shader that is never assigned to in the previous stage VERTEX has been compatibility-patched by adding an initialization for it. See debugging.md for more information.
[1912月2025 18:44:13.727] [Render thread/WARN] [net.irisshaders.iris.pipeline.transform.transformer.CompatibilityTransformer/]: The in declaration 'vCoord' in the FRAGMENT shader that is never assigned to in the previous stage VERTEX has been compatibility-patched by adding an initialization for it. See debugging.md for more information.
[1912月2025 18:44:13.727] [Render thread/WARN] [net.irisshaders.iris.pipeline.transform.transformer.CompatibilityTransformer/]: The in declaration 'viewVec' in the FRAGMENT shader that is never assigned to in the previous stage VERTEX has been compatibility-patched by adding an initialization for it. See debugging.md for more information.
[1912月2025 18:44:13.727] [Render thread/WARN] [net.irisshaders.iris.pipeline.transform.transformer.CompatibilityTransformer/]: The in declaration 'vCoordAM' in the FRAGMENT shader that is never assigned to in the previous stage VERTEX has been compatibility-patched by adding an initialization for it. See debugging.md for more information.
[1912月2025 18:44:13.752] [Render thread/WARN] [net.irisshaders.iris.pipeline.transform.transformer.CompatibilityTransformer/]: The in declaration 'viewVec' in the FRAGMENT shader that is never assigned to in the previous stage VERTEX has been compatibility-patched by adding an initialization for it. See debugging.md for more information.
[1912月2025 18:44:13.752] [Render thread/WARN] [net.irisshaders.iris.pipeline.transform.transformer.CompatibilityTransformer/]: The in declaration 'vCoordAM' in the FRAGMENT shader that is never assigned to in the previous stage VERTEX has been compatibility-patched by adding an initialization for it. See debugging.md for more information.
[1912月2025 18:44:13.752] [Render thread/WARN] [net.irisshaders.iris.pipeline.transform.transformer.CompatibilityTransformer/]: The in declaration 'vertexDist' in the FRAGMENT shader that is never assigned to in the previous stage VERTEX has been compatibility-patched by adding an initialization for it. See debugging.md for more information.
[1912月2025 18:44:13.752] [Render thread/WARN] [net.irisshaders.iris.pipeline.transform.transformer.CompatibilityTransformer/]: The in declaration 'vCoord' in the FRAGMENT shader that is never assigned to in the previous stage VERTEX has been compatibility-patched by adding an initialization for it. See debugging.md for more information.
[1912月2025 18:44:13.775] [Render thread/WARN] [net.irisshaders.iris.pipeline.transform.transformer.CompatibilityTransformer/]: The in declaration 'vCoord' in the FRAGMENT shader that is never assigned to in the previous stage VERTEX has been compatibility-patched by adding an initialization for it. See debugging.md for more information.
[1912月2025 18:44:13.775] [Render thread/WARN] [net.irisshaders.iris.pipeline.transform.transformer.CompatibilityTransformer/]: The in declaration 'vCoordAM' in the FRAGMENT shader that is never assigned to in the previous stage VERTEX has been compatibility-patched by adding an initialization for it. See debugging.md for more information.
[1912月2025 18:44:13.775] [Render thread/WARN] [net.irisshaders.iris.pipeline.transform.transformer.CompatibilityTransformer/]: The in declaration 'foliage' in the FRAGMENT shader that is never assigned to in the previous stage VERTEX has been compatibility-patched by adding an initialization for it. See debugging.md for more information.
[1912月2025 18:44:13.775] [Render thread/WARN] [net.irisshaders.iris.pipeline.transform.transformer.CompatibilityTransformer/]: The in declaration 'vertexDist' in the FRAGMENT shader that is never assigned to in the previous stage VERTEX has been compatibility-patched by adding an initialization for it. See debugging.md for more information.
[1912月2025 18:44:13.775] [Render thread/WARN] [net.irisshaders.iris.pipeline.transform.transformer.CompatibilityTransformer/]: The in declaration 'viewVec' in the FRAGMENT shader that is never assigned to in the previous stage VERTEX has been compatibility-patched by adding an initialization for it. See debugging.md for more information.
[1912月2025 18:44:13.811] [Render thread/WARN] [net.irisshaders.iris.pipeline.transform.transformer.CompatibilityTransformer/]: The in declaration 'vertexDist' in the FRAGMENT shader that is never assigned to in the previous stage VERTEX has been compatibility-patched by adding an initialization for it. See debugging.md for more information.
[1912月2025 18:44:13.811] [Render thread/WARN] [net.irisshaders.iris.pipeline.transform.transformer.CompatibilityTransformer/]: The in declaration 'viewVec' in the FRAGMENT shader that is never assigned to in the previous stage VERTEX has been compatibility-patched by adding an initialization for it. See debugging.md for more information.
[1912月2025 18:44:13.811] [Render thread/WARN] [net.irisshaders.iris.pipeline.transform.transformer.CompatibilityTransformer/]: The in declaration 'vCoord' in the FRAGMENT shader that is never assigned to in the previous stage VERTEX has been compatibility-patched by adding an initialization for it. See debugging.md for more information.
[1912月2025 18:44:13.811] [Render thread/WARN] [net.irisshaders.iris.pipeline.transform.transformer.CompatibilityTransformer/]: The in declaration 'vCoordAM' in the FRAGMENT shader that is never assigned to in the previous stage VERTEX has been compatibility-patched by adding an initialization for it. See debugging.md for more information.
[1912月2025 18:44:13.833] [Render thread/WARN] [net.irisshaders.iris.pipeline.transform.transformer.CompatibilityTransformer/]: The in declaration 'vCoord' in the FRAGMENT shader that is never assigned to in the previous stage VERTEX has been compatibility-patched by adding an initialization for it. See debugging.md for more information.
[1912月2025 18:44:13.834] [Render thread/WARN] [net.irisshaders.iris.pipeline.transform.transformer.CompatibilityTransformer/]: The in declaration 'vCoordAM' in the FRAGMENT shader that is never assigned to in the previous stage VERTEX has been compatibility-patched by adding an initialization for it. See debugging.md for more information.
[1912月2025 18:44:13.834] [Render thread/WARN] [net.irisshaders.iris.pipeline.transform.transformer.CompatibilityTransformer/]: The in declaration 'viewVec' in the FRAGMENT shader that is never assigned to in the previous stage VERTEX has been compatibility-patched by adding an initialization for it. See debugging.md for more information.
[1912月2025 18:44:13.834] [Render thread/WARN] [net.irisshaders.iris.pipeline.transform.transformer.CompatibilityTransformer/]: The in declaration 'vertexDist' in the FRAGMENT shader that is never assigned to in the previous stage VERTEX has been compatibility-patched by adding an initialization for it. See debugging.md for more information.
[1912月2025 18:44:13.839] [Render thread/WARN] [net.irisshaders.iris.pipeline.transform.transformer.CompatibilityTransformer/]: The in declaration 'foliage' in the FRAGMENT shader that is never assigned to in the previous stage VERTEX has been compatibility-patched by adding an initialization for it. See debugging.md for more information.
[1912月2025 18:44:13.839] [Render thread/WARN] [net.irisshaders.iris.pipeline.transform.transformer.CompatibilityTransformer/]: The in declaration 'vCoord' in the FRAGMENT shader that is never assigned to in the previous stage VERTEX has been compatibility-patched by adding an initialization for it. See debugging.md for more information.
[1912月2025 18:44:13.839] [Render thread/WARN] [net.irisshaders.iris.pipeline.transform.transformer.CompatibilityTransformer/]: The in declaration 'vertexDist' in the FRAGMENT shader that is never assigned to in the previous stage VERTEX has been compatibility-patched by adding an initialization for it. See debugging.md for more information.
[1912月2025 18:44:13.839] [Render thread/WARN] [net.irisshaders.iris.pipeline.transform.transformer.CompatibilityTransformer/]: The in declaration 'viewVec' in the FRAGMENT shader that is never assigned to in the previous stage VERTEX has been compatibility-patched by adding an initialization for it. See debugging.md for more information.
[1912月2025 18:44:13.839] [Render thread/WARN] [net.irisshaders.iris.pipeline.transform.transformer.CompatibilityTransformer/]: The in declaration 'vCoordAM' in the FRAGMENT shader that is never assigned to in the previous stage VERTEX has been compatibility-patched by adding an initialization for it. See debugging.md for more information.
[1912月2025 18:44:13.843] [Forge Version Check/INFO] [net.minecraftforge.fml.VersionChecker/]: [enchdesc] Found status: BETA_OUTDATED Current: 17.1.19 Target: 17.1.20
[1912月2025 18:44:13.844] [Forge Version Check/INFO] [net.minecraftforge.fml.VersionChecker/]: [smoothboot] Starting version check at https://github.com/AbdElAziz333/SmoothBoot-Reloaded/raw/mc1.20.1/dev/updates.json
[1912月2025 18:44:13.873] [Render thread/WARN] [net.irisshaders.iris.pipeline.transform.transformer.CompatibilityTransformer/]: The in declaration 'vertexDist' in the FRAGMENT shader that is never assigned to in the previous stage VERTEX has been compatibility-patched by adding an initialization for it. See debugging.md for more information.
[1912月2025 18:44:13.873] [Render thread/WARN] [net.irisshaders.iris.pipeline.transform.transformer.CompatibilityTransformer/]: The in declaration 'vCoordAM' in the FRAGMENT shader that is never assigned to in the previous stage VERTEX has been compatibility-patched by adding an initialization for it. See debugging.md for more information.
[1912月2025 18:44:13.873] [Render thread/WARN] [net.irisshaders.iris.pipeline.transform.transformer.CompatibilityTransformer/]: The in declaration 'viewVec' in the FRAGMENT shader that is never assigned to in the previous stage VERTEX has been compatibility-patched by adding an initialization for it. See debugging.md for more information.
[1912月2025 18:44:13.873] [Render thread/WARN] [net.irisshaders.iris.pipeline.transform.transformer.CompatibilityTransformer/]: The in declaration 'foliage' in the FRAGMENT shader that is never assigned to in the previous stage VERTEX has been compatibility-patched by adding an initialization for it. See debugging.md for more information.
[1912月2025 18:44:13.873] [Render thread/WARN] [net.irisshaders.iris.pipeline.transform.transformer.CompatibilityTransformer/]: The in declaration 'vCoord' in the FRAGMENT shader that is never assigned to in the previous stage VERTEX has been compatibility-patched by adding an initialization for it. See debugging.md for more information.
[1912月2025 18:44:13.907] [Render thread/WARN] [net.irisshaders.iris.pipeline.transform.transformer.CompatibilityTransformer/]: The in declaration 'foliage' in the FRAGMENT shader that is never assigned to in the previous stage VERTEX has been compatibility-patched by adding an initialization for it. See debugging.md for more information.
[1912月2025 18:44:13.907] [Render thread/WARN] [net.irisshaders.iris.pipeline.transform.transformer.CompatibilityTransformer/]: The in declaration 'vertexDist' in the FRAGMENT shader that is never assigned to in the previous stage VERTEX has been compatibility-patched by adding an initialization for it. See debugging.md for more information.
[1912月2025 18:44:13.907] [Render thread/WARN] [net.irisshaders.iris.pipeline.transform.transformer.CompatibilityTransformer/]: The in declaration 'viewVec' in the FRAGMENT shader that is never assigned to in the previous stage VERTEX has been compatibility-patched by adding an initialization for it. See debugging.md for more information.
[1912月2025 18:44:13.907] [Render thread/WARN] [net.irisshaders.iris.pipeline.transform.transformer.CompatibilityTransformer/]: The in declaration 'vCoord' in the FRAGMENT shader that is never assigned to in the previous stage VERTEX has been compatibility-patched by adding an initialization for it. See debugging.md for more information.
[1912月2025 18:44:13.907] [Render thread/WARN] [net.irisshaders.iris.pipeline.transform.transformer.CompatibilityTransformer/]: The in declaration 'vCoordAM' in the FRAGMENT shader that is never assigned to in the previous stage VERTEX has been compatibility-patched by adding an initialization for it. See debugging.md for more information.
[1912月2025 18:44:13.941] [Render thread/WARN] [net.irisshaders.iris.pipeline.transform.transformer.CompatibilityTransformer/]: The in declaration 'vCoord' in the FRAGMENT shader that is never assigned to in the previous stage VERTEX has been compatibility-patched by adding an initialization for it. See debugging.md for more information.
[1912月2025 18:44:13.941] [Render thread/WARN] [net.irisshaders.iris.pipeline.transform.transformer.CompatibilityTransformer/]: The in declaration 'foliage' in the FRAGMENT shader that is never assigned to in the previous stage VERTEX has been compatibility-patched by adding an initialization for it. See debugging.md for more information.
[1912月2025 18:44:13.941] [Render thread/WARN] [net.irisshaders.iris.pipeline.transform.transformer.CompatibilityTransformer/]: The in declaration 'viewVec' in the FRAGMENT shader that is never assigned to in the previous stage VERTEX has been compatibility-patched by adding an initialization for it. See debugging.md for more information.
[1912月2025 18:44:13.941] [Render thread/WARN] [net.irisshaders.iris.pipeline.transform.transformer.CompatibilityTransformer/]: The in declaration 'vertexDist' in the FRAGMENT shader that is never assigned to in the previous stage VERTEX has been compatibility-patched by adding an initialization for it. See debugging.md for more information.
[1912月2025 18:44:13.941] [Render thread/WARN] [net.irisshaders.iris.pipeline.transform.transformer.CompatibilityTransformer/]: The in declaration 'vCoordAM' in the FRAGMENT shader that is never assigned to in the previous stage VERTEX has been compatibility-patched by adding an initialization for it. See debugging.md for more information.
[1912月2025 18:44:13.975] [Render thread/WARN] [net.irisshaders.iris.pipeline.transform.transformer.CompatibilityTransformer/]: The in declaration 'vCoordAM' in the FRAGMENT shader that is never assigned to in the previous stage VERTEX has been compatibility-patched by adding an initialization for it. See debugging.md for more information.
[1912月2025 18:44:13.975] [Render thread/WARN] [net.irisshaders.iris.pipeline.transform.transformer.CompatibilityTransformer/]: The in declaration 'foliage' in the FRAGMENT shader that is never assigned to in the previous stage VERTEX has been compatibility-patched by adding an initialization for it. See debugging.md for more information.
[1912月2025 18:44:13.975] [Render thread/WARN] [net.irisshaders.iris.pipeline.transform.transformer.CompatibilityTransformer/]: The in declaration 'vCoord' in the FRAGMENT shader that is never assigned to in the previous stage VERTEX has been compatibility-patched by adding an initialization for it. See debugging.md for more information.
[1912月2025 18:44:13.975] [Render thread/WARN] [net.irisshaders.iris.pipeline.transform.transformer.CompatibilityTransformer/]: The in declaration 'viewVec' in the FRAGMENT shader that is never assigned to in the previous stage VERTEX has been compatibility-patched by adding an initialization for it. See debugging.md for more information.
[1912月2025 18:44:13.975] [Render thread/WARN] [net.irisshaders.iris.pipeline.transform.transformer.CompatibilityTransformer/]: The in declaration 'vertexDist' in the FRAGMENT shader that is never assigned to in the previous stage VERTEX has been compatibility-patched by adding an initialization for it. See debugging.md for more information.
[1912月2025 18:44:14.011] [Render thread/WARN] [net.irisshaders.iris.pipeline.transform.transformer.CompatibilityTransformer/]: The in declaration 'vertexDist' in the FRAGMENT shader that is never assigned to in the previous stage VERTEX has been compatibility-patched by adding an initialization for it. See debugging.md for more information.
[1912月2025 18:44:14.011] [Render thread/WARN] [net.irisshaders.iris.pipeline.transform.transformer.CompatibilityTransformer/]: The in declaration 'vCoord' in the FRAGMENT shader that is never assigned to in the previous stage VERTEX has been compatibility-patched by adding an initialization for it. See debugging.md for more information.
[1912月2025 18:44:14.011] [Render thread/WARN] [net.irisshaders.iris.pipeline.transform.transformer.CompatibilityTransformer/]: The in declaration 'foliage' in the FRAGMENT shader that is never assigned to in the previous stage VERTEX has been compatibility-patched by adding an initialization for it. See debugging.md for more information.
[1912月2025 18:44:14.011] [Render thread/WARN] [net.irisshaders.iris.pipeline.transform.transformer.CompatibilityTransformer/]: The in declaration 'viewVec' in the FRAGMENT shader that is never assigned to in the previous stage VERTEX has been compatibility-patched by adding an initialization for it. See debugging.md for more information.
[1912月2025 18:44:14.011] [Render thread/WARN] [net.irisshaders.iris.pipeline.transform.transformer.CompatibilityTransformer/]: The in declaration 'vCoordAM' in the FRAGMENT shader that is never assigned to in the previous stage VERTEX has been compatibility-patched by adding an initialization for it. See debugging.md for more information.
[1912月2025 18:44:14.047] [Render thread/WARN] [net.irisshaders.iris.pipeline.transform.transformer.CompatibilityTransformer/]: The in declaration 'viewVec' in the FRAGMENT shader that is never assigned to in the previous stage VERTEX has been compatibility-patched by adding an initialization for it. See debugging.md for more information.
[1912月2025 18:44:14.047] [Render thread/WARN] [net.irisshaders.iris.pipeline.transform.transformer.CompatibilityTransformer/]: The in declaration 'vertexDist' in the FRAGMENT shader that is never assigned to in the previous stage VERTEX has been compatibility-patched by adding an initialization for it. See debugging.md for more information.
[1912月2025 18:44:14.047] [Render thread/WARN] [net.irisshaders.iris.pipeline.transform.transformer.CompatibilityTransformer/]: The in declaration 'vCoord' in the FRAGMENT shader that is never assigned to in the previous stage VERTEX has been compatibility-patched by adding an initialization for it. See debugging.md for more information.
[1912月2025 18:44:14.048] [Render thread/WARN] [net.irisshaders.iris.pipeline.transform.transformer.CompatibilityTransformer/]: The in declaration 'vCoordAM' in the FRAGMENT shader that is never assigned to in the previous stage VERTEX has been compatibility-patched by adding an initialization for it. See debugging.md for more information.
[1912月2025 18:44:14.207] [Render thread/WARN] [Embeddium-MixinTaintDetector/]: Mod(s) [oculus] are modifying Embeddium class me.jellysquid.mods.sodium.client.render.chunk.RenderSectionManager, which may cause instability.
[1912月2025 18:44:14.215] [Render thread/WARN] [Embeddium-MixinTaintDetector/]: Mod(s) [eclipticseasons, oculus] are modifying Embeddium class me.jellysquid.mods.sodium.client.render.chunk.compile.tasks.ChunkBuilderMeshingTask, which may cause instability.
[1912月2025 18:44:14.234] [Render thread/WARN] [Embeddium-MixinTaintDetector/]: Mod(s) [oculus] are modifying Embeddium class me.jellysquid.mods.sodium.client.render.chunk.vertex.format.ChunkMeshFormats, which may cause instability.
[1912月2025 18:44:14.237] [Render thread/WARN] [Embeddium-MixinTaintDetector/]: Mod(s) [oculus] are modifying Embeddium class me.jellysquid.mods.sodium.client.render.chunk.vertex.format.ChunkMeshAttribute, which may cause instability.
[1912月2025 18:44:14.240] [Render thread/WARN] [Embeddium-MixinTaintDetector/]: Mod(s) [oculus] are modifying Embeddium class me.jellysquid.mods.sodium.client.gl.attribute.GlVertexFormat$Builder, which may cause instability.
[1912月2025 18:44:14.244] [Render thread/WARN] [Embeddium-MixinTaintDetector/]: Mod(s) [oculus] are modifying Embeddium class me.jellysquid.mods.sodium.client.gl.attribute.GlVertexAttributeFormat, which may cause instability.
[1912月2025 18:44:14.249] [Render thread/WARN] [Embeddium-MixinTaintDetector/]: Mod(s) [oculus] are modifying Embeddium class me.jellysquid.mods.sodium.client.render.chunk.DefaultChunkRenderer, which may cause instability.
[1912月2025 18:44:14.251] [Render thread/WARN] [Embeddium-MixinTaintDetector/]: Mod(s) [oculus] are modifying Embeddium class me.jellysquid.mods.sodium.client.render.chunk.ShaderChunkRenderer, which may cause instability.
[1912月2025 18:44:14.274] [Render thread/WARN] [Embeddium-MixinTaintDetector/]: Mod(s) [oculus] are modifying Embeddium class me.jellysquid.mods.sodium.client.render.chunk.compile.ChunkBuildBuffers, which may cause instability.
[1912月2025 18:44:14.277] [Render thread/WARN] [Embeddium-MixinTaintDetector/]: Mod(s) [oculus] are modifying Embeddium class me.jellysquid.mods.sodium.client.render.chunk.vertex.builder.ChunkMeshBufferBuilder, which may cause instability.
[1912月2025 18:44:14.279] [Render thread/WARN] [Embeddium-MixinTaintDetector/]: Mod(s) [oculus] are modifying Embeddium class me.jellysquid.mods.sodium.client.render.chunk.compile.buffers.BakedChunkModelBuilder, which may cause instability.
[1912月2025 18:44:14.282] [Render thread/WARN] [Embeddium-MixinTaintDetector/]: Mod(s) [eclipticseasons] are modifying Embeddium class me.jellysquid.mods.sodium.client.world.WorldSlice, which may cause instability.
[1912月2025 18:44:14.285] [Render thread/WARN] [mixin/]: Error loading class: net/fabricmc/fabric/api/blockview/v2/FabricBlockView (java.lang.ClassNotFoundException: net.fabricmc.fabric.api.blockview.v2.FabricBlockView)
[1912月2025 18:44:14.287] [Render thread/WARN] [mixin/]: Error loading class: net/fabricmc/fabric/api/rendering/data/v1/RenderAttachedBlockView (java.lang.ClassNotFoundException: net.fabricmc.fabric.api.rendering.data.v1.RenderAttachedBlockView)
[1912月2025 18:44:14.288] [Render thread/WARN] [mixin/]: Error loading class: net/fabricmc/fabric/api/blockview/v2/FabricBlockView (java.lang.ClassNotFoundException: net.fabricmc.fabric.api.blockview.v2.FabricBlockView)
[1912月2025 18:44:14.289] [Render thread/WARN] [mixin/]: Error loading class: net/fabricmc/fabric/api/blockview/v2/FabricBlockView (java.lang.ClassNotFoundException: net.fabricmc.fabric.api.blockview.v2.FabricBlockView)
[1912月2025 18:44:14.290] [Render thread/WARN] [mixin/]: Error loading class: net/fabricmc/fabric/api/blockview/v2/FabricBlockView (java.lang.ClassNotFoundException: net.fabricmc.fabric.api.blockview.v2.FabricBlockView)
[1912月2025 18:44:14.290] [Render thread/WARN] [mixin/]: Error loading class: net/fabricmc/fabric/api/blockview/v2/FabricBlockView (java.lang.ClassNotFoundException: net.fabricmc.fabric.api.blockview.v2.FabricBlockView)
[1912月2025 18:44:14.291] [Render thread/WARN] [mixin/]: Error loading class: net/fabricmc/fabric/api/blockview/v2/FabricBlockView (java.lang.ClassNotFoundException: net.fabricmc.fabric.api.blockview.v2.FabricBlockView)
[1912月2025 18:44:14.291] [Render thread/WARN] [mixin/]: Error loading class: net/fabricmc/fabric/api/blockview/v2/FabricBlockView (java.lang.ClassNotFoundException: net.fabricmc.fabric.api.blockview.v2.FabricBlockView)
[1912月2025 18:44:14.291] [Render thread/WARN] [mixin/]: Error loading class: net/fabricmc/fabric/api/blockview/v2/FabricBlockView (java.lang.ClassNotFoundException: net.fabricmc.fabric.api.blockview.v2.FabricBlockView)
[1912月2025 18:44:14.292] [Render thread/WARN] [mixin/]: Error loading class: net/fabricmc/fabric/api/rendering/data/v1/RenderAttachedBlockView (java.lang.ClassNotFoundException: net.fabricmc.fabric.api.rendering.data.v1.RenderAttachedBlockView)
[1912月2025 18:44:14.298] [Render thread/WARN] [Embeddium-MixinTaintDetector/]: Mod(s) [oculus] are modifying Embeddium class me.jellysquid.mods.sodium.client.model.light.smooth.SmoothLightPipeline, which may cause instability.
[1912月2025 18:44:14.300] [Render thread/WARN] [Embeddium-MixinTaintDetector/]: Mod(s) [oculus] are modifying Embeddium class me.jellysquid.mods.sodium.client.model.light.flat.FlatLightPipeline, which may cause instability.
[1912月2025 18:44:14.304] [Render thread/WARN] [Embeddium-MixinTaintDetector/]: Mod(s) [eclipticseasons] are modifying Embeddium class me.jellysquid.mods.sodium.client.render.chunk.compile.pipeline.BlockRenderer, which may cause instability.
[1912月2025 18:44:14.312] [Render thread/INFO] [ChunkBuilder/]: Started 10 worker threads
[1912月2025 18:44:14.340] [Render thread/INFO] [com.imoonday.tradeenchantmentdisplay.TradeEnchantmentDisplay/]: Loading cache
[1912月2025 18:44:14.342] [Render thread/INFO] [com.imoonday.tradeenchantmentdisplay.TradeEnchantmentDisplay/]: Loaded 0 offers from cache
[1912月2025 18:44:14.342] [Render thread/INFO] [mezz.jei.forge.startup.StartEventObserver/]: JEI StartEventObserver received class net.minecraftforge.client.event.ClientPlayerNetworkEvent$LoggingIn
[1912月2025 18:44:14.342] [Render thread/INFO] [mezz.jei.forge.startup.StartEventObserver/]: JEI StartEventObserver transitioning state from DISABLED to ENABLED
[1912月2025 18:44:14.347] [Render thread/INFO] [de.keksuccino.fancymenu.customization.layer.ScreenCustomizationLayerHandler/]: [FANCYMENU] ScreenCustomizationLayer registered: receiving_level_screen
[1912月2025 18:44:14.581] [Render thread/WARN] [net.minecraft.core.MappedRegistry/]: Not all defined tags for registry ResourceKey[minecraft:root / minecraft:worldgen/biome] are present in data pack: eclipticseasons:rain/droughty
[1912月2025 18:44:14.597] [Render thread/INFO] [eclipticseasons/]: Reload crop data cost 6 ms in client side.
[1912月2025 18:44:14.597] [Render thread/INFO] [eclipticseasons/]: Has registered extra snow definitions with size 6.
[1912月2025 18:44:14.597] [Render thread/INFO] [mezz.jei.forge.startup.StartEventObserver/]: JEI StartEventObserver received class net.minecraftforge.event.TagsUpdatedEvent
[1912月2025 18:44:14.666] [Render thread/INFO] [mezz.jei.forge.startup.StartEventObserver/]: JEI StartEventObserver received class net.minecraftforge.client.event.RecipesUpdatedEvent
[1912月2025 18:44:14.666] [Render thread/INFO] [mezz.jei.forge.startup.StartEventObserver/]: JEI StartEventObserver transitioning state from ENABLED to JEI_STARTED
[1912月2025 18:44:14.667] [Render thread/INFO] [mezz.jei.core.util.LoggedTimer/]: Starting JEI...
[1912月2025 18:44:14.674] [Render thread/INFO] [mezz.jei.library.load.PluginCaller/]: Registering item subtypes...
[1912月2025 18:44:14.680] [Render thread/INFO] [mezz.jei.library.load.PluginCaller/]: Registering item subtypes took 5.470 ms
[1912月2025 18:44:14.680] [Render thread/INFO] [mezz.jei.library.load.PluginCaller/]: Registering fluid subtypes...
[1912月2025 18:44:14.680] [Render thread/INFO] [mezz.jei.library.load.PluginCaller/]: Registering fluid subtypes took 655.1 μs
[1912月2025 18:44:14.681] [Render thread/INFO] [mezz.jei.library.load.PluginCaller/]: Registering ingredients...
[1912月2025 18:44:14.733] [Render thread/WARN] [mezz.jei.library.plugins.vanilla.ingredients.ItemStackListFactory/]: Item Group has no display items and no search tab display items. Items from this group will be missing from the JEI ingredient list. 管理员用品
[1912月2025 18:44:14.794] [Render thread/INFO] [mezz.jei.library.load.PluginCallerTimerRunnable/]: Registering ingredients: jei:minecraft took 112.2 milliseconds
[1912月2025 18:44:14.794] [Render thread/INFO] [mezz.jei.library.load.PluginCaller/]: Registering ingredients took 112.8 ms
[1912月2025 18:44:14.794] [Render thread/INFO] [mezz.jei.library.load.PluginCaller/]: Registering extra ingredients...
[1912月2025 18:44:14.795] [Render thread/INFO] [mezz.jei.library.load.PluginCaller/]: Registering extra ingredients took 483.1 μs
[1912月2025 18:44:14.795] [Render thread/INFO] [mezz.jei.library.load.PluginCaller/]: Registering search ingredient aliases...
[1912月2025 18:44:14.796] [Render thread/INFO] [mezz.jei.library.load.PluginCaller/]: Registering search ingredient aliases took 629.9 μs
[1912月2025 18:44:14.805] [Render thread/INFO] [mezz.jei.library.load.PluginCaller/]: Registering categories...
[1912月2025 18:44:14.820] [Render thread/INFO] [mezz.jei.library.load.PluginCaller/]: Registering categories took 14.22 ms
[1912月2025 18:44:14.820] [Render thread/INFO] [mezz.jei.library.load.PluginCaller/]: Registering vanilla category extensions...
[1912月2025 18:44:14.822] [Render thread/INFO] [mezz.jei.library.load.PluginCaller/]: Registering vanilla category extensions took 1.865 ms
[1912月2025 18:44:14.823] [Render thread/INFO] [mezz.jei.library.load.PluginCaller/]: Registering recipe catalysts...
[1912月2025 18:44:14.824] [Render thread/INFO] [mezz.jei.library.load.PluginCaller/]: Registering recipe catalysts took 1.251 ms
[1912月2025 18:44:14.824] [Render thread/INFO] [mezz.jei.core.util.LoggedTimer/]: Building recipe registry...
[1912月2025 18:44:14.830] [Render thread/INFO] [mezz.jei.core.util.LoggedTimer/]: Building recipe registry took 5.342 ms
[1912月2025 18:44:14.830] [Render thread/INFO] [mezz.jei.library.load.PluginCaller/]: Registering advanced plugins...
[1912月2025 18:44:14.831] [Render thread/INFO] [mezz.jei.library.load.PluginCaller/]: Registering advanced plugins took 372.9 μs
[1912月2025 18:44:14.831] [Render thread/INFO] [mezz.jei.library.load.PluginCaller/]: Registering recipes...
[1912月2025 18:44:15.084] [Render thread/INFO] [mezz.jei.library.load.PluginCallerTimerRunnable/]: Registering recipes: jei:minecraft took 252.1 milliseconds
[1912月2025 18:44:15.133] [Render thread/INFO] [mezz.jei.library.load.PluginCallerTimerRunnable/]: Registering recipes: tacz:jei took 40.09 milliseconds
[1912月2025 18:44:15.147] [Render thread/INFO] [mezz.jei.library.load.PluginCallerTimerRunnable/]: Registering recipes: eclipticseasons:jei_plugin took 12.58 milliseconds
[1912月2025 18:44:15.147] [Render thread/INFO] [mezz.jei.library.load.PluginCaller/]: Registering recipes took 315.3 ms
[1912月2025 18:44:15.161] [Render thread/INFO] [mezz.jei.library.load.PluginCaller/]: Registering recipes transfer handlers...
[1912月2025 18:44:15.175] [Render thread/INFO] [mezz.jei.library.load.PluginCaller/]: Registering recipes transfer handlers took 13.79 ms
[1912月2025 18:44:15.183] [Render thread/INFO] [mezz.jei.core.util.LoggedTimer/]: Building runtime...
[1912月2025 18:44:15.187] [Render thread/INFO] [mezz.jei.library.load.PluginCaller/]: Registering gui handlers...
[1912月2025 18:44:15.214] [Render thread/INFO] [mezz.jei.library.load.PluginCallerTimerRunnable/]: Registering gui handlers: jei:gui took 13.28 milliseconds
[1912月2025 18:44:15.214] [Render thread/INFO] [mezz.jei.library.load.PluginCaller/]: Registering gui handlers took 26.18 ms
[1912月2025 18:44:15.223] [Render thread/INFO] [mezz.jei.library.load.PluginCaller/]: Registering Runtime...
[1912月2025 18:44:15.225] [Render thread/INFO] [mezz.jei.gui.startup.JeiGuiStarter/]: Starting JEI GUI
[1912月2025 18:44:15.225] [Render thread/INFO] [mezz.jei.core.util.LoggedTimer/]: Building ingredient list...
[1912月2025 18:44:15.269] [Render thread/INFO] [mezz.jei.core.util.LoggedTimer/]: Building ingredient list took 42.68 ms
[1912月2025 18:44:15.269] [Render thread/INFO] [mezz.jei.core.util.LoggedTimer/]: Building ingredient filter...
[1912月2025 18:44:15.325] [Render thread/INFO] [mezz.jei.gui.ingredients.IngredientFilter/]: Adding 2598 ingredients
[1912月2025 18:44:15.564] [Render thread/INFO] [mezz.jei.gui.ingredients.IngredientFilter/]: Added 2598 ingredients
[1912月2025 18:44:15.565] [Render thread/INFO] [mezz.jei.core.util.LoggedTimer/]: Building ingredient filter took 295.4 ms
[1912月2025 18:44:15.744] [Render thread/INFO] [mezz.jei.library.load.PluginCallerTimerRunnable/]: Registering Runtime: jei:forge_gui took 520.5 milliseconds
[1912月2025 18:44:15.744] [Render thread/INFO] [mezz.jei.library.load.PluginCaller/]: Registering Runtime took 521.2 ms
[1912月2025 18:44:15.745] [Render thread/INFO] [mezz.jei.core.util.LoggedTimer/]: Building runtime took 561.8 ms
[1912月2025 18:44:15.745] [Render thread/INFO] [mezz.jei.library.load.PluginCaller/]: Sending Runtime...
[1912月2025 18:44:15.745] [Render thread/INFO] [mezz.jei.library.load.PluginCaller/]: Sending Runtime took 358.1 μs
[1912月2025 18:44:15.745] [Render thread/INFO] [mezz.jei.core.util.LoggedTimer/]: Starting JEI took 1.079 s
[1912月2025 18:44:15.757] [Render thread/INFO] [xaero.hud.minimap.MinimapLogs/]: Minimap updated server level id: 1888830400 for world ResourceKey[minecraft:dimension / minecraft:overworld]
[1912月2025 18:44:15.868] [Render thread/INFO] [Jade/]: Received config from the server: 
[1912月2025 18:44:15.876] [Render thread/INFO] [smartkeyprompts/]: KeyPrompt data reloaded: 3 entries loaded, 0 invalid
[1912月2025 18:44:15.876] [Render thread/INFO] [oelib/]: Smart registration: found 6 total used functions: [isModLoaded, isInVehicle, mainHandItem, show, isScreenOpen, isKeyPressedOfDesc]
[1912月2025 18:44:15.876] [Render thread/INFO] [oelib/]: Expression engine initialized via generated registrars: 2 registrars, 6 functions
[1912月2025 18:44:15.876] [Render thread/INFO] [oelib/]: Successfully processed 3 KeyPromptData data entries
[1912月2025 18:44:15.888] [Render thread/INFO] [net.minecraft.advancements.AdvancementList/]: Loaded 92 advancements
[1912月2025 18:44:15.915] [Server thread/INFO] [de.keksuccino.fancymenu.networking.packets.handshake.ServerSideHandshakePacketLogic/]: [FANCYMENU] A client with FancyMenu installed joined the server: hanhanyu5014
[1912月2025 18:44:15.925] [Render thread/INFO] [net.minecraft.client.gui.components.ChatComponent/]: [System] [CHAT] [EconomySystem] 当前已是最新版本！
[1912月2025 18:44:16.104] [Render thread/WARN] [Embeddium-MixinTaintDetector/]: Mod(s) [eclipticseasons] are modifying Embeddium class me.jellysquid.mods.sodium.client.world.cloned.ClonedChunkSection, which may cause instability.
[1912月2025 18:44:16.150] [Render thread/WARN] [net.irisshaders.iris.pipeline.transform.transformer.CompatibilityTransformer/]: The in declaration 'viewVec' in the FRAGMENT shader that is never assigned to in the previous stage VERTEX has been compatibility-patched by adding an initialization for it. See debugging.md for more information.
[1912月2025 18:44:16.150] [Render thread/WARN] [net.irisshaders.iris.pipeline.transform.transformer.CompatibilityTransformer/]: The in declaration 'vertexDist' in the FRAGMENT shader that is never assigned to in the previous stage VERTEX has been compatibility-patched by adding an initialization for it. See debugging.md for more information.
[1912月2025 18:44:16.150] [Render thread/WARN] [net.irisshaders.iris.pipeline.transform.transformer.CompatibilityTransformer/]: The in declaration 'vCoordAM' in the FRAGMENT shader that is never assigned to in the previous stage VERTEX has been compatibility-patched by adding an initialization for it. See debugging.md for more information.
[1912月2025 18:44:16.150] [Render thread/WARN] [net.irisshaders.iris.pipeline.transform.transformer.CompatibilityTransformer/]: The in declaration 'vCoord' in the FRAGMENT shader that is never assigned to in the previous stage VERTEX has been compatibility-patched by adding an initialization for it. See debugging.md for more information.
[1912月2025 18:44:16.150] [Render thread/WARN] [net.irisshaders.iris.pipeline.transform.transformer.CompatibilityTransformer/]: The in declaration 'foliage' in the FRAGMENT shader that is never assigned to in the previous stage VERTEX has been compatibility-patched by adding an initialization for it. See debugging.md for more information.
[1912月2025 18:44:16.159] [Render thread/WARN] [net.irisshaders.iris.pipeline.transform.transformer.CompatibilityTransformer/]: The in declaration 'vCoordAM' in the FRAGMENT shader that is never assigned to in the previous stage VERTEX has been compatibility-patched by adding an initialization for it. See debugging.md for more information.
[1912月2025 18:44:16.159] [Render thread/WARN] [net.irisshaders.iris.pipeline.transform.transformer.CompatibilityTransformer/]: The in declaration 'viewVec' in the FRAGMENT shader that is never assigned to in the previous stage VERTEX has been compatibility-patched by adding an initialization for it. See debugging.md for more information.
[1912月2025 18:44:16.159] [Render thread/WARN] [net.irisshaders.iris.pipeline.transform.transformer.CompatibilityTransformer/]: The in declaration 'foliage' in the FRAGMENT shader that is never assigned to in the previous stage VERTEX has been compatibility-patched by adding an initialization for it. See debugging.md for more information.
[1912月2025 18:44:16.159] [Render thread/WARN] [net.irisshaders.iris.pipeline.transform.transformer.CompatibilityTransformer/]: The in declaration 'vertexDist' in the FRAGMENT shader that is never assigned to in the previous stage VERTEX has been compatibility-patched by adding an initialization for it. See debugging.md for more information.
[1912月2025 18:44:16.159] [Render thread/WARN] [net.irisshaders.iris.pipeline.transform.transformer.CompatibilityTransformer/]: The in declaration 'vCoord' in the FRAGMENT shader that is never assigned to in the previous stage VERTEX has been compatibility-patched by adding an initialization for it. See debugging.md for more information.
[1912月2025 18:44:16.180] [Render thread/WARN] [Embeddium-MixinTaintDetector/]: Mod(s) [oculus] are modifying Embeddium class me.jellysquid.mods.sodium.client.gl.shader.ShaderType, which may cause instability.
[1912月2025 18:44:16.183] [Render thread/WARN] [Embeddium-MixinTaintDetector/]: Mod(s) [oculus] are modifying Embeddium class me.jellysquid.mods.sodium.client.gl.shader.GlProgram, which may cause instability.
[1912月2025 18:44:16.364] [Render thread/WARN] [Embeddium-MixinTaintDetector/]: Mod(s) [oculus] are modifying Embeddium class me.jellysquid.mods.sodium.client.render.vertex.serializers.VertexSerializerRegistryImpl, which may cause instability.
[1912月2025 18:44:16.374] [Render thread/WARN] [Embeddium-MixinTaintDetector/]: Mod(s) [oculus] are modifying Embeddium class me.jellysquid.mods.sodium.client.render.immediate.model.BakedModelEncoder, which may cause instability.
[1912月2025 18:44:16.568] [Render thread/INFO] [de.keksuccino.fancymenu.customization.layer.ScreenCustomizationLayerHandler/]: [FANCYMENU] ScreenCustomizationLayer registered: spiffy_overlay
[1912月2025 18:44:16.663] [Render thread/INFO] [xaero.hud.minimap.MinimapLogs/]: Reloading radar icon resources...
[1912月2025 18:44:16.696] [Render thread/INFO] [xaero.hud.minimap.MinimapLogs/]: Reloaded radar icon resources!
[1912月2025 18:44:16.713] [Render thread/INFO] [net.minecraft.client.gui.components.ChatComponent/]: [System] [CHAT] Critical incompatibilities found!

TT20 is not stable on singleplayer and you may find yourself having unwanted side effects. You can disable each feature in the config if it gets too annoying.
[1912月2025 18:44:16.834] [Render thread/INFO] [de.keksuccino.fancymenu.networking.packets.handshake.ClientSideHandshakePacketLogic/]: [FANCYMENU] Connected to a server with FancyMenu installed: local_lan_world
[1912月2025 18:44:16.885] [Render thread/WARN] [Embeddium-MixinTaintDetector/]: Mod(s) [oculus] are modifying Embeddium class me.jellysquid.mods.sodium.client.render.chunk.region.RenderRegion$DeviceResources, which may cause instability.
[1912月2025 18:44:17.475] [Render thread/WARN] [ModernFix/]: Time from main menu to in-game was 8.8385315 seconds
[1912月2025 18:44:17.475] [Render thread/WARN] [ModernFix/]: Total time to load game and open world was 48.050533 seconds
[1912月2025 18:44:17.585] [Server thread/INFO] [net.minecraft.client.server.IntegratedServer/]: Saving and pausing game...
[1912月2025 18:44:17.618] [Server thread/INFO] [net.minecraft.server.MinecraftServer/]: Saving chunks for level 'ServerLevel[宣传片2镜头]'/minecraft:overworld
[1912月2025 18:44:17.646] [Server thread/INFO] [net.minecraft.server.MinecraftServer/]: Saving chunks for level 'ServerLevel[宣传片2镜头]'/minecraft:the_end
[1912月2025 18:44:17.647] [Server thread/INFO] [net.minecraft.server.MinecraftServer/]: Saving chunks for level 'ServerLevel[宣传片2镜头]'/minecraft:the_nether
[1912月2025 18:44:18.541] [Render thread/INFO] [de.keksuccino.fancymenu.customization.layer.ScreenCustomizationLayerHandler/]: [FANCYMENU] ScreenCustomizationLayer registered: options_screen
[1912月2025 18:44:18.943] [Render thread/WARN] [Embeddium-MixinTaintDetector/]: Mod(s) [oculus] are modifying Embeddium class me.jellysquid.mods.sodium.client.gui.SodiumGameOptionPages, which may cause instability.
[1912月2025 18:44:18.969] [Render thread/WARN] [Embeddium-MixinTaintDetector/]: Mod(s) [oculus] are modifying Embeddium class me.jellysquid.mods.sodium.client.gui.options.OptionImpl, which may cause instability.
[1912月2025 18:44:19.058] [Render thread/WARN] [Embeddium/]: Id must be specified in OptionPage '光影包…'
[1912月2025 18:44:19.065] [Render thread/INFO] [de.keksuccino.fancymenu.customization.layer.ScreenCustomizationLayerHandler/]: [FANCYMENU] ScreenCustomizationLayer registered: me.jellysquid.mods.sodium.client.gui.SodiumOptionsGUI
[1912月2025 18:44:19.085] [Render thread/INFO] [de.keksuccino.fancymenu.customization.layer.ScreenCustomizationLayerHandler/]: [FANCYMENU] ScreenCustomizationLayer registered: org.embeddedt.embeddium.gui.EmbeddiumVideoOptionsScreen
[1912月2025 18:44:19.705] [Render thread/INFO] [de.keksuccino.fancymenu.customization.layer.ScreenCustomizationLayerHandler/]: [FANCYMENU] ScreenCustomizationLayer registered: net.irisshaders.iris.gui.screen.ShaderPackScreen
[1912月2025 18:44:28.845] [Forge Version Check/WARN] [net.minecraftforge.fml.VersionChecker/]: Failed to process update information
java.net.http.HttpTimeoutException: request timed out
	at jdk.internal.net.http.HttpClientImpl.send(HttpClientImpl.java:953) ~[java.net.http:?]
	at jdk.internal.net.http.HttpClientFacade.send(HttpClientFacade.java:133) ~[java.net.http:?]
	at net.minecraftforge.fml.VersionChecker$1.openUrlString(VersionChecker.java:142) ~[fmlcore-1.20.1-47.4.13.jar%23315!/:?]
	at net.minecraftforge.fml.VersionChecker$1.process(VersionChecker.java:180) ~[fmlcore-1.20.1-47.4.13.jar%23315!/:?]
	at java.lang.Iterable.forEach(Iterable.java:75) ~[?:?]
	at net.minecraftforge.fml.VersionChecker$1.run(VersionChecker.java:117) ~[fmlcore-1.20.1-47.4.13.jar%23315!/:?]
[1912月2025 18:44:28.846] [Forge Version Check/INFO] [net.minecraftforge.fml.VersionChecker/]: [iceberg] Starting version check at https://mc-update-check.anthonyhilyard.com/520110
[1912月2025 18:44:30.315] [Forge Version Check/INFO] [net.minecraftforge.fml.VersionChecker/]: [iceberg] Found status: UP_TO_DATE Current: 1.1.25 Target: null
[1912月2025 18:44:30.316] [Forge Version Check/INFO] [net.minecraftforge.fml.VersionChecker/]: [puzzleslib] Starting version check at https://raw.githubusercontent.com/Fuzss/modresources/main/update/puzzleslib.json
[1912月2025 18:44:30.512] [Forge Version Check/INFO] [net.minecraftforge.fml.VersionChecker/]: [puzzleslib] Found status: UP_TO_DATE Current: 8.1.33 Target: null
[1912月2025 18:44:30.512] [Forge Version Check/INFO] [net.minecraftforge.fml.VersionChecker/]: [presencefootsteps] Starting version check at https://forge.curseupdate.com/433068/presencefootsteps
[1912月2025 18:44:37.267] [Render thread/INFO] [Oculus/]: Destroying pipeline NamespacedId{namespace='minecraft', name='overworld'}
[1912月2025 18:44:37.382] [Render thread/WARN] [Oculus/]: Found flag CUSTOM_IMAGES
[1912月2025 18:44:37.382] [Render thread/WARN] [Oculus/]: Found flag ENTITY_TRANSLUCENT
[1912月2025 18:44:37.383] [Render thread/WARN] [Oculus/]: Invalid pack option: GTAO
[1912月2025 18:44:37.383] [Render thread/WARN] [Oculus/]: Invalid pack option: GTAO
[1912月2025 18:44:37.383] [Render thread/WARN] [Oculus/]: Tried to get boolean value for unknown option: 1, defaulting to true!
[1912月2025 18:44:37.383] [Render thread/WARN] [Oculus/]: Tried to get boolean value for unknown option: 1, defaulting to true!
[1912月2025 18:44:37.383] [Render thread/WARN] [Oculus/]: Tried to get boolean value for unknown option: 1, defaulting to true!
[1912月2025 18:44:37.383] [Render thread/WARN] [Oculus/]: Tried to get boolean value for unknown option: 1, defaulting to true!
[1912月2025 18:44:37.383] [Render thread/WARN] [Oculus/]: Tried to get boolean value for unknown option: 1, defaulting to true!
[1912月2025 18:44:37.383] [Render thread/WARN] [Oculus/]: Tried to get boolean value for unknown option: 1, defaulting to true!
[1912月2025 18:44:37.383] [Render thread/WARN] [Oculus/]: Tried to get boolean value for unknown option: 1, defaulting to true!
[1912月2025 18:44:37.383] [Render thread/WARN] [Oculus/]: Tried to get boolean value for unknown option: 1, defaulting to true!
[1912月2025 18:44:37.383] [Render thread/WARN] [Oculus/]: Tried to get boolean value for unknown option: 1, defaulting to true!
[1912月2025 18:44:37.383] [Render thread/WARN] [Oculus/]: Tried to get boolean value for unknown option: 1, defaulting to true!
[1912月2025 18:44:37.383] [Render thread/WARN] [Oculus/]: Tried to get boolean value for unknown option: 1, defaulting to true!
[1912月2025 18:44:37.383] [Render thread/WARN] [Oculus/]: Tried to get boolean value for unknown option: 1, defaulting to true!
[1912月2025 18:44:37.383] [Render thread/WARN] [Oculus/]: Tried to get boolean value for unknown option: 1, defaulting to true!
[1912月2025 18:44:37.384] [Render thread/WARN] [Oculus/]: Tried to get boolean value for unknown option: 1, defaulting to true!
[1912月2025 18:44:37.384] [Render thread/WARN] [Oculus/]: Tried to get boolean value for unknown option: 1, defaulting to true!
[1912月2025 18:44:37.384] [Render thread/WARN] [Oculus/]: Tried to get boolean value for unknown option: 1, defaulting to true!
[1912月2025 18:44:37.384] [Render thread/WARN] [Oculus/]: Tried to get boolean value for unknown option: 1, defaulting to true!
[1912月2025 18:44:37.384] [Render thread/WARN] [Oculus/]: Tried to get boolean value for unknown option: 1, defaulting to true!
[1912月2025 18:44:37.384] [Render thread/WARN] [Oculus/]: Tried to get boolean value for unknown option: 1, defaulting to true!
[1912月2025 18:44:37.384] [Render thread/WARN] [Oculus/]: Tried to get boolean value for unknown option: 1, defaulting to true!
[1912月2025 18:44:37.384] [Render thread/WARN] [Oculus/]: Tried to get boolean value for unknown option: 1, defaulting to true!
[1912月2025 18:44:37.384] [Render thread/WARN] [Oculus/]: Tried to get boolean value for unknown option: 1, defaulting to true!
[1912月2025 18:44:37.384] [Render thread/WARN] [Oculus/]: Tried to get boolean value for unknown option: 1, defaulting to true!
[1912月2025 18:44:37.384] [Render thread/WARN] [Oculus/]: Tried to get boolean value for unknown option: 1, defaulting to true!
[1912月2025 18:44:37.384] [Render thread/WARN] [Oculus/]: Tried to get boolean value for unknown option: 1, defaulting to true!
[1912月2025 18:44:37.384] [Render thread/WARN] [Oculus/]: Tried to get boolean value for unknown option: 1, defaulting to true!
[1912月2025 18:44:37.384] [Render thread/WARN] [Oculus/]: Tried to get boolean value for unknown option: 1, defaulting to true!
[1912月2025 18:44:37.384] [Render thread/WARN] [Oculus/]: Tried to get boolean value for unknown option: 1, defaulting to true!
[1912月2025 18:44:37.384] [Render thread/WARN] [Oculus/]: Tried to get boolean value for unknown option: 1, defaulting to true!
[1912月2025 18:44:37.384] [Render thread/WARN] [Oculus/]: Tried to get boolean value for unknown option: 1, defaulting to true!
[1912月2025 18:44:37.384] [Render thread/WARN] [Oculus/]: Tried to get boolean value for unknown option: 1, defaulting to true!
[1912月2025 18:44:37.384] [Render thread/WARN] [Oculus/]: Tried to get boolean value for unknown option: 1, defaulting to true!
[1912月2025 18:44:37.384] [Render thread/WARN] [Oculus/]: Tried to get boolean value for unknown option: 1, defaulting to true!
[1912月2025 18:44:37.384] [Render thread/WARN] [Oculus/]: Tried to get boolean value for unknown option: 1, defaulting to true!
[1912月2025 18:44:37.384] [Render thread/WARN] [Oculus/]: Tried to get boolean value for unknown option: 1, defaulting to true!
[1912月2025 18:44:37.384] [Render thread/WARN] [Oculus/]: Tried to get boolean value for unknown option: 1, defaulting to true!
[1912月2025 18:44:37.384] [Render thread/WARN] [Oculus/]: Tried to get boolean value for unknown option: 1, defaulting to true!
[1912月2025 18:44:37.384] [Render thread/WARN] [Oculus/]: Tried to get boolean value for unknown option: 1, defaulting to true!
[1912月2025 18:44:37.384] [Render thread/WARN] [Oculus/]: Tried to get boolean value for unknown option: 1, defaulting to true!
[1912月2025 18:44:37.384] [Render thread/WARN] [Oculus/]: Tried to get boolean value for unknown option: 1, defaulting to true!
[1912月2025 18:44:37.384] [Render thread/WARN] [Oculus/]: Tried to get boolean value for unknown option: 1, defaulting to true!
[1912月2025 18:44:37.384] [Render thread/WARN] [Oculus/]: Tried to get boolean value for unknown option: 1, defaulting to true!
[1912月2025 18:44:37.384] [Render thread/WARN] [Oculus/]: Tried to get boolean value for unknown option: 1, defaulting to true!
[1912月2025 18:44:37.384] [Render thread/WARN] [Oculus/]: Tried to get boolean value for unknown option: 1, defaulting to true!
[1912月2025 18:44:37.384] [Render thread/WARN] [Oculus/]: Tried to get boolean value for unknown option: 1, defaulting to true!
[1912月2025 18:44:37.384] [Render thread/WARN] [Oculus/]: Tried to get boolean value for unknown option: 1, defaulting to true!
[1912月2025 18:44:37.384] [Render thread/WARN] [Oculus/]: Tried to get boolean value for unknown option: 1, defaulting to true!
[1912月2025 18:44:37.384] [Render thread/WARN] [Oculus/]: Tried to get boolean value for unknown option: 1, defaulting to true!
[1912月2025 18:44:37.388] [Render thread/INFO] [Oculus/]: Profile: high (+0 options changed by user)
[1912月2025 18:44:37.987] [Forge Version Check/INFO] [net.minecraftforge.fml.VersionChecker/]: [presencefootsteps] Found status: BETA Current: 1.20.1-1.9.1-beta.1 Target: 1.20.1-1.9.1-beta.1
[1912月2025 18:44:38.142] [Render thread/INFO] [org.anarres.cpp.DefaultPreprocessorListener/]: null:0:0: error: #endif without #if
[1912月2025 18:44:38.208] [Render thread/INFO] [Oculus/]: Using shaderpack: Photon-GAMS-main.zip
[1912月2025 18:44:38.208] [Render thread/INFO] [Oculus/]: Creating pipeline for dimension NamespacedId{namespace='minecraft', name='overworld'}
[1912月2025 18:44:38.764] [Render thread/INFO] [org.anarres.cpp.DefaultPreprocessorListener/]: null:0:0: error: #endif without #if
[1912月2025 18:44:38.793] [Render thread/WARN] [eclipticseasons/]: Allow Oculus to use the biome_precipitation agent from eclipticseasons 
[1912月2025 18:44:38.793] [Render thread/WARN] [Oculus/]: Duplicated fixed uniform supplied as inputs to the Custom uniform holder: biome_precipitation
[1912月2025 18:44:38.793] [Render thread/INFO] [Oculus/]: Starting custom uniform resolving
[1912月2025 18:44:50.663] [Render thread/INFO] [ChunkBuilder/]: Stopping worker threads
[1912月2025 18:44:50.672] [Render thread/INFO] [ChunkBuilder/]: Started 10 worker threads
[1912月2025 18:45:04.236] [Server thread/INFO] [net.minecraft.client.server.IntegratedServer/]: Saving and pausing game...
[1912月2025 18:45:04.240] [Server thread/INFO] [net.minecraft.server.MinecraftServer/]: Saving chunks for level 'ServerLevel[宣传片2镜头]'/minecraft:overworld
[1912月2025 18:45:04.246] [Server thread/INFO] [net.minecraft.server.MinecraftServer/]: Saving chunks for level 'ServerLevel[宣传片2镜头]'/minecraft:the_end
[1912月2025 18:45:04.247] [Server thread/INFO] [net.minecraft.server.MinecraftServer/]: Saving chunks for level 'ServerLevel[宣传片2镜头]'/minecraft:the_nether
[1912月2025 18:45:09.831] [Render thread/WARN] [Embeddium/]: Id must be specified in OptionPage '光影包…'
[1912月2025 18:45:14.475] [Render thread/INFO] [Oculus/]: Destroying pipeline NamespacedId{namespace='minecraft', name='overworld'}
[1912月2025 18:45:14.545] [Render thread/WARN] [Oculus/]: Found flag CUSTOM_IMAGES
[1912月2025 18:45:14.545] [Render thread/WARN] [Oculus/]: Found flag ENTITY_TRANSLUCENT
[1912月2025 18:45:14.545] [Render thread/WARN] [Oculus/]: Invalid pack option: GTAO
[1912月2025 18:45:14.545] [Render thread/WARN] [Oculus/]: Invalid pack option: GTAO
[1912月2025 18:45:14.545] [Render thread/WARN] [Oculus/]: Tried to get boolean value for unknown option: 1, defaulting to true!
[1912月2025 18:45:14.545] [Render thread/WARN] [Oculus/]: Tried to get boolean value for unknown option: 1, defaulting to true!
[1912月2025 18:45:14.545] [Render thread/WARN] [Oculus/]: Tried to get boolean value for unknown option: 1, defaulting to true!
[1912月2025 18:45:14.545] [Render thread/WARN] [Oculus/]: Tried to get boolean value for unknown option: 1, defaulting to true!
[1912月2025 18:45:14.545] [Render thread/WARN] [Oculus/]: Tried to get boolean value for unknown option: 1, defaulting to true!
[1912月2025 18:45:14.545] [Render thread/WARN] [Oculus/]: Tried to get boolean value for unknown option: 1, defaulting to true!
[1912月2025 18:45:14.545] [Render thread/WARN] [Oculus/]: Tried to get boolean value for unknown option: 1, defaulting to true!
[1912月2025 18:45:14.545] [Render thread/WARN] [Oculus/]: Tried to get boolean value for unknown option: 1, defaulting to true!
[1912月2025 18:45:14.545] [Render thread/WARN] [Oculus/]: Tried to get boolean value for unknown option: 1, defaulting to true!
[1912月2025 18:45:14.545] [Render thread/WARN] [Oculus/]: Tried to get boolean value for unknown option: 1, defaulting to true!
[1912月2025 18:45:14.545] [Render thread/WARN] [Oculus/]: Tried to get boolean value for unknown option: 1, defaulting to true!
[1912月2025 18:45:14.545] [Render thread/WARN] [Oculus/]: Tried to get boolean value for unknown option: 1, defaulting to true!
[1912月2025 18:45:14.545] [Render thread/WARN] [Oculus/]: Tried to get boolean value for unknown option: 1, defaulting to true!
[1912月2025 18:45:14.545] [Render thread/WARN] [Oculus/]: Tried to get boolean value for unknown option: 1, defaulting to true!
[1912月2025 18:45:14.545] [Render thread/WARN] [Oculus/]: Tried to get boolean value for unknown option: 1, defaulting to true!
[1912月2025 18:45:14.545] [Render thread/WARN] [Oculus/]: Tried to get boolean value for unknown option: 1, defaulting to true!
[1912月2025 18:45:14.545] [Render thread/WARN] [Oculus/]: Tried to get boolean value for unknown option: 1, defaulting to true!
[1912月2025 18:45:14.545] [Render thread/WARN] [Oculus/]: Tried to get boolean value for unknown option: 1, defaulting to true!
[1912月2025 18:45:14.545] [Render thread/WARN] [Oculus/]: Tried to get boolean value for unknown option: 1, defaulting to true!
[1912月2025 18:45:14.545] [Render thread/WARN] [Oculus/]: Tried to get boolean value for unknown option: 1, defaulting to true!
[1912月2025 18:45:14.546] [Render thread/WARN] [Oculus/]: Tried to get boolean value for unknown option: 1, defaulting to true!
[1912月2025 18:45:14.546] [Render thread/WARN] [Oculus/]: Tried to get boolean value for unknown option: 1, defaulting to true!
[1912月2025 18:45:14.546] [Render thread/WARN] [Oculus/]: Tried to get boolean value for unknown option: 1, defaulting to true!
[1912月2025 18:45:14.546] [Render thread/WARN] [Oculus/]: Tried to get boolean value for unknown option: 1, defaulting to true!
[1912月2025 18:45:14.546] [Render thread/WARN] [Oculus/]: Tried to get boolean value for unknown option: 1, defaulting to true!
[1912月2025 18:45:14.546] [Render thread/WARN] [Oculus/]: Tried to get boolean value for unknown option: 1, defaulting to true!
[1912月2025 18:45:14.546] [Render thread/WARN] [Oculus/]: Tried to get boolean value for unknown option: 1, defaulting to true!
[1912月2025 18:45:14.546] [Render thread/WARN] [Oculus/]: Tried to get boolean value for unknown option: 1, defaulting to true!
[1912月2025 18:45:14.546] [Render thread/WARN] [Oculus/]: Tried to get boolean value for unknown option: 1, defaulting to true!
[1912月2025 18:45:14.546] [Render thread/WARN] [Oculus/]: Tried to get boolean value for unknown option: 1, defaulting to true!
[1912月2025 18:45:14.546] [Render thread/WARN] [Oculus/]: Tried to get boolean value for unknown option: 1, defaulting to true!
[1912月2025 18:45:14.546] [Render thread/WARN] [Oculus/]: Tried to get boolean value for unknown option: 1, defaulting to true!
[1912月2025 18:45:14.546] [Render thread/WARN] [Oculus/]: Tried to get boolean value for unknown option: 1, defaulting to true!
[1912月2025 18:45:14.546] [Render thread/WARN] [Oculus/]: Tried to get boolean value for unknown option: 1, defaulting to true!
[1912月2025 18:45:14.546] [Render thread/WARN] [Oculus/]: Tried to get boolean value for unknown option: 1, defaulting to true!
[1912月2025 18:45:14.546] [Render thread/WARN] [Oculus/]: Tried to get boolean value for unknown option: 1, defaulting to true!
[1912月2025 18:45:14.546] [Render thread/WARN] [Oculus/]: Tried to get boolean value for unknown option: 1, defaulting to true!
[1912月2025 18:45:14.546] [Render thread/WARN] [Oculus/]: Tried to get boolean value for unknown option: 1, defaulting to true!
[1912月2025 18:45:14.546] [Render thread/WARN] [Oculus/]: Tried to get boolean value for unknown option: 1, defaulting to true!
[1912月2025 18:45:14.546] [Render thread/WARN] [Oculus/]: Tried to get boolean value for unknown option: 1, defaulting to true!
[1912月2025 18:45:14.546] [Render thread/WARN] [Oculus/]: Tried to get boolean value for unknown option: 1, defaulting to true!
[1912月2025 18:45:14.546] [Render thread/WARN] [Oculus/]: Tried to get boolean value for unknown option: 1, defaulting to true!
[1912月2025 18:45:14.546] [Render thread/WARN] [Oculus/]: Tried to get boolean value for unknown option: 1, defaulting to true!
[1912月2025 18:45:14.546] [Render thread/WARN] [Oculus/]: Tried to get boolean value for unknown option: 1, defaulting to true!
[1912月2025 18:45:14.546] [Render thread/WARN] [Oculus/]: Tried to get boolean value for unknown option: 1, defaulting to true!
[1912月2025 18:45:14.546] [Render thread/WARN] [Oculus/]: Tried to get boolean value for unknown option: 1, defaulting to true!
[1912月2025 18:45:14.546] [Render thread/WARN] [Oculus/]: Tried to get boolean value for unknown option: 1, defaulting to true!
[1912月2025 18:45:14.546] [Render thread/WARN] [Oculus/]: Tried to get boolean value for unknown option: 1, defaulting to true!
[1912月2025 18:45:14.546] [Render thread/WARN] [Oculus/]: Tried to get boolean value for unknown option: 1, defaulting to true!
[1912月2025 18:45:14.546] [Render thread/WARN] [Oculus/]: Tried to get boolean value for unknown option: 1, defaulting to true!
[1912月2025 18:45:14.546] [Render thread/WARN] [Oculus/]: Tried to get boolean value for unknown option: 1, defaulting to true!
[1912月2025 18:45:14.546] [Render thread/WARN] [Oculus/]: Tried to get boolean value for unknown option: 1, defaulting to true!
[1912月2025 18:45:14.546] [Render thread/WARN] [Oculus/]: Tried to get boolean value for unknown option: 1, defaulting to true!
[1912月2025 18:45:14.546] [Render thread/WARN] [Oculus/]: Tried to get boolean value for unknown option: 1, defaulting to true!
[1912月2025 18:45:14.546] [Render thread/WARN] [Oculus/]: Tried to get boolean value for unknown option: 1, defaulting to true!
[1912月2025 18:45:14.546] [Render thread/WARN] [Oculus/]: Tried to get boolean value for unknown option: 1, defaulting to true!
[1912月2025 18:45:14.546] [Render thread/WARN] [Oculus/]: Tried to get boolean value for unknown option: 1, defaulting to true!
[1912月2025 18:45:14.549] [Render thread/INFO] [Oculus/]: Profile: ultra (+0 options changed by user)
[1912月2025 18:45:15.242] [Render thread/INFO] [org.anarres.cpp.DefaultPreprocessorListener/]: null:0:0: error: #endif without #if
[1912月2025 18:45:15.306] [Render thread/INFO] [Oculus/]: Using shaderpack: Photon-GAMS-main.zip
[1912月2025 18:45:15.306] [Render thread/INFO] [Oculus/]: Creating pipeline for dimension NamespacedId{namespace='minecraft', name='overworld'}
[1912月2025 18:45:15.972] [Render thread/INFO] [org.anarres.cpp.DefaultPreprocessorListener/]: null:0:0: error: #endif without #if
[1912月2025 18:45:16.007] [Render thread/WARN] [eclipticseasons/]: Allow Oculus to use the biome_precipitation agent from eclipticseasons 
[1912月2025 18:45:16.007] [Render thread/WARN] [Oculus/]: Duplicated fixed uniform supplied as inputs to the Custom uniform holder: biome_precipitation
[1912月2025 18:45:16.007] [Render thread/INFO] [Oculus/]: Starting custom uniform resolving
[1912月2025 18:45:26.650] [Render thread/INFO] [ChunkBuilder/]: Stopping worker threads
[1912月2025 18:45:26.659] [Render thread/INFO] [ChunkBuilder/]: Started 10 worker threads
[1912月2025 18:45:30.534] [Server thread/INFO] [net.minecraft.client.server.IntegratedServer/]: Saving and pausing game...
[1912月2025 18:45:30.539] [Server thread/INFO] [net.minecraft.server.MinecraftServer/]: Saving chunks for level 'ServerLevel[宣传片2镜头]'/minecraft:overworld
[1912月2025 18:45:30.545] [Server thread/INFO] [net.minecraft.server.MinecraftServer/]: Saving chunks for level 'ServerLevel[宣传片2镜头]'/minecraft:the_end
[1912月2025 18:45:30.545] [Server thread/INFO] [net.minecraft.server.MinecraftServer/]: Saving chunks for level 'ServerLevel[宣传片2镜头]'/minecraft:the_nether
[1912月2025 18:45:37.418] [Render thread/WARN] [Embeddium/]: Id must be specified in OptionPage '光影包…'
[1912月2025 18:45:39.477] [Render thread/INFO] [Oculus/]: Destroying pipeline NamespacedId{namespace='minecraft', name='overworld'}
[1912月2025 18:45:39.532] [Render thread/WARN] [Oculus/]: Invalid pack option: cloudVolumeEnabled
[1912月2025 18:45:39.532] [Render thread/WARN] [Oculus/]: Invalid pack option: cloudVolumeEnabled
[1912月2025 18:45:39.532] [Render thread/WARN] [Oculus/]: Invalid pack option: cloudVolumeEnabled
[1912月2025 18:45:39.532] [Render thread/WARN] [Oculus/]: Tried to get boolean value for unknown option: 1, defaulting to true!
[1912月2025 18:45:39.532] [Render thread/WARN] [Oculus/]: Tried to get boolean value for unknown option: 1, defaulting to true!
[1912月2025 18:45:39.532] [Render thread/WARN] [Oculus/]: Tried to get boolean value for unknown option: 1, defaulting to true!
[1912月2025 18:45:39.533] [Render thread/WARN] [Oculus/]: Tried to get boolean value for unknown option: 1, defaulting to true!
[1912月2025 18:45:39.533] [Render thread/WARN] [Oculus/]: Tried to get boolean value for unknown option: 1, defaulting to true!
[1912月2025 18:45:39.533] [Render thread/WARN] [Oculus/]: Tried to get boolean value for unknown option: (1 || 1 || 1 || 1), defaulting to true!
[1912月2025 18:45:39.533] [Render thread/WARN] [Oculus/]: Tried to get boolean value for unknown option: 1, defaulting to true!
[1912月2025 18:45:39.533] [Render thread/WARN] [Oculus/]: Tried to get boolean value for unknown option: 1, defaulting to true!
[1912月2025 18:45:39.533] [Render thread/WARN] [Oculus/]: Tried to get boolean value for unknown option: 1, defaulting to true!
[1912月2025 18:45:39.533] [Render thread/WARN] [Oculus/]: Tried to get boolean value for unknown option: 1, defaulting to true!
[1912月2025 18:45:39.533] [Render thread/WARN] [Oculus/]: Tried to get boolean value for unknown option: 1, defaulting to true!
[1912月2025 18:45:39.533] [Render thread/WARN] [Oculus/]: Tried to get boolean value for unknown option: 1, defaulting to true!
[1912月2025 18:45:39.533] [Render thread/WARN] [Oculus/]: Tried to get boolean value for unknown option: 1, defaulting to true!
[1912月2025 18:45:39.533] [Render thread/WARN] [Oculus/]: Tried to get boolean value for unknown option: 1, defaulting to true!
[1912月2025 18:45:39.533] [Render thread/WARN] [Oculus/]: Tried to get boolean value for unknown option: 1, defaulting to true!
[1912月2025 18:45:39.533] [Render thread/WARN] [Oculus/]: Tried to get boolean value for unknown option: 1, defaulting to true!
[1912月2025 18:45:39.533] [Render thread/WARN] [Oculus/]: Tried to get boolean value for unknown option: 1, defaulting to true!
[1912月2025 18:45:39.533] [Render thread/WARN] [Oculus/]: Tried to get boolean value for unknown option: 1, defaulting to true!
[1912月2025 18:45:39.533] [Render thread/WARN] [Oculus/]: Tried to get boolean value for unknown option: 1, defaulting to true!
[1912月2025 18:45:39.533] [Render thread/WARN] [Oculus/]: Unable to resolve shader pack option menu element "customIceEnabled" defined in shaders.properties
[1912月2025 18:45:39.533] [Render thread/INFO] [Oculus/]: Profile: Custom (+9 options changed by user)
[1912月2025 18:45:39.648] [Render thread/INFO] [Oculus/]: Using shaderpack: (汉化)Kappa_v5.3.zip
[1912月2025 18:45:39.649] [Render thread/INFO] [Oculus/]: Creating pipeline for dimension NamespacedId{namespace='minecraft', name='overworld'}
[1912月2025 18:45:39.735] [Render thread/WARN] [eclipticseasons/]: Allow Oculus to use the biome_precipitation agent from eclipticseasons 
[1912月2025 18:45:39.735] [Render thread/WARN] [Oculus/]: Duplicated fixed uniform supplied as inputs to the Custom uniform holder: biome_precipitation
[1912月2025 18:45:39.735] [Render thread/INFO] [Oculus/]: Starting custom uniform resolving
[1912月2025 18:45:39.841] [Render thread/WARN] [net.irisshaders.iris.gl.shader.ProgramCreator/]: Program link log for composite4: Fragment info
-------------
0(17) : warning C7050: "MinColor" might be used before being initialized
0(18) : warning C7050: "MaxColor" might be used before being initialized

[1912月2025 18:45:39.880] [Render thread/WARN] [net.irisshaders.iris.pipeline.transform.transformer.CompatibilityTransformer/]: The in declaration 'vertexDist' in the FRAGMENT shader that is never assigned to in the previous stage VERTEX has been compatibility-patched by adding an initialization for it. See debugging.md for more information.
[1912月2025 18:45:39.880] [Render thread/WARN] [net.irisshaders.iris.pipeline.transform.transformer.CompatibilityTransformer/]: The in declaration 'vCoordAM' in the FRAGMENT shader that is never assigned to in the previous stage VERTEX has been compatibility-patched by adding an initialization for it. See debugging.md for more information.
[1912月2025 18:45:39.880] [Render thread/WARN] [net.irisshaders.iris.pipeline.transform.transformer.CompatibilityTransformer/]: The in declaration 'vCoord' in the FRAGMENT shader that is never assigned to in the previous stage VERTEX has been compatibility-patched by adding an initialization for it. See debugging.md for more information.
[1912月2025 18:45:39.880] [Render thread/WARN] [net.irisshaders.iris.pipeline.transform.transformer.CompatibilityTransformer/]: The in declaration 'viewVec' in the FRAGMENT shader that is never assigned to in the previous stage VERTEX has been compatibility-patched by adding an initialization for it. See debugging.md for more information.
[1912月2025 18:45:39.898] [Render thread/WARN] [net.irisshaders.iris.pipeline.transform.transformer.CompatibilityTransformer/]: The in declaration 'vCoordAM' in the FRAGMENT shader that is never assigned to in the previous stage VERTEX has been compatibility-patched by adding an initialization for it. See debugging.md for more information.
[1912月2025 18:45:39.898] [Render thread/WARN] [net.irisshaders.iris.pipeline.transform.transformer.CompatibilityTransformer/]: The in declaration 'vCoord' in the FRAGMENT shader that is never assigned to in the previous stage VERTEX has been compatibility-patched by adding an initialization for it. See debugging.md for more information.
[1912月2025 18:45:39.898] [Render thread/WARN] [net.irisshaders.iris.pipeline.transform.transformer.CompatibilityTransformer/]: The in declaration 'vertexDist' in the FRAGMENT shader that is never assigned to in the previous stage VERTEX has been compatibility-patched by adding an initialization for it. See debugging.md for more information.
[1912月2025 18:45:39.898] [Render thread/WARN] [net.irisshaders.iris.pipeline.transform.transformer.CompatibilityTransformer/]: The in declaration 'viewVec' in the FRAGMENT shader that is never assigned to in the previous stage VERTEX has been compatibility-patched by adding an initialization for it. See debugging.md for more information.
[1912月2025 18:45:39.924] [Render thread/WARN] [net.irisshaders.iris.pipeline.transform.transformer.CompatibilityTransformer/]: The in declaration 'viewVec' in the FRAGMENT shader that is never assigned to in the previous stage VERTEX has been compatibility-patched by adding an initialization for it. See debugging.md for more information.
[1912月2025 18:45:39.924] [Render thread/WARN] [net.irisshaders.iris.pipeline.transform.transformer.CompatibilityTransformer/]: The in declaration 'foliage' in the FRAGMENT shader that is never assigned to in the previous stage VERTEX has been compatibility-patched by adding an initialization for it. See debugging.md for more information.
[1912月2025 18:45:39.924] [Render thread/WARN] [net.irisshaders.iris.pipeline.transform.transformer.CompatibilityTransformer/]: The in declaration 'vertexDist' in the FRAGMENT shader that is never assigned to in the previous stage VERTEX has been compatibility-patched by adding an initialization for it. See debugging.md for more information.
[1912月2025 18:45:39.924] [Render thread/WARN] [net.irisshaders.iris.pipeline.transform.transformer.CompatibilityTransformer/]: The in declaration 'vCoordAM' in the FRAGMENT shader that is never assigned to in the previous stage VERTEX has been compatibility-patched by adding an initialization for it. See debugging.md for more information.
[1912月2025 18:45:39.924] [Render thread/WARN] [net.irisshaders.iris.pipeline.transform.transformer.CompatibilityTransformer/]: The in declaration 'vCoord' in the FRAGMENT shader that is never assigned to in the previous stage VERTEX has been compatibility-patched by adding an initialization for it. See debugging.md for more information.
[1912月2025 18:45:39.956] [Render thread/WARN] [net.irisshaders.iris.pipeline.transform.transformer.CompatibilityTransformer/]: The in declaration 'vCoord' in the FRAGMENT shader that is never assigned to in the previous stage VERTEX has been compatibility-patched by adding an initialization for it. See debugging.md for more information.
[1912月2025 18:45:39.956] [Render thread/WARN] [net.irisshaders.iris.pipeline.transform.transformer.CompatibilityTransformer/]: The in declaration 'viewVec' in the FRAGMENT shader that is never assigned to in the previous stage VERTEX has been compatibility-patched by adding an initialization for it. See debugging.md for more information.
[1912月2025 18:45:39.956] [Render thread/WARN] [net.irisshaders.iris.pipeline.transform.transformer.CompatibilityTransformer/]: The in declaration 'vertexDist' in the FRAGMENT shader that is never assigned to in the previous stage VERTEX has been compatibility-patched by adding an initialization for it. See debugging.md for more information.
[1912月2025 18:45:39.956] [Render thread/WARN] [net.irisshaders.iris.pipeline.transform.transformer.CompatibilityTransformer/]: The in declaration 'foliage' in the FRAGMENT shader that is never assigned to in the previous stage VERTEX has been compatibility-patched by adding an initialization for it. See debugging.md for more information.
[1912月2025 18:45:39.956] [Render thread/WARN] [net.irisshaders.iris.pipeline.transform.transformer.CompatibilityTransformer/]: The in declaration 'vCoordAM' in the FRAGMENT shader that is never assigned to in the previous stage VERTEX has been compatibility-patched by adding an initialization for it. See debugging.md for more information.
[1912月2025 18:45:39.995] [Render thread/WARN] [net.irisshaders.iris.pipeline.transform.transformer.CompatibilityTransformer/]: The in declaration 'vCoord' in the FRAGMENT shader that is never assigned to in the previous stage VERTEX has been compatibility-patched by adding an initialization for it. See debugging.md for more information.
[1912月2025 18:45:39.995] [Render thread/WARN] [net.irisshaders.iris.pipeline.transform.transformer.CompatibilityTransformer/]: The in declaration 'vertexDist' in the FRAGMENT shader that is never assigned to in the previous stage VERTEX has been compatibility-patched by adding an initialization for it. See debugging.md for more information.
[1912月2025 18:45:39.995] [Render thread/WARN] [net.irisshaders.iris.pipeline.transform.transformer.CompatibilityTransformer/]: The in declaration 'viewVec' in the FRAGMENT shader that is never assigned to in the previous stage VERTEX has been compatibility-patched by adding an initialization for it. See debugging.md for more information.
[1912月2025 18:45:39.995] [Render thread/WARN] [net.irisshaders.iris.pipeline.transform.transformer.CompatibilityTransformer/]: The in declaration 'foliage' in the FRAGMENT shader that is never assigned to in the previous stage VERTEX has been compatibility-patched by adding an initialization for it. See debugging.md for more information.
[1912月2025 18:45:39.995] [Render thread/WARN] [net.irisshaders.iris.pipeline.transform.transformer.CompatibilityTransformer/]: The in declaration 'vCoordAM' in the FRAGMENT shader that is never assigned to in the previous stage VERTEX has been compatibility-patched by adding an initialization for it. See debugging.md for more information.
[1912月2025 18:45:40.023] [Render thread/WARN] [net.irisshaders.iris.pipeline.transform.transformer.CompatibilityTransformer/]: The in declaration 'viewVec' in the FRAGMENT shader that is never assigned to in the previous stage VERTEX has been compatibility-patched by adding an initialization for it. See debugging.md for more information.
[1912月2025 18:45:40.023] [Render thread/WARN] [net.irisshaders.iris.pipeline.transform.transformer.CompatibilityTransformer/]: The in declaration 'vCoord' in the FRAGMENT shader that is never assigned to in the previous stage VERTEX has been compatibility-patched by adding an initialization for it. See debugging.md for more information.
[1912月2025 18:45:40.023] [Render thread/WARN] [net.irisshaders.iris.pipeline.transform.transformer.CompatibilityTransformer/]: The in declaration 'vCoordAM' in the FRAGMENT shader that is never assigned to in the previous stage VERTEX has been compatibility-patched by adding an initialization for it. See debugging.md for more information.
[1912月2025 18:45:40.023] [Render thread/WARN] [net.irisshaders.iris.pipeline.transform.transformer.CompatibilityTransformer/]: The in declaration 'vertexDist' in the FRAGMENT shader that is never assigned to in the previous stage VERTEX has been compatibility-patched by adding an initialization for it. See debugging.md for more information.
[1912月2025 18:45:40.041] [Render thread/WARN] [net.irisshaders.iris.pipeline.transform.transformer.CompatibilityTransformer/]: The in declaration 'vertexDist' in the FRAGMENT shader that is never assigned to in the previous stage VERTEX has been compatibility-patched by adding an initialization for it. See debugging.md for more information.
[1912月2025 18:45:40.041] [Render thread/WARN] [net.irisshaders.iris.pipeline.transform.transformer.CompatibilityTransformer/]: The in declaration 'viewVec' in the FRAGMENT shader that is never assigned to in the previous stage VERTEX has been compatibility-patched by adding an initialization for it. See debugging.md for more information.
[1912月2025 18:45:40.041] [Render thread/WARN] [net.irisshaders.iris.pipeline.transform.transformer.CompatibilityTransformer/]: The in declaration 'vCoord' in the FRAGMENT shader that is never assigned to in the previous stage VERTEX has been compatibility-patched by adding an initialization for it. See debugging.md for more information.
[1912月2025 18:45:40.041] [Render thread/WARN] [net.irisshaders.iris.pipeline.transform.transformer.CompatibilityTransformer/]: The in declaration 'vCoordAM' in the FRAGMENT shader that is never assigned to in the previous stage VERTEX has been compatibility-patched by adding an initialization for it. See debugging.md for more information.
[1912月2025 18:45:40.046] [Render thread/WARN] [net.irisshaders.iris.pipeline.transform.transformer.CompatibilityTransformer/]: The in declaration 'vertexDist' in the FRAGMENT shader that is never assigned to in the previous stage VERTEX has been compatibility-patched by adding an initialization for it. See debugging.md for more information.
[1912月2025 18:45:40.046] [Render thread/WARN] [net.irisshaders.iris.pipeline.transform.transformer.CompatibilityTransformer/]: The in declaration 'vCoord' in the FRAGMENT shader that is never assigned to in the previous stage VERTEX has been compatibility-patched by adding an initialization for it. See debugging.md for more information.
[1912月2025 18:45:40.046] [Render thread/WARN] [net.irisshaders.iris.pipeline.transform.transformer.CompatibilityTransformer/]: The in declaration 'viewVec' in the FRAGMENT shader that is never assigned to in the previous stage VERTEX has been compatibility-patched by adding an initialization for it. See debugging.md for more information.
[1912月2025 18:45:40.046] [Render thread/WARN] [net.irisshaders.iris.pipeline.transform.transformer.CompatibilityTransformer/]: The in declaration 'vCoordAM' in the FRAGMENT shader that is never assigned to in the previous stage VERTEX has been compatibility-patched by adding an initialization for it. See debugging.md for more information.
[1912月2025 18:45:40.064] [Render thread/WARN] [net.irisshaders.iris.pipeline.transform.transformer.CompatibilityTransformer/]: The in declaration 'vertexDist' in the FRAGMENT shader that is never assigned to in the previous stage VERTEX has been compatibility-patched by adding an initialization for it. See debugging.md for more information.
[1912月2025 18:45:40.064] [Render thread/WARN] [net.irisshaders.iris.pipeline.transform.transformer.CompatibilityTransformer/]: The in declaration 'vCoord' in the FRAGMENT shader that is never assigned to in the previous stage VERTEX has been compatibility-patched by adding an initialization for it. See debugging.md for more information.
[1912月2025 18:45:40.064] [Render thread/WARN] [net.irisshaders.iris.pipeline.transform.transformer.CompatibilityTransformer/]: The in declaration 'vCoordAM' in the FRAGMENT shader that is never assigned to in the previous stage VERTEX has been compatibility-patched by adding an initialization for it. See debugging.md for more information.
[1912月2025 18:45:40.064] [Render thread/WARN] [net.irisshaders.iris.pipeline.transform.transformer.CompatibilityTransformer/]: The in declaration 'viewVec' in the FRAGMENT shader that is never assigned to in the previous stage VERTEX has been compatibility-patched by adding an initialization for it. See debugging.md for more information.
[1912月2025 18:45:40.083] [Render thread/WARN] [net.irisshaders.iris.pipeline.transform.transformer.CompatibilityTransformer/]: The in declaration 'viewVec' in the FRAGMENT shader that is never assigned to in the previous stage VERTEX has been compatibility-patched by adding an initialization for it. See debugging.md for more information.
[1912月2025 18:45:40.083] [Render thread/WARN] [net.irisshaders.iris.pipeline.transform.transformer.CompatibilityTransformer/]: The in declaration 'vCoordAM' in the FRAGMENT shader that is never assigned to in the previous stage VERTEX has been compatibility-patched by adding an initialization for it. See debugging.md for more information.
[1912月2025 18:45:40.083] [Render thread/WARN] [net.irisshaders.iris.pipeline.transform.transformer.CompatibilityTransformer/]: The in declaration 'vertexDist' in the FRAGMENT shader that is never assigned to in the previous stage VERTEX has been compatibility-patched by adding an initialization for it. See debugging.md for more information.
[1912月2025 18:45:40.083] [Render thread/WARN] [net.irisshaders.iris.pipeline.transform.transformer.CompatibilityTransformer/]: The in declaration 'vCoord' in the FRAGMENT shader that is never assigned to in the previous stage VERTEX has been compatibility-patched by adding an initialization for it. See debugging.md for more information.
[1912月2025 18:45:40.101] [Render thread/WARN] [net.irisshaders.iris.pipeline.transform.transformer.CompatibilityTransformer/]: The in declaration 'vertexDist' in the FRAGMENT shader that is never assigned to in the previous stage VERTEX has been compatibility-patched by adding an initialization for it. See debugging.md for more information.
[1912月2025 18:45:40.101] [Render thread/WARN] [net.irisshaders.iris.pipeline.transform.transformer.CompatibilityTransformer/]: The in declaration 'vCoordAM' in the FRAGMENT shader that is never assigned to in the previous stage VERTEX has been compatibility-patched by adding an initialization for it. See debugging.md for more information.
[1912月2025 18:45:40.101] [Render thread/WARN] [net.irisshaders.iris.pipeline.transform.transformer.CompatibilityTransformer/]: The in declaration 'viewVec' in the FRAGMENT shader that is never assigned to in the previous stage VERTEX has been compatibility-patched by adding an initialization for it. See debugging.md for more information.
[1912月2025 18:45:40.101] [Render thread/WARN] [net.irisshaders.iris.pipeline.transform.transformer.CompatibilityTransformer/]: The in declaration 'vCoord' in the FRAGMENT shader that is never assigned to in the previous stage VERTEX has been compatibility-patched by adding an initialization for it. See debugging.md for more information.
[1912月2025 18:45:40.104] [Render thread/WARN] [net.irisshaders.iris.pipeline.transform.transformer.CompatibilityTransformer/]: The in declaration 'viewVec' in the FRAGMENT shader that is never assigned to in the previous stage VERTEX has been compatibility-patched by adding an initialization for it. See debugging.md for more information.
[1912月2025 18:45:40.104] [Render thread/WARN] [net.irisshaders.iris.pipeline.transform.transformer.CompatibilityTransformer/]: The in declaration 'vCoord' in the FRAGMENT shader that is never assigned to in the previous stage VERTEX has been compatibility-patched by adding an initialization for it. See debugging.md for more information.
[1912月2025 18:45:40.104] [Render thread/WARN] [net.irisshaders.iris.pipeline.transform.transformer.CompatibilityTransformer/]: The in declaration 'vertexDist' in the FRAGMENT shader that is never assigned to in the previous stage VERTEX has been compatibility-patched by adding an initialization for it. See debugging.md for more information.
[1912月2025 18:45:40.104] [Render thread/WARN] [net.irisshaders.iris.pipeline.transform.transformer.CompatibilityTransformer/]: The in declaration 'vCoordAM' in the FRAGMENT shader that is never assigned to in the previous stage VERTEX has been compatibility-patched by adding an initialization for it. See debugging.md for more information.
[1912月2025 18:45:40.113] [Render thread/WARN] [net.irisshaders.iris.pipeline.transform.transformer.CompatibilityTransformer/]: The in declaration 'viewVec' in the FRAGMENT shader that is never assigned to in the previous stage VERTEX has been compatibility-patched by adding an initialization for it. See debugging.md for more information.
[1912月2025 18:45:40.113] [Render thread/WARN] [net.irisshaders.iris.pipeline.transform.transformer.CompatibilityTransformer/]: The in declaration 'vCoordAM' in the FRAGMENT shader that is never assigned to in the previous stage VERTEX has been compatibility-patched by adding an initialization for it. See debugging.md for more information.
[1912月2025 18:45:40.113] [Render thread/WARN] [net.irisshaders.iris.pipeline.transform.transformer.CompatibilityTransformer/]: The in declaration 'vCoord' in the FRAGMENT shader that is never assigned to in the previous stage VERTEX has been compatibility-patched by adding an initialization for it. See debugging.md for more information.
[1912月2025 18:45:40.113] [Render thread/WARN] [net.irisshaders.iris.pipeline.transform.transformer.CompatibilityTransformer/]: The in declaration 'vertexDist' in the FRAGMENT shader that is never assigned to in the previous stage VERTEX has been compatibility-patched by adding an initialization for it. See debugging.md for more information.
[1912月2025 18:45:40.116] [Render thread/WARN] [net.irisshaders.iris.pipeline.transform.transformer.CompatibilityTransformer/]: The in declaration 'vCoordAM' in the FRAGMENT shader that is never assigned to in the previous stage VERTEX has been compatibility-patched by adding an initialization for it. See debugging.md for more information.
[1912月2025 18:45:40.116] [Render thread/WARN] [net.irisshaders.iris.pipeline.transform.transformer.CompatibilityTransformer/]: The in declaration 'vertexDist' in the FRAGMENT shader that is never assigned to in the previous stage VERTEX has been compatibility-patched by adding an initialization for it. See debugging.md for more information.
[1912月2025 18:45:40.117] [Render thread/WARN] [net.irisshaders.iris.pipeline.transform.transformer.CompatibilityTransformer/]: The in declaration 'vCoord' in the FRAGMENT shader that is never assigned to in the previous stage VERTEX has been compatibility-patched by adding an initialization for it. See debugging.md for more information.
[1912月2025 18:45:40.117] [Render thread/WARN] [net.irisshaders.iris.pipeline.transform.transformer.CompatibilityTransformer/]: The in declaration 'viewVec' in the FRAGMENT shader that is never assigned to in the previous stage VERTEX has been compatibility-patched by adding an initialization for it. See debugging.md for more information.
[1912月2025 18:45:40.120] [Render thread/WARN] [net.irisshaders.iris.pipeline.transform.transformer.CompatibilityTransformer/]: The in declaration 'viewVec' in the FRAGMENT shader that is never assigned to in the previous stage VERTEX has been compatibility-patched by adding an initialization for it. See debugging.md for more information.
[1912月2025 18:45:40.120] [Render thread/WARN] [net.irisshaders.iris.pipeline.transform.transformer.CompatibilityTransformer/]: The in declaration 'vCoordAM' in the FRAGMENT shader that is never assigned to in the previous stage VERTEX has been compatibility-patched by adding an initialization for it. See debugging.md for more information.
[1912月2025 18:45:40.120] [Render thread/WARN] [net.irisshaders.iris.pipeline.transform.transformer.CompatibilityTransformer/]: The in declaration 'vertexDist' in the FRAGMENT shader that is never assigned to in the previous stage VERTEX has been compatibility-patched by adding an initialization for it. See debugging.md for more information.
[1912月2025 18:45:40.120] [Render thread/WARN] [net.irisshaders.iris.pipeline.transform.transformer.CompatibilityTransformer/]: The in declaration 'vCoord' in the FRAGMENT shader that is never assigned to in the previous stage VERTEX has been compatibility-patched by adding an initialization for it. See debugging.md for more information.
[1912月2025 18:45:40.139] [Render thread/WARN] [net.irisshaders.iris.pipeline.transform.transformer.CompatibilityTransformer/]: The in declaration 'vCoord' in the FRAGMENT shader that is never assigned to in the previous stage VERTEX has been compatibility-patched by adding an initialization for it. See debugging.md for more information.
[1912月2025 18:45:40.139] [Render thread/WARN] [net.irisshaders.iris.pipeline.transform.transformer.CompatibilityTransformer/]: The in declaration 'vCoordAM' in the FRAGMENT shader that is never assigned to in the previous stage VERTEX has been compatibility-patched by adding an initialization for it. See debugging.md for more information.
[1912月2025 18:45:40.139] [Render thread/WARN] [net.irisshaders.iris.pipeline.transform.transformer.CompatibilityTransformer/]: The in declaration 'vertexDist' in the FRAGMENT shader that is never assigned to in the previous stage VERTEX has been compatibility-patched by adding an initialization for it. See debugging.md for more information.
[1912月2025 18:45:40.139] [Render thread/WARN] [net.irisshaders.iris.pipeline.transform.transformer.CompatibilityTransformer/]: The in declaration 'viewVec' in the FRAGMENT shader that is never assigned to in the previous stage VERTEX has been compatibility-patched by adding an initialization for it. See debugging.md for more information.
[1912月2025 18:45:40.158] [Render thread/WARN] [net.irisshaders.iris.pipeline.transform.transformer.CompatibilityTransformer/]: The in declaration 'vCoord' in the FRAGMENT shader that is never assigned to in the previous stage VERTEX has been compatibility-patched by adding an initialization for it. See debugging.md for more information.
[1912月2025 18:45:40.158] [Render thread/WARN] [net.irisshaders.iris.pipeline.transform.transformer.CompatibilityTransformer/]: The in declaration 'viewVec' in the FRAGMENT shader that is never assigned to in the previous stage VERTEX has been compatibility-patched by adding an initialization for it. See debugging.md for more information.
[1912月2025 18:45:40.158] [Render thread/WARN] [net.irisshaders.iris.pipeline.transform.transformer.CompatibilityTransformer/]: The in declaration 'vertexDist' in the FRAGMENT shader that is never assigned to in the previous stage VERTEX has been compatibility-patched by adding an initialization for it. See debugging.md for more information.
[1912月2025 18:45:40.158] [Render thread/WARN] [net.irisshaders.iris.pipeline.transform.transformer.CompatibilityTransformer/]: The in declaration 'vCoordAM' in the FRAGMENT shader that is never assigned to in the previous stage VERTEX has been compatibility-patched by adding an initialization for it. See debugging.md for more information.
[1912月2025 18:45:40.192] [Render thread/WARN] [net.irisshaders.iris.pipeline.transform.transformer.CompatibilityTransformer/]: The in declaration 'vCoordAM' in the FRAGMENT shader that is never assigned to in the previous stage VERTEX has been compatibility-patched by adding an initialization for it. See debugging.md for more information.
[1912月2025 18:45:40.193] [Render thread/WARN] [net.irisshaders.iris.pipeline.transform.transformer.CompatibilityTransformer/]: The in declaration 'vertexDist' in the FRAGMENT shader that is never assigned to in the previous stage VERTEX has been compatibility-patched by adding an initialization for it. See debugging.md for more information.
[1912月2025 18:45:40.193] [Render thread/WARN] [net.irisshaders.iris.pipeline.transform.transformer.CompatibilityTransformer/]: The in declaration 'vCoord' in the FRAGMENT shader that is never assigned to in the previous stage VERTEX has been compatibility-patched by adding an initialization for it. See debugging.md for more information.
[1912月2025 18:45:40.193] [Render thread/WARN] [net.irisshaders.iris.pipeline.transform.transformer.CompatibilityTransformer/]: The in declaration 'viewVec' in the FRAGMENT shader that is never assigned to in the previous stage VERTEX has been compatibility-patched by adding an initialization for it. See debugging.md for more information.
[1912月2025 18:45:40.213] [Render thread/WARN] [net.irisshaders.iris.pipeline.transform.transformer.CompatibilityTransformer/]: The in declaration 'vCoord' in the FRAGMENT shader that is never assigned to in the previous stage VERTEX has been compatibility-patched by adding an initialization for it. See debugging.md for more information.
[1912月2025 18:45:40.213] [Render thread/WARN] [net.irisshaders.iris.pipeline.transform.transformer.CompatibilityTransformer/]: The in declaration 'vCoordAM' in the FRAGMENT shader that is never assigned to in the previous stage VERTEX has been compatibility-patched by adding an initialization for it. See debugging.md for more information.
[1912月2025 18:45:40.213] [Render thread/WARN] [net.irisshaders.iris.pipeline.transform.transformer.CompatibilityTransformer/]: The in declaration 'vertexDist' in the FRAGMENT shader that is never assigned to in the previous stage VERTEX has been compatibility-patched by adding an initialization for it. See debugging.md for more information.
[1912月2025 18:45:40.213] [Render thread/WARN] [net.irisshaders.iris.pipeline.transform.transformer.CompatibilityTransformer/]: The in declaration 'viewVec' in the FRAGMENT shader that is never assigned to in the previous stage VERTEX has been compatibility-patched by adding an initialization for it. See debugging.md for more information.
[1912月2025 18:45:40.244] [Render thread/WARN] [net.irisshaders.iris.pipeline.transform.transformer.CompatibilityTransformer/]: The in declaration 'vCoord' in the FRAGMENT shader that is never assigned to in the previous stage VERTEX has been compatibility-patched by adding an initialization for it. See debugging.md for more information.
[1912月2025 18:45:40.244] [Render thread/WARN] [net.irisshaders.iris.pipeline.transform.transformer.CompatibilityTransformer/]: The in declaration 'vCoordAM' in the FRAGMENT shader that is never assigned to in the previous stage VERTEX has been compatibility-patched by adding an initialization for it. See debugging.md for more information.
[1912月2025 18:45:40.244] [Render thread/WARN] [net.irisshaders.iris.pipeline.transform.transformer.CompatibilityTransformer/]: The in declaration 'vertexDist' in the FRAGMENT shader that is never assigned to in the previous stage VERTEX has been compatibility-patched by adding an initialization for it. See debugging.md for more information.
[1912月2025 18:45:40.244] [Render thread/WARN] [net.irisshaders.iris.pipeline.transform.transformer.CompatibilityTransformer/]: The in declaration 'foliage' in the FRAGMENT shader that is never assigned to in the previous stage VERTEX has been compatibility-patched by adding an initialization for it. See debugging.md for more information.
[1912月2025 18:45:40.244] [Render thread/WARN] [net.irisshaders.iris.pipeline.transform.transformer.CompatibilityTransformer/]: The in declaration 'viewVec' in the FRAGMENT shader that is never assigned to in the previous stage VERTEX has been compatibility-patched by adding an initialization for it. See debugging.md for more information.
[1912月2025 18:45:40.275] [Render thread/WARN] [net.irisshaders.iris.pipeline.transform.transformer.CompatibilityTransformer/]: The in declaration 'vCoord' in the FRAGMENT shader that is never assigned to in the previous stage VERTEX has been compatibility-patched by adding an initialization for it. See debugging.md for more information.
[1912月2025 18:45:40.275] [Render thread/WARN] [net.irisshaders.iris.pipeline.transform.transformer.CompatibilityTransformer/]: The in declaration 'vCoordAM' in the FRAGMENT shader that is never assigned to in the previous stage VERTEX has been compatibility-patched by adding an initialization for it. See debugging.md for more information.
[1912月2025 18:45:40.275] [Render thread/WARN] [net.irisshaders.iris.pipeline.transform.transformer.CompatibilityTransformer/]: The in declaration 'vertexDist' in the FRAGMENT shader that is never assigned to in the previous stage VERTEX has been compatibility-patched by adding an initialization for it. See debugging.md for more information.
[1912月2025 18:45:40.275] [Render thread/WARN] [net.irisshaders.iris.pipeline.transform.transformer.CompatibilityTransformer/]: The in declaration 'viewVec' in the FRAGMENT shader that is never assigned to in the previous stage VERTEX has been compatibility-patched by adding an initialization for it. See debugging.md for more information.
[1912月2025 18:45:40.293] [Render thread/WARN] [net.irisshaders.iris.pipeline.transform.transformer.CompatibilityTransformer/]: The in declaration 'vCoord' in the FRAGMENT shader that is never assigned to in the previous stage VERTEX has been compatibility-patched by adding an initialization for it. See debugging.md for more information.
[1912月2025 18:45:40.293] [Render thread/WARN] [net.irisshaders.iris.pipeline.transform.transformer.CompatibilityTransformer/]: The in declaration 'viewVec' in the FRAGMENT shader that is never assigned to in the previous stage VERTEX has been compatibility-patched by adding an initialization for it. See debugging.md for more information.
[1912月2025 18:45:40.293] [Render thread/WARN] [net.irisshaders.iris.pipeline.transform.transformer.CompatibilityTransformer/]: The in declaration 'vertexDist' in the FRAGMENT shader that is never assigned to in the previous stage VERTEX has been compatibility-patched by adding an initialization for it. See debugging.md for more information.
[1912月2025 18:45:40.293] [Render thread/WARN] [net.irisshaders.iris.pipeline.transform.transformer.CompatibilityTransformer/]: The in declaration 'vCoordAM' in the FRAGMENT shader that is never assigned to in the previous stage VERTEX has been compatibility-patched by adding an initialization for it. See debugging.md for more information.
[1912月2025 18:45:40.316] [Render thread/WARN] [net.irisshaders.iris.pipeline.transform.transformer.CompatibilityTransformer/]: The in declaration 'vertexDist' in the FRAGMENT shader that is never assigned to in the previous stage VERTEX has been compatibility-patched by adding an initialization for it. See debugging.md for more information.
[1912月2025 18:45:40.316] [Render thread/WARN] [net.irisshaders.iris.pipeline.transform.transformer.CompatibilityTransformer/]: The in declaration 'vCoordAM' in the FRAGMENT shader that is never assigned to in the previous stage VERTEX has been compatibility-patched by adding an initialization for it. See debugging.md for more information.
[1912月2025 18:45:40.316] [Render thread/WARN] [net.irisshaders.iris.pipeline.transform.transformer.CompatibilityTransformer/]: The in declaration 'vCoord' in the FRAGMENT shader that is never assigned to in the previous stage VERTEX has been compatibility-patched by adding an initialization for it. See debugging.md for more information.
[1912月2025 18:45:40.316] [Render thread/WARN] [net.irisshaders.iris.pipeline.transform.transformer.CompatibilityTransformer/]: The in declaration 'foliage' in the FRAGMENT shader that is never assigned to in the previous stage VERTEX has been compatibility-patched by adding an initialization for it. See debugging.md for more information.
[1912月2025 18:45:40.316] [Render thread/WARN] [net.irisshaders.iris.pipeline.transform.transformer.CompatibilityTransformer/]: The in declaration 'viewVec' in the FRAGMENT shader that is never assigned to in the previous stage VERTEX has been compatibility-patched by adding an initialization for it. See debugging.md for more information.
[1912月2025 18:45:40.345] [Render thread/WARN] [net.irisshaders.iris.pipeline.transform.transformer.CompatibilityTransformer/]: The in declaration 'vCoord' in the FRAGMENT shader that is never assigned to in the previous stage VERTEX has been compatibility-patched by adding an initialization for it. See debugging.md for more information.
[1912月2025 18:45:40.345] [Render thread/WARN] [net.irisshaders.iris.pipeline.transform.transformer.CompatibilityTransformer/]: The in declaration 'vertexDist' in the FRAGMENT shader that is never assigned to in the previous stage VERTEX has been compatibility-patched by adding an initialization for it. See debugging.md for more information.
[1912月2025 18:45:40.346] [Render thread/WARN] [net.irisshaders.iris.pipeline.transform.transformer.CompatibilityTransformer/]: The in declaration 'foliage' in the FRAGMENT shader that is never assigned to in the previous stage VERTEX has been compatibility-patched by adding an initialization for it. See debugging.md for more information.
[1912月2025 18:45:40.346] [Render thread/WARN] [net.irisshaders.iris.pipeline.transform.transformer.CompatibilityTransformer/]: The in declaration 'vCoordAM' in the FRAGMENT shader that is never assigned to in the previous stage VERTEX has been compatibility-patched by adding an initialization for it. See debugging.md for more information.
[1912月2025 18:45:40.346] [Render thread/WARN] [net.irisshaders.iris.pipeline.transform.transformer.CompatibilityTransformer/]: The in declaration 'viewVec' in the FRAGMENT shader that is never assigned to in the previous stage VERTEX has been compatibility-patched by adding an initialization for it. See debugging.md for more information.
[1912月2025 18:45:40.377] [Render thread/WARN] [net.irisshaders.iris.pipeline.transform.transformer.CompatibilityTransformer/]: The in declaration 'vertexDist' in the FRAGMENT shader that is never assigned to in the previous stage VERTEX has been compatibility-patched by adding an initialization for it. See debugging.md for more information.
[1912月2025 18:45:40.377] [Render thread/WARN] [net.irisshaders.iris.pipeline.transform.transformer.CompatibilityTransformer/]: The in declaration 'vCoordAM' in the FRAGMENT shader that is never assigned to in the previous stage VERTEX has been compatibility-patched by adding an initialization for it. See debugging.md for more information.
[1912月2025 18:45:40.377] [Render thread/WARN] [net.irisshaders.iris.pipeline.transform.transformer.CompatibilityTransformer/]: The in declaration 'vCoord' in the FRAGMENT shader that is never assigned to in the previous stage VERTEX has been compatibility-patched by adding an initialization for it. See debugging.md for more information.
[1912月2025 18:45:40.377] [Render thread/WARN] [net.irisshaders.iris.pipeline.transform.transformer.CompatibilityTransformer/]: The in declaration 'viewVec' in the FRAGMENT shader that is never assigned to in the previous stage VERTEX has been compatibility-patched by adding an initialization for it. See debugging.md for more information.
[1912月2025 18:45:40.377] [Render thread/WARN] [net.irisshaders.iris.pipeline.transform.transformer.CompatibilityTransformer/]: The in declaration 'foliage' in the FRAGMENT shader that is never assigned to in the previous stage VERTEX has been compatibility-patched by adding an initialization for it. See debugging.md for more information.
[1912月2025 18:45:40.407] [Render thread/WARN] [net.irisshaders.iris.pipeline.transform.transformer.CompatibilityTransformer/]: The in declaration 'foliage' in the FRAGMENT shader that is never assigned to in the previous stage VERTEX has been compatibility-patched by adding an initialization for it. See debugging.md for more information.
[1912月2025 18:45:40.407] [Render thread/WARN] [net.irisshaders.iris.pipeline.transform.transformer.CompatibilityTransformer/]: The in declaration 'vertexDist' in the FRAGMENT shader that is never assigned to in the previous stage VERTEX has been compatibility-patched by adding an initialization for it. See debugging.md for more information.
[1912月2025 18:45:40.407] [Render thread/WARN] [net.irisshaders.iris.pipeline.transform.transformer.CompatibilityTransformer/]: The in declaration 'viewVec' in the FRAGMENT shader that is never assigned to in the previous stage VERTEX has been compatibility-patched by adding an initialization for it. See debugging.md for more information.
[1912月2025 18:45:40.407] [Render thread/WARN] [net.irisshaders.iris.pipeline.transform.transformer.CompatibilityTransformer/]: The in declaration 'vCoordAM' in the FRAGMENT shader that is never assigned to in the previous stage VERTEX has been compatibility-patched by adding an initialization for it. See debugging.md for more information.
[1912月2025 18:45:40.407] [Render thread/WARN] [net.irisshaders.iris.pipeline.transform.transformer.CompatibilityTransformer/]: The in declaration 'vCoord' in the FRAGMENT shader that is never assigned to in the previous stage VERTEX has been compatibility-patched by adding an initialization for it. See debugging.md for more information.
[1912月2025 18:45:40.438] [Render thread/WARN] [net.irisshaders.iris.pipeline.transform.transformer.CompatibilityTransformer/]: The in declaration 'vCoord' in the FRAGMENT shader that is never assigned to in the previous stage VERTEX has been compatibility-patched by adding an initialization for it. See debugging.md for more information.
[1912月2025 18:45:40.438] [Render thread/WARN] [net.irisshaders.iris.pipeline.transform.transformer.CompatibilityTransformer/]: The in declaration 'viewVec' in the FRAGMENT shader that is never assigned to in the previous stage VERTEX has been compatibility-patched by adding an initialization for it. See debugging.md for more information.
[1912月2025 18:45:40.438] [Render thread/WARN] [net.irisshaders.iris.pipeline.transform.transformer.CompatibilityTransformer/]: The in declaration 'vertexDist' in the FRAGMENT shader that is never assigned to in the previous stage VERTEX has been compatibility-patched by adding an initialization for it. See debugging.md for more information.
[1912月2025 18:45:40.438] [Render thread/WARN] [net.irisshaders.iris.pipeline.transform.transformer.CompatibilityTransformer/]: The in declaration 'vCoordAM' in the FRAGMENT shader that is never assigned to in the previous stage VERTEX has been compatibility-patched by adding an initialization for it. See debugging.md for more information.
[1912月2025 18:45:40.438] [Render thread/WARN] [net.irisshaders.iris.pipeline.transform.transformer.CompatibilityTransformer/]: The in declaration 'foliage' in the FRAGMENT shader that is never assigned to in the previous stage VERTEX has been compatibility-patched by adding an initialization for it. See debugging.md for more information.
[1912月2025 18:45:40.470] [Render thread/WARN] [net.irisshaders.iris.pipeline.transform.transformer.CompatibilityTransformer/]: The in declaration 'vCoord' in the FRAGMENT shader that is never assigned to in the previous stage VERTEX has been compatibility-patched by adding an initialization for it. See debugging.md for more information.
[1912月2025 18:45:40.470] [Render thread/WARN] [net.irisshaders.iris.pipeline.transform.transformer.CompatibilityTransformer/]: The in declaration 'foliage' in the FRAGMENT shader that is never assigned to in the previous stage VERTEX has been compatibility-patched by adding an initialization for it. See debugging.md for more information.
[1912月2025 18:45:40.470] [Render thread/WARN] [net.irisshaders.iris.pipeline.transform.transformer.CompatibilityTransformer/]: The in declaration 'vertexDist' in the FRAGMENT shader that is never assigned to in the previous stage VERTEX has been compatibility-patched by adding an initialization for it. See debugging.md for more information.
[1912月2025 18:45:40.470] [Render thread/WARN] [net.irisshaders.iris.pipeline.transform.transformer.CompatibilityTransformer/]: The in declaration 'vCoordAM' in the FRAGMENT shader that is never assigned to in the previous stage VERTEX has been compatibility-patched by adding an initialization for it. See debugging.md for more information.
[1912月2025 18:45:40.470] [Render thread/WARN] [net.irisshaders.iris.pipeline.transform.transformer.CompatibilityTransformer/]: The in declaration 'viewVec' in the FRAGMENT shader that is never assigned to in the previous stage VERTEX has been compatibility-patched by adding an initialization for it. See debugging.md for more information.
[1912月2025 18:45:40.498] [Render thread/WARN] [net.irisshaders.iris.pipeline.transform.transformer.CompatibilityTransformer/]: The in declaration 'vCoordAM' in the FRAGMENT shader that is never assigned to in the previous stage VERTEX has been compatibility-patched by adding an initialization for it. See debugging.md for more information.
[1912月2025 18:45:40.498] [Render thread/WARN] [net.irisshaders.iris.pipeline.transform.transformer.CompatibilityTransformer/]: The in declaration 'viewVec' in the FRAGMENT shader that is never assigned to in the previous stage VERTEX has been compatibility-patched by adding an initialization for it. See debugging.md for more information.
[1912月2025 18:45:40.498] [Render thread/WARN] [net.irisshaders.iris.pipeline.transform.transformer.CompatibilityTransformer/]: The in declaration 'vertexDist' in the FRAGMENT shader that is never assigned to in the previous stage VERTEX has been compatibility-patched by adding an initialization for it. See debugging.md for more information.
[1912月2025 18:45:40.498] [Render thread/WARN] [net.irisshaders.iris.pipeline.transform.transformer.CompatibilityTransformer/]: The in declaration 'vCoord' in the FRAGMENT shader that is never assigned to in the previous stage VERTEX has been compatibility-patched by adding an initialization for it. See debugging.md for more information.
[1912月2025 18:45:40.604] [Render thread/INFO] [ChunkBuilder/]: Stopping worker threads
[1912月2025 18:45:40.611] [Render thread/INFO] [ChunkBuilder/]: Started 10 worker threads
[1912月2025 18:45:40.634] [Render thread/WARN] [net.irisshaders.iris.pipeline.transform.transformer.CompatibilityTransformer/]: The in declaration 'vCoord' in the FRAGMENT shader that is never assigned to in the previous stage VERTEX has been compatibility-patched by adding an initialization for it. See debugging.md for more information.
[1912月2025 18:45:40.634] [Render thread/WARN] [net.irisshaders.iris.pipeline.transform.transformer.CompatibilityTransformer/]: The in declaration 'vCoordAM' in the FRAGMENT shader that is never assigned to in the previous stage VERTEX has been compatibility-patched by adding an initialization for it. See debugging.md for more information.
[1912月2025 18:45:40.634] [Render thread/WARN] [net.irisshaders.iris.pipeline.transform.transformer.CompatibilityTransformer/]: The in declaration 'viewVec' in the FRAGMENT shader that is never assigned to in the previous stage VERTEX has been compatibility-patched by adding an initialization for it. See debugging.md for more information.
[1912月2025 18:45:40.634] [Render thread/WARN] [net.irisshaders.iris.pipeline.transform.transformer.CompatibilityTransformer/]: The in declaration 'vertexDist' in the FRAGMENT shader that is never assigned to in the previous stage VERTEX has been compatibility-patched by adding an initialization for it. See debugging.md for more information.
[1912月2025 18:45:40.634] [Render thread/WARN] [net.irisshaders.iris.pipeline.transform.transformer.CompatibilityTransformer/]: The in declaration 'foliage' in the FRAGMENT shader that is never assigned to in the previous stage VERTEX has been compatibility-patched by adding an initialization for it. See debugging.md for more information.
[1912月2025 18:45:40.638] [Render thread/WARN] [net.irisshaders.iris.pipeline.transform.transformer.CompatibilityTransformer/]: The in declaration 'vertexDist' in the FRAGMENT shader that is never assigned to in the previous stage VERTEX has been compatibility-patched by adding an initialization for it. See debugging.md for more information.
[1912月2025 18:45:40.638] [Render thread/WARN] [net.irisshaders.iris.pipeline.transform.transformer.CompatibilityTransformer/]: The in declaration 'viewVec' in the FRAGMENT shader that is never assigned to in the previous stage VERTEX has been compatibility-patched by adding an initialization for it. See debugging.md for more information.
[1912月2025 18:45:40.638] [Render thread/WARN] [net.irisshaders.iris.pipeline.transform.transformer.CompatibilityTransformer/]: The in declaration 'vCoord' in the FRAGMENT shader that is never assigned to in the previous stage VERTEX has been compatibility-patched by adding an initialization for it. See debugging.md for more information.
[1912月2025 18:45:40.638] [Render thread/WARN] [net.irisshaders.iris.pipeline.transform.transformer.CompatibilityTransformer/]: The in declaration 'foliage' in the FRAGMENT shader that is never assigned to in the previous stage VERTEX has been compatibility-patched by adding an initialization for it. See debugging.md for more information.
[1912月2025 18:45:40.638] [Render thread/WARN] [net.irisshaders.iris.pipeline.transform.transformer.CompatibilityTransformer/]: The in declaration 'vCoordAM' in the FRAGMENT shader that is never assigned to in the previous stage VERTEX has been compatibility-patched by adding an initialization for it. See debugging.md for more information.
[1912月2025 18:45:45.184] [Server thread/INFO] [net.minecraft.client.server.IntegratedServer/]: Saving and pausing game...
[1912月2025 18:45:45.188] [Server thread/INFO] [net.minecraft.server.MinecraftServer/]: Saving chunks for level 'ServerLevel[宣传片2镜头]'/minecraft:overworld
[1912月2025 18:45:45.193] [Server thread/INFO] [net.minecraft.server.MinecraftServer/]: Saving chunks for level 'ServerLevel[宣传片2镜头]'/minecraft:the_end
[1912月2025 18:45:45.193] [Server thread/INFO] [net.minecraft.server.MinecraftServer/]: Saving chunks for level 'ServerLevel[宣传片2镜头]'/minecraft:the_nether
[1912月2025 18:45:48.773] [Render thread/WARN] [Embeddium/]: Id must be specified in OptionPage '光影包…'
[1912月2025 18:45:54.004] [Render thread/INFO] [Oculus/]: Destroying pipeline NamespacedId{namespace='minecraft', name='overworld'}
[1912月2025 18:45:54.063] [Render thread/WARN] [Oculus/]: Invalid pack option: cloudVolumeEnabled
[1912月2025 18:45:54.063] [Render thread/WARN] [Oculus/]: Invalid pack option: cloudVolumeEnabled
[1912月2025 18:45:54.063] [Render thread/WARN] [Oculus/]: Invalid pack option: cloudVolumeEnabled
[1912月2025 18:45:54.063] [Render thread/WARN] [Oculus/]: Tried to get boolean value for unknown option: 1, defaulting to true!
[1912月2025 18:45:54.063] [Render thread/WARN] [Oculus/]: Tried to get boolean value for unknown option: 1, defaulting to true!
[1912月2025 18:45:54.063] [Render thread/WARN] [Oculus/]: Tried to get boolean value for unknown option: 1, defaulting to true!
[1912月2025 18:45:54.063] [Render thread/WARN] [Oculus/]: Tried to get boolean value for unknown option: 1, defaulting to true!
[1912月2025 18:45:54.063] [Render thread/WARN] [Oculus/]: Tried to get boolean value for unknown option: 1, defaulting to true!
[1912月2025 18:45:54.063] [Render thread/WARN] [Oculus/]: Tried to get boolean value for unknown option: (1 || 1 || 1 || 1), defaulting to true!
[1912月2025 18:45:54.063] [Render thread/WARN] [Oculus/]: Tried to get boolean value for unknown option: 1, defaulting to true!
[1912月2025 18:45:54.063] [Render thread/WARN] [Oculus/]: Tried to get boolean value for unknown option: 1, defaulting to true!
[1912月2025 18:45:54.063] [Render thread/WARN] [Oculus/]: Tried to get boolean value for unknown option: 1, defaulting to true!
[1912月2025 18:45:54.063] [Render thread/WARN] [Oculus/]: Tried to get boolean value for unknown option: 1, defaulting to true!
[1912月2025 18:45:54.063] [Render thread/WARN] [Oculus/]: Tried to get boolean value for unknown option: 1, defaulting to true!
[1912月2025 18:45:54.063] [Render thread/WARN] [Oculus/]: Tried to get boolean value for unknown option: 1, defaulting to true!
[1912月2025 18:45:54.063] [Render thread/WARN] [Oculus/]: Tried to get boolean value for unknown option: 1, defaulting to true!
[1912月2025 18:45:54.063] [Render thread/WARN] [Oculus/]: Tried to get boolean value for unknown option: 1, defaulting to true!
[1912月2025 18:45:54.063] [Render thread/WARN] [Oculus/]: Tried to get boolean value for unknown option: 1, defaulting to true!
[1912月2025 18:45:54.063] [Render thread/WARN] [Oculus/]: Tried to get boolean value for unknown option: 1, defaulting to true!
[1912月2025 18:45:54.063] [Render thread/WARN] [Oculus/]: Tried to get boolean value for unknown option: 1, defaulting to true!
[1912月2025 18:45:54.063] [Render thread/WARN] [Oculus/]: Tried to get boolean value for unknown option: 1, defaulting to true!
[1912月2025 18:45:54.063] [Render thread/WARN] [Oculus/]: Tried to get boolean value for unknown option: 1, defaulting to true!
[1912月2025 18:45:54.063] [Render thread/WARN] [Oculus/]: Unable to resolve shader pack option menu element "customIceEnabled" defined in shaders.properties
[1912月2025 18:45:54.063] [Render thread/INFO] [Oculus/]: Profile: Extreme (+5 options changed by user)
[1912月2025 18:45:54.195] [Render thread/INFO] [Oculus/]: Using shaderpack: (汉化)Kappa_v5.3.zip
[1912月2025 18:45:54.195] [Render thread/INFO] [Oculus/]: Creating pipeline for dimension NamespacedId{namespace='minecraft', name='overworld'}
[1912月2025 18:45:54.292] [Render thread/WARN] [eclipticseasons/]: Allow Oculus to use the biome_precipitation agent from eclipticseasons 
[1912月2025 18:45:54.292] [Render thread/WARN] [Oculus/]: Duplicated fixed uniform supplied as inputs to the Custom uniform holder: biome_precipitation
[1912月2025 18:45:54.292] [Render thread/INFO] [Oculus/]: Starting custom uniform resolving
[1912月2025 18:45:55.470] [Render thread/WARN] [net.irisshaders.iris.gl.shader.ProgramCreator/]: Program link log for composite4: Fragment info
-------------
0(17) : warning C7050: "MinColor" might be used before being initialized
0(18) : warning C7050: "MaxColor" might be used before being initialized

[1912月2025 18:45:55.640] [Render thread/WARN] [net.irisshaders.iris.pipeline.transform.transformer.CompatibilityTransformer/]: The in declaration 'viewVec' in the FRAGMENT shader that is never assigned to in the previous stage VERTEX has been compatibility-patched by adding an initialization for it. See debugging.md for more information.
[1912月2025 18:45:55.640] [Render thread/WARN] [net.irisshaders.iris.pipeline.transform.transformer.CompatibilityTransformer/]: The in declaration 'vertexDist' in the FRAGMENT shader that is never assigned to in the previous stage VERTEX has been compatibility-patched by adding an initialization for it. See debugging.md for more information.
[1912月2025 18:45:55.640] [Render thread/WARN] [net.irisshaders.iris.pipeline.transform.transformer.CompatibilityTransformer/]: The in declaration 'vCoordAM' in the FRAGMENT shader that is never assigned to in the previous stage VERTEX has been compatibility-patched by adding an initialization for it. See debugging.md for more information.
[1912月2025 18:45:55.640] [Render thread/WARN] [net.irisshaders.iris.pipeline.transform.transformer.CompatibilityTransformer/]: The in declaration 'vCoord' in the FRAGMENT shader that is never assigned to in the previous stage VERTEX has been compatibility-patched by adding an initialization for it. See debugging.md for more information.
[1912月2025 18:45:55.660] [Render thread/WARN] [net.irisshaders.iris.pipeline.transform.transformer.CompatibilityTransformer/]: The in declaration 'viewVec' in the FRAGMENT shader that is never assigned to in the previous stage VERTEX has been compatibility-patched by adding an initialization for it. See debugging.md for more information.
[1912月2025 18:45:55.660] [Render thread/WARN] [net.irisshaders.iris.pipeline.transform.transformer.CompatibilityTransformer/]: The in declaration 'vCoordAM' in the FRAGMENT shader that is never assigned to in the previous stage VERTEX has been compatibility-patched by adding an initialization for it. See debugging.md for more information.
[1912月2025 18:45:55.660] [Render thread/WARN] [net.irisshaders.iris.pipeline.transform.transformer.CompatibilityTransformer/]: The in declaration 'vCoord' in the FRAGMENT shader that is never assigned to in the previous stage VERTEX has been compatibility-patched by adding an initialization for it. See debugging.md for more information.
[1912月2025 18:45:55.660] [Render thread/WARN] [net.irisshaders.iris.pipeline.transform.transformer.CompatibilityTransformer/]: The in declaration 'vertexDist' in the FRAGMENT shader that is never assigned to in the previous stage VERTEX has been compatibility-patched by adding an initialization for it. See debugging.md for more information.
[1912月2025 18:45:55.705] [Render thread/WARN] [net.irisshaders.iris.pipeline.transform.transformer.CompatibilityTransformer/]: The in declaration 'vCoord' in the FRAGMENT shader that is never assigned to in the previous stage VERTEX has been compatibility-patched by adding an initialization for it. See debugging.md for more information.
[1912月2025 18:45:55.705] [Render thread/WARN] [net.irisshaders.iris.pipeline.transform.transformer.CompatibilityTransformer/]: The in declaration 'foliage' in the FRAGMENT shader that is never assigned to in the previous stage VERTEX has been compatibility-patched by adding an initialization for it. See debugging.md for more information.
[1912月2025 18:45:55.705] [Render thread/WARN] [net.irisshaders.iris.pipeline.transform.transformer.CompatibilityTransformer/]: The in declaration 'vertexDist' in the FRAGMENT shader that is never assigned to in the previous stage VERTEX has been compatibility-patched by adding an initialization for it. See debugging.md for more information.
[1912月2025 18:45:55.705] [Render thread/WARN] [net.irisshaders.iris.pipeline.transform.transformer.CompatibilityTransformer/]: The in declaration 'viewVec' in the FRAGMENT shader that is never assigned to in the previous stage VERTEX has been compatibility-patched by adding an initialization for it. See debugging.md for more information.
[1912月2025 18:45:55.705] [Render thread/WARN] [net.irisshaders.iris.pipeline.transform.transformer.CompatibilityTransformer/]: The in declaration 'vCoordAM' in the FRAGMENT shader that is never assigned to in the previous stage VERTEX has been compatibility-patched by adding an initialization for it. See debugging.md for more information.
[1912月2025 18:45:55.736] [Render thread/WARN] [net.irisshaders.iris.pipeline.transform.transformer.CompatibilityTransformer/]: The in declaration 'vertexDist' in the FRAGMENT shader that is never assigned to in the previous stage VERTEX has been compatibility-patched by adding an initialization for it. See debugging.md for more information.
[1912月2025 18:45:55.736] [Render thread/WARN] [net.irisshaders.iris.pipeline.transform.transformer.CompatibilityTransformer/]: The in declaration 'vCoord' in the FRAGMENT shader that is never assigned to in the previous stage VERTEX has been compatibility-patched by adding an initialization for it. See debugging.md for more information.
[1912月2025 18:45:55.736] [Render thread/WARN] [net.irisshaders.iris.pipeline.transform.transformer.CompatibilityTransformer/]: The in declaration 'viewVec' in the FRAGMENT shader that is never assigned to in the previous stage VERTEX has been compatibility-patched by adding an initialization for it. See debugging.md for more information.
[1912月2025 18:45:55.736] [Render thread/WARN] [net.irisshaders.iris.pipeline.transform.transformer.CompatibilityTransformer/]: The in declaration 'vCoordAM' in the FRAGMENT shader that is never assigned to in the previous stage VERTEX has been compatibility-patched by adding an initialization for it. See debugging.md for more information.
[1912月2025 18:45:55.736] [Render thread/WARN] [net.irisshaders.iris.pipeline.transform.transformer.CompatibilityTransformer/]: The in declaration 'foliage' in the FRAGMENT shader that is never assigned to in the previous stage VERTEX has been compatibility-patched by adding an initialization for it. See debugging.md for more information.
[1912月2025 18:45:56.037] [Render thread/WARN] [net.irisshaders.iris.pipeline.transform.transformer.CompatibilityTransformer/]: The in declaration 'vertexDist' in the FRAGMENT shader that is never assigned to in the previous stage VERTEX has been compatibility-patched by adding an initialization for it. See debugging.md for more information.
[1912月2025 18:45:56.037] [Render thread/WARN] [net.irisshaders.iris.pipeline.transform.transformer.CompatibilityTransformer/]: The in declaration 'vCoordAM' in the FRAGMENT shader that is never assigned to in the previous stage VERTEX has been compatibility-patched by adding an initialization for it. See debugging.md for more information.
[1912月2025 18:45:56.037] [Render thread/WARN] [net.irisshaders.iris.pipeline.transform.transformer.CompatibilityTransformer/]: The in declaration 'viewVec' in the FRAGMENT shader that is never assigned to in the previous stage VERTEX has been compatibility-patched by adding an initialization for it. See debugging.md for more information.
[1912月2025 18:45:56.037] [Render thread/WARN] [net.irisshaders.iris.pipeline.transform.transformer.CompatibilityTransformer/]: The in declaration 'foliage' in the FRAGMENT shader that is never assigned to in the previous stage VERTEX has been compatibility-patched by adding an initialization for it. See debugging.md for more information.
[1912月2025 18:45:56.037] [Render thread/WARN] [net.irisshaders.iris.pipeline.transform.transformer.CompatibilityTransformer/]: The in declaration 'vCoord' in the FRAGMENT shader that is never assigned to in the previous stage VERTEX has been compatibility-patched by adding an initialization for it. See debugging.md for more information.
[1912月2025 18:45:56.071] [Render thread/WARN] [net.irisshaders.iris.pipeline.transform.transformer.CompatibilityTransformer/]: The in declaration 'vCoord' in the FRAGMENT shader that is never assigned to in the previous stage VERTEX has been compatibility-patched by adding an initialization for it. See debugging.md for more information.
[1912月2025 18:45:56.071] [Render thread/WARN] [net.irisshaders.iris.pipeline.transform.transformer.CompatibilityTransformer/]: The in declaration 'viewVec' in the FRAGMENT shader that is never assigned to in the previous stage VERTEX has been compatibility-patched by adding an initialization for it. See debugging.md for more information.
[1912月2025 18:45:56.071] [Render thread/WARN] [net.irisshaders.iris.pipeline.transform.transformer.CompatibilityTransformer/]: The in declaration 'vCoordAM' in the FRAGMENT shader that is never assigned to in the previous stage VERTEX has been compatibility-patched by adding an initialization for it. See debugging.md for more information.
[1912月2025 18:45:56.071] [Render thread/WARN] [net.irisshaders.iris.pipeline.transform.transformer.CompatibilityTransformer/]: The in declaration 'vertexDist' in the FRAGMENT shader that is never assigned to in the previous stage VERTEX has been compatibility-patched by adding an initialization for it. See debugging.md for more information.
[1912月2025 18:45:56.093] [Render thread/WARN] [net.irisshaders.iris.pipeline.transform.transformer.CompatibilityTransformer/]: The in declaration 'vertexDist' in the FRAGMENT shader that is never assigned to in the previous stage VERTEX has been compatibility-patched by adding an initialization for it. See debugging.md for more information.
[1912月2025 18:45:56.093] [Render thread/WARN] [net.irisshaders.iris.pipeline.transform.transformer.CompatibilityTransformer/]: The in declaration 'vCoord' in the FRAGMENT shader that is never assigned to in the previous stage VERTEX has been compatibility-patched by adding an initialization for it. See debugging.md for more information.
[1912月2025 18:45:56.093] [Render thread/WARN] [net.irisshaders.iris.pipeline.transform.transformer.CompatibilityTransformer/]: The in declaration 'viewVec' in the FRAGMENT shader that is never assigned to in the previous stage VERTEX has been compatibility-patched by adding an initialization for it. See debugging.md for more information.
[1912月2025 18:45:56.093] [Render thread/WARN] [net.irisshaders.iris.pipeline.transform.transformer.CompatibilityTransformer/]: The in declaration 'vCoordAM' in the FRAGMENT shader that is never assigned to in the previous stage VERTEX has been compatibility-patched by adding an initialization for it. See debugging.md for more information.
[1912月2025 18:45:56.112] [Render thread/WARN] [net.irisshaders.iris.pipeline.transform.transformer.CompatibilityTransformer/]: The in declaration 'vCoordAM' in the FRAGMENT shader that is never assigned to in the previous stage VERTEX has been compatibility-patched by adding an initialization for it. See debugging.md for more information.
[1912月2025 18:45:56.112] [Render thread/WARN] [net.irisshaders.iris.pipeline.transform.transformer.CompatibilityTransformer/]: The in declaration 'vCoord' in the FRAGMENT shader that is never assigned to in the previous stage VERTEX has been compatibility-patched by adding an initialization for it. See debugging.md for more information.
[1912月2025 18:45:56.112] [Render thread/WARN] [net.irisshaders.iris.pipeline.transform.transformer.CompatibilityTransformer/]: The in declaration 'viewVec' in the FRAGMENT shader that is never assigned to in the previous stage VERTEX has been compatibility-patched by adding an initialization for it. See debugging.md for more information.
[1912月2025 18:45:56.112] [Render thread/WARN] [net.irisshaders.iris.pipeline.transform.transformer.CompatibilityTransformer/]: The in declaration 'vertexDist' in the FRAGMENT shader that is never assigned to in the previous stage VERTEX has been compatibility-patched by adding an initialization for it. See debugging.md for more information.
[1912月2025 18:45:56.130] [Render thread/WARN] [net.irisshaders.iris.pipeline.transform.transformer.CompatibilityTransformer/]: The in declaration 'vCoord' in the FRAGMENT shader that is never assigned to in the previous stage VERTEX has been compatibility-patched by adding an initialization for it. See debugging.md for more information.
[1912月2025 18:45:56.130] [Render thread/WARN] [net.irisshaders.iris.pipeline.transform.transformer.CompatibilityTransformer/]: The in declaration 'vertexDist' in the FRAGMENT shader that is never assigned to in the previous stage VERTEX has been compatibility-patched by adding an initialization for it. See debugging.md for more information.
[1912月2025 18:45:56.130] [Render thread/WARN] [net.irisshaders.iris.pipeline.transform.transformer.CompatibilityTransformer/]: The in declaration 'viewVec' in the FRAGMENT shader that is never assigned to in the previous stage VERTEX has been compatibility-patched by adding an initialization for it. See debugging.md for more information.
[1912月2025 18:45:56.130] [Render thread/WARN] [net.irisshaders.iris.pipeline.transform.transformer.CompatibilityTransformer/]: The in declaration 'vCoordAM' in the FRAGMENT shader that is never assigned to in the previous stage VERTEX has been compatibility-patched by adding an initialization for it. See debugging.md for more information.
[1912月2025 18:45:56.148] [Render thread/WARN] [net.irisshaders.iris.pipeline.transform.transformer.CompatibilityTransformer/]: The in declaration 'vCoordAM' in the FRAGMENT shader that is never assigned to in the previous stage VERTEX has been compatibility-patched by adding an initialization for it. See debugging.md for more information.
[1912月2025 18:45:56.148] [Render thread/WARN] [net.irisshaders.iris.pipeline.transform.transformer.CompatibilityTransformer/]: The in declaration 'vertexDist' in the FRAGMENT shader that is never assigned to in the previous stage VERTEX has been compatibility-patched by adding an initialization for it. See debugging.md for more information.
[1912月2025 18:45:56.148] [Render thread/WARN] [net.irisshaders.iris.pipeline.transform.transformer.CompatibilityTransformer/]: The in declaration 'vCoord' in the FRAGMENT shader that is never assigned to in the previous stage VERTEX has been compatibility-patched by adding an initialization for it. See debugging.md for more information.
[1912月2025 18:45:56.148] [Render thread/WARN] [net.irisshaders.iris.pipeline.transform.transformer.CompatibilityTransformer/]: The in declaration 'viewVec' in the FRAGMENT shader that is never assigned to in the previous stage VERTEX has been compatibility-patched by adding an initialization for it. See debugging.md for more information.
[1912月2025 18:45:56.167] [Render thread/WARN] [net.irisshaders.iris.pipeline.transform.transformer.CompatibilityTransformer/]: The in declaration 'vCoordAM' in the FRAGMENT shader that is never assigned to in the previous stage VERTEX has been compatibility-patched by adding an initialization for it. See debugging.md for more information.
[1912月2025 18:45:56.167] [Render thread/WARN] [net.irisshaders.iris.pipeline.transform.transformer.CompatibilityTransformer/]: The in declaration 'vCoord' in the FRAGMENT shader that is never assigned to in the previous stage VERTEX has been compatibility-patched by adding an initialization for it. See debugging.md for more information.
[1912月2025 18:45:56.167] [Render thread/WARN] [net.irisshaders.iris.pipeline.transform.transformer.CompatibilityTransformer/]: The in declaration 'viewVec' in the FRAGMENT shader that is never assigned to in the previous stage VERTEX has been compatibility-patched by adding an initialization for it. See debugging.md for more information.
[1912月2025 18:45:56.167] [Render thread/WARN] [net.irisshaders.iris.pipeline.transform.transformer.CompatibilityTransformer/]: The in declaration 'vertexDist' in the FRAGMENT shader that is never assigned to in the previous stage VERTEX has been compatibility-patched by adding an initialization for it. See debugging.md for more information.
[1912月2025 18:45:56.171] [Render thread/WARN] [net.irisshaders.iris.pipeline.transform.transformer.CompatibilityTransformer/]: The in declaration 'vCoordAM' in the FRAGMENT shader that is never assigned to in the previous stage VERTEX has been compatibility-patched by adding an initialization for it. See debugging.md for more information.
[1912月2025 18:45:56.171] [Render thread/WARN] [net.irisshaders.iris.pipeline.transform.transformer.CompatibilityTransformer/]: The in declaration 'viewVec' in the FRAGMENT shader that is never assigned to in the previous stage VERTEX has been compatibility-patched by adding an initialization for it. See debugging.md for more information.
[1912月2025 18:45:56.171] [Render thread/WARN] [net.irisshaders.iris.pipeline.transform.transformer.CompatibilityTransformer/]: The in declaration 'vertexDist' in the FRAGMENT shader that is never assigned to in the previous stage VERTEX has been compatibility-patched by adding an initialization for it. See debugging.md for more information.
[1912月2025 18:45:56.171] [Render thread/WARN] [net.irisshaders.iris.pipeline.transform.transformer.CompatibilityTransformer/]: The in declaration 'vCoord' in the FRAGMENT shader that is never assigned to in the previous stage VERTEX has been compatibility-patched by adding an initialization for it. See debugging.md for more information.
[1912月2025 18:45:56.203] [Render thread/WARN] [net.irisshaders.iris.pipeline.transform.transformer.CompatibilityTransformer/]: The in declaration 'vertexDist' in the FRAGMENT shader that is never assigned to in the previous stage VERTEX has been compatibility-patched by adding an initialization for it. See debugging.md for more information.
[1912月2025 18:45:56.203] [Render thread/WARN] [net.irisshaders.iris.pipeline.transform.transformer.CompatibilityTransformer/]: The in declaration 'vCoordAM' in the FRAGMENT shader that is never assigned to in the previous stage VERTEX has been compatibility-patched by adding an initialization for it. See debugging.md for more information.
[1912月2025 18:45:56.203] [Render thread/WARN] [net.irisshaders.iris.pipeline.transform.transformer.CompatibilityTransformer/]: The in declaration 'vCoord' in the FRAGMENT shader that is never assigned to in the previous stage VERTEX has been compatibility-patched by adding an initialization for it. See debugging.md for more information.
[1912月2025 18:45:56.203] [Render thread/WARN] [net.irisshaders.iris.pipeline.transform.transformer.CompatibilityTransformer/]: The in declaration 'viewVec' in the FRAGMENT shader that is never assigned to in the previous stage VERTEX has been compatibility-patched by adding an initialization for it. See debugging.md for more information.
[1912月2025 18:45:56.222] [Render thread/WARN] [net.irisshaders.iris.pipeline.transform.transformer.CompatibilityTransformer/]: The in declaration 'vCoord' in the FRAGMENT shader that is never assigned to in the previous stage VERTEX has been compatibility-patched by adding an initialization for it. See debugging.md for more information.
[1912月2025 18:45:56.223] [Render thread/WARN] [net.irisshaders.iris.pipeline.transform.transformer.CompatibilityTransformer/]: The in declaration 'viewVec' in the FRAGMENT shader that is never assigned to in the previous stage VERTEX has been compatibility-patched by adding an initialization for it. See debugging.md for more information.
[1912月2025 18:45:56.223] [Render thread/WARN] [net.irisshaders.iris.pipeline.transform.transformer.CompatibilityTransformer/]: The in declaration 'vertexDist' in the FRAGMENT shader that is never assigned to in the previous stage VERTEX has been compatibility-patched by adding an initialization for it. See debugging.md for more information.
[1912月2025 18:45:56.223] [Render thread/WARN] [net.irisshaders.iris.pipeline.transform.transformer.CompatibilityTransformer/]: The in declaration 'vCoordAM' in the FRAGMENT shader that is never assigned to in the previous stage VERTEX has been compatibility-patched by adding an initialization for it. See debugging.md for more information.
[1912月2025 18:45:56.240] [Render thread/WARN] [net.irisshaders.iris.pipeline.transform.transformer.CompatibilityTransformer/]: The in declaration 'vCoord' in the FRAGMENT shader that is never assigned to in the previous stage VERTEX has been compatibility-patched by adding an initialization for it. See debugging.md for more information.
[1912月2025 18:45:56.240] [Render thread/WARN] [net.irisshaders.iris.pipeline.transform.transformer.CompatibilityTransformer/]: The in declaration 'viewVec' in the FRAGMENT shader that is never assigned to in the previous stage VERTEX has been compatibility-patched by adding an initialization for it. See debugging.md for more information.
[1912月2025 18:45:56.241] [Render thread/WARN] [net.irisshaders.iris.pipeline.transform.transformer.CompatibilityTransformer/]: The in declaration 'vCoordAM' in the FRAGMENT shader that is never assigned to in the previous stage VERTEX has been compatibility-patched by adding an initialization for it. See debugging.md for more information.
[1912月2025 18:45:56.241] [Render thread/WARN] [net.irisshaders.iris.pipeline.transform.transformer.CompatibilityTransformer/]: The in declaration 'vertexDist' in the FRAGMENT shader that is never assigned to in the previous stage VERTEX has been compatibility-patched by adding an initialization for it. See debugging.md for more information.
[1912月2025 18:45:56.257] [Render thread/WARN] [net.irisshaders.iris.pipeline.transform.transformer.CompatibilityTransformer/]: The in declaration 'vertexDist' in the FRAGMENT shader that is never assigned to in the previous stage VERTEX has been compatibility-patched by adding an initialization for it. See debugging.md for more information.
[1912月2025 18:45:56.258] [Render thread/WARN] [net.irisshaders.iris.pipeline.transform.transformer.CompatibilityTransformer/]: The in declaration 'vCoord' in the FRAGMENT shader that is never assigned to in the previous stage VERTEX has been compatibility-patched by adding an initialization for it. See debugging.md for more information.
[1912月2025 18:45:56.258] [Render thread/WARN] [net.irisshaders.iris.pipeline.transform.transformer.CompatibilityTransformer/]: The in declaration 'viewVec' in the FRAGMENT shader that is never assigned to in the previous stage VERTEX has been compatibility-patched by adding an initialization for it. See debugging.md for more information.
[1912月2025 18:45:56.258] [Render thread/WARN] [net.irisshaders.iris.pipeline.transform.transformer.CompatibilityTransformer/]: The in declaration 'vCoordAM' in the FRAGMENT shader that is never assigned to in the previous stage VERTEX has been compatibility-patched by adding an initialization for it. See debugging.md for more information.
[1912月2025 18:45:56.276] [Render thread/WARN] [net.irisshaders.iris.pipeline.transform.transformer.CompatibilityTransformer/]: The in declaration 'vCoordAM' in the FRAGMENT shader that is never assigned to in the previous stage VERTEX has been compatibility-patched by adding an initialization for it. See debugging.md for more information.
[1912月2025 18:45:56.276] [Render thread/WARN] [net.irisshaders.iris.pipeline.transform.transformer.CompatibilityTransformer/]: The in declaration 'vCoord' in the FRAGMENT shader that is never assigned to in the previous stage VERTEX has been compatibility-patched by adding an initialization for it. See debugging.md for more information.
[1912月2025 18:45:56.276] [Render thread/WARN] [net.irisshaders.iris.pipeline.transform.transformer.CompatibilityTransformer/]: The in declaration 'vertexDist' in the FRAGMENT shader that is never assigned to in the previous stage VERTEX has been compatibility-patched by adding an initialization for it. See debugging.md for more information.
[1912月2025 18:45:56.276] [Render thread/WARN] [net.irisshaders.iris.pipeline.transform.transformer.CompatibilityTransformer/]: The in declaration 'viewVec' in the FRAGMENT shader that is never assigned to in the previous stage VERTEX has been compatibility-patched by adding an initialization for it. See debugging.md for more information.
[1912月2025 18:45:56.440] [Render thread/WARN] [net.irisshaders.iris.pipeline.transform.transformer.CompatibilityTransformer/]: The in declaration 'vCoordAM' in the FRAGMENT shader that is never assigned to in the previous stage VERTEX has been compatibility-patched by adding an initialization for it. See debugging.md for more information.
[1912月2025 18:45:56.440] [Render thread/WARN] [net.irisshaders.iris.pipeline.transform.transformer.CompatibilityTransformer/]: The in declaration 'vertexDist' in the FRAGMENT shader that is never assigned to in the previous stage VERTEX has been compatibility-patched by adding an initialization for it. See debugging.md for more information.
[1912月2025 18:45:56.440] [Render thread/WARN] [net.irisshaders.iris.pipeline.transform.transformer.CompatibilityTransformer/]: The in declaration 'vCoord' in the FRAGMENT shader that is never assigned to in the previous stage VERTEX has been compatibility-patched by adding an initialization for it. See debugging.md for more information.
[1912月2025 18:45:56.440] [Render thread/WARN] [net.irisshaders.iris.pipeline.transform.transformer.CompatibilityTransformer/]: The in declaration 'viewVec' in the FRAGMENT shader that is never assigned to in the previous stage VERTEX has been compatibility-patched by adding an initialization for it. See debugging.md for more information.
[1912月2025 18:45:56.475] [Render thread/WARN] [net.irisshaders.iris.pipeline.transform.transformer.CompatibilityTransformer/]: The in declaration 'vCoordAM' in the FRAGMENT shader that is never assigned to in the previous stage VERTEX has been compatibility-patched by adding an initialization for it. See debugging.md for more information.
[1912月2025 18:45:56.475] [Render thread/WARN] [net.irisshaders.iris.pipeline.transform.transformer.CompatibilityTransformer/]: The in declaration 'vCoord' in the FRAGMENT shader that is never assigned to in the previous stage VERTEX has been compatibility-patched by adding an initialization for it. See debugging.md for more information.
[1912月2025 18:45:56.475] [Render thread/WARN] [net.irisshaders.iris.pipeline.transform.transformer.CompatibilityTransformer/]: The in declaration 'vertexDist' in the FRAGMENT shader that is never assigned to in the previous stage VERTEX has been compatibility-patched by adding an initialization for it. See debugging.md for more information.
[1912月2025 18:45:56.475] [Render thread/WARN] [net.irisshaders.iris.pipeline.transform.transformer.CompatibilityTransformer/]: The in declaration 'viewVec' in the FRAGMENT shader that is never assigned to in the previous stage VERTEX has been compatibility-patched by adding an initialization for it. See debugging.md for more information.
[1912月2025 18:45:56.596] [Render thread/WARN] [net.irisshaders.iris.pipeline.transform.transformer.CompatibilityTransformer/]: The in declaration 'viewVec' in the FRAGMENT shader that is never assigned to in the previous stage VERTEX has been compatibility-patched by adding an initialization for it. See debugging.md for more information.
[1912月2025 18:45:56.596] [Render thread/WARN] [net.irisshaders.iris.pipeline.transform.transformer.CompatibilityTransformer/]: The in declaration 'vCoordAM' in the FRAGMENT shader that is never assigned to in the previous stage VERTEX has been compatibility-patched by adding an initialization for it. See debugging.md for more information.
[1912月2025 18:45:56.596] [Render thread/WARN] [net.irisshaders.iris.pipeline.transform.transformer.CompatibilityTransformer/]: The in declaration 'vertexDist' in the FRAGMENT shader that is never assigned to in the previous stage VERTEX has been compatibility-patched by adding an initialization for it. See debugging.md for more information.
[1912月2025 18:45:56.596] [Render thread/WARN] [net.irisshaders.iris.pipeline.transform.transformer.CompatibilityTransformer/]: The in declaration 'vCoord' in the FRAGMENT shader that is never assigned to in the previous stage VERTEX has been compatibility-patched by adding an initialization for it. See debugging.md for more information.
[1912月2025 18:45:56.596] [Render thread/WARN] [net.irisshaders.iris.pipeline.transform.transformer.CompatibilityTransformer/]: The in declaration 'foliage' in the FRAGMENT shader that is never assigned to in the previous stage VERTEX has been compatibility-patched by adding an initialization for it. See debugging.md for more information.
[1912月2025 18:45:56.626] [Render thread/WARN] [net.irisshaders.iris.pipeline.transform.transformer.CompatibilityTransformer/]: The in declaration 'vCoordAM' in the FRAGMENT shader that is never assigned to in the previous stage VERTEX has been compatibility-patched by adding an initialization for it. See debugging.md for more information.
[1912月2025 18:45:56.626] [Render thread/WARN] [net.irisshaders.iris.pipeline.transform.transformer.CompatibilityTransformer/]: The in declaration 'viewVec' in the FRAGMENT shader that is never assigned to in the previous stage VERTEX has been compatibility-patched by adding an initialization for it. See debugging.md for more information.
[1912月2025 18:45:56.626] [Render thread/WARN] [net.irisshaders.iris.pipeline.transform.transformer.CompatibilityTransformer/]: The in declaration 'vCoord' in the FRAGMENT shader that is never assigned to in the previous stage VERTEX has been compatibility-patched by adding an initialization for it. See debugging.md for more information.
[1912月2025 18:45:56.626] [Render thread/WARN] [net.irisshaders.iris.pipeline.transform.transformer.CompatibilityTransformer/]: The in declaration 'vertexDist' in the FRAGMENT shader that is never assigned to in the previous stage VERTEX has been compatibility-patched by adding an initialization for it. See debugging.md for more information.
[1912月2025 18:45:56.646] [Render thread/WARN] [net.irisshaders.iris.pipeline.transform.transformer.CompatibilityTransformer/]: The in declaration 'viewVec' in the FRAGMENT shader that is never assigned to in the previous stage VERTEX has been compatibility-patched by adding an initialization for it. See debugging.md for more information.
[1912月2025 18:45:56.646] [Render thread/WARN] [net.irisshaders.iris.pipeline.transform.transformer.CompatibilityTransformer/]: The in declaration 'vertexDist' in the FRAGMENT shader that is never assigned to in the previous stage VERTEX has been compatibility-patched by adding an initialization for it. See debugging.md for more information.
[1912月2025 18:45:56.646] [Render thread/WARN] [net.irisshaders.iris.pipeline.transform.transformer.CompatibilityTransformer/]: The in declaration 'vCoordAM' in the FRAGMENT shader that is never assigned to in the previous stage VERTEX has been compatibility-patched by adding an initialization for it. See debugging.md for more information.
[1912月2025 18:45:56.646] [Render thread/WARN] [net.irisshaders.iris.pipeline.transform.transformer.CompatibilityTransformer/]: The in declaration 'vCoord' in the FRAGMENT shader that is never assigned to in the previous stage VERTEX has been compatibility-patched by adding an initialization for it. See debugging.md for more information.
[1912月2025 18:45:56.665] [Render thread/WARN] [net.irisshaders.iris.pipeline.transform.transformer.CompatibilityTransformer/]: The in declaration 'foliage' in the FRAGMENT shader that is never assigned to in the previous stage VERTEX has been compatibility-patched by adding an initialization for it. See debugging.md for more information.
[1912月2025 18:45:56.666] [Render thread/WARN] [net.irisshaders.iris.pipeline.transform.transformer.CompatibilityTransformer/]: The in declaration 'vCoordAM' in the FRAGMENT shader that is never assigned to in the previous stage VERTEX has been compatibility-patched by adding an initialization for it. See debugging.md for more information.
[1912月2025 18:45:56.666] [Render thread/WARN] [net.irisshaders.iris.pipeline.transform.transformer.CompatibilityTransformer/]: The in declaration 'viewVec' in the FRAGMENT shader that is never assigned to in the previous stage VERTEX has been compatibility-patched by adding an initialization for it. See debugging.md for more information.
[1912月2025 18:45:56.666] [Render thread/WARN] [net.irisshaders.iris.pipeline.transform.transformer.CompatibilityTransformer/]: The in declaration 'vertexDist' in the FRAGMENT shader that is never assigned to in the previous stage VERTEX has been compatibility-patched by adding an initialization for it. See debugging.md for more information.
[1912月2025 18:45:56.666] [Render thread/WARN] [net.irisshaders.iris.pipeline.transform.transformer.CompatibilityTransformer/]: The in declaration 'vCoord' in the FRAGMENT shader that is never assigned to in the previous stage VERTEX has been compatibility-patched by adding an initialization for it. See debugging.md for more information.
[1912月2025 18:45:56.698] [Render thread/WARN] [net.irisshaders.iris.pipeline.transform.transformer.CompatibilityTransformer/]: The in declaration 'foliage' in the FRAGMENT shader that is never assigned to in the previous stage VERTEX has been compatibility-patched by adding an initialization for it. See debugging.md for more information.
[1912月2025 18:45:56.698] [Render thread/WARN] [net.irisshaders.iris.pipeline.transform.transformer.CompatibilityTransformer/]: The in declaration 'vertexDist' in the FRAGMENT shader that is never assigned to in the previous stage VERTEX has been compatibility-patched by adding an initialization for it. See debugging.md for more information.
[1912月2025 18:45:56.698] [Render thread/WARN] [net.irisshaders.iris.pipeline.transform.transformer.CompatibilityTransformer/]: The in declaration 'vCoordAM' in the FRAGMENT shader that is never assigned to in the previous stage VERTEX has been compatibility-patched by adding an initialization for it. See debugging.md for more information.
[1912月2025 18:45:56.698] [Render thread/WARN] [net.irisshaders.iris.pipeline.transform.transformer.CompatibilityTransformer/]: The in declaration 'vCoord' in the FRAGMENT shader that is never assigned to in the previous stage VERTEX has been compatibility-patched by adding an initialization for it. See debugging.md for more information.
[1912月2025 18:45:56.698] [Render thread/WARN] [net.irisshaders.iris.pipeline.transform.transformer.CompatibilityTransformer/]: The in declaration 'viewVec' in the FRAGMENT shader that is never assigned to in the previous stage VERTEX has been compatibility-patched by adding an initialization for it. See debugging.md for more information.
[1912月2025 18:45:56.728] [Render thread/WARN] [net.irisshaders.iris.pipeline.transform.transformer.CompatibilityTransformer/]: The in declaration 'foliage' in the FRAGMENT shader that is never assigned to in the previous stage VERTEX has been compatibility-patched by adding an initialization for it. See debugging.md for more information.
[1912月2025 18:45:56.728] [Render thread/WARN] [net.irisshaders.iris.pipeline.transform.transformer.CompatibilityTransformer/]: The in declaration 'vCoordAM' in the FRAGMENT shader that is never assigned to in the previous stage VERTEX has been compatibility-patched by adding an initialization for it. See debugging.md for more information.
[1912月2025 18:45:56.728] [Render thread/WARN] [net.irisshaders.iris.pipeline.transform.transformer.CompatibilityTransformer/]: The in declaration 'viewVec' in the FRAGMENT shader that is never assigned to in the previous stage VERTEX has been compatibility-patched by adding an initialization for it. See debugging.md for more information.
[1912月2025 18:45:56.728] [Render thread/WARN] [net.irisshaders.iris.pipeline.transform.transformer.CompatibilityTransformer/]: The in declaration 'vertexDist' in the FRAGMENT shader that is never assigned to in the previous stage VERTEX has been compatibility-patched by adding an initialization for it. See debugging.md for more information.
[1912月2025 18:45:56.728] [Render thread/WARN] [net.irisshaders.iris.pipeline.transform.transformer.CompatibilityTransformer/]: The in declaration 'vCoord' in the FRAGMENT shader that is never assigned to in the previous stage VERTEX has been compatibility-patched by adding an initialization for it. See debugging.md for more information.
[1912月2025 18:45:56.762] [Render thread/WARN] [net.irisshaders.iris.pipeline.transform.transformer.CompatibilityTransformer/]: The in declaration 'viewVec' in the FRAGMENT shader that is never assigned to in the previous stage VERTEX has been compatibility-patched by adding an initialization for it. See debugging.md for more information.
[1912月2025 18:45:56.762] [Render thread/WARN] [net.irisshaders.iris.pipeline.transform.transformer.CompatibilityTransformer/]: The in declaration 'vCoord' in the FRAGMENT shader that is never assigned to in the previous stage VERTEX has been compatibility-patched by adding an initialization for it. See debugging.md for more information.
[1912月2025 18:45:56.762] [Render thread/WARN] [net.irisshaders.iris.pipeline.transform.transformer.CompatibilityTransformer/]: The in declaration 'vertexDist' in the FRAGMENT shader that is never assigned to in the previous stage VERTEX has been compatibility-patched by adding an initialization for it. See debugging.md for more information.
[1912月2025 18:45:56.762] [Render thread/WARN] [net.irisshaders.iris.pipeline.transform.transformer.CompatibilityTransformer/]: The in declaration 'vCoordAM' in the FRAGMENT shader that is never assigned to in the previous stage VERTEX has been compatibility-patched by adding an initialization for it. See debugging.md for more information.
[1912月2025 18:45:56.762] [Render thread/WARN] [net.irisshaders.iris.pipeline.transform.transformer.CompatibilityTransformer/]: The in declaration 'foliage' in the FRAGMENT shader that is never assigned to in the previous stage VERTEX has been compatibility-patched by adding an initialization for it. See debugging.md for more information.
[1912月2025 18:45:56.793] [Render thread/WARN] [net.irisshaders.iris.pipeline.transform.transformer.CompatibilityTransformer/]: The in declaration 'vCoord' in the FRAGMENT shader that is never assigned to in the previous stage VERTEX has been compatibility-patched by adding an initialization for it. See debugging.md for more information.
[1912月2025 18:45:56.793] [Render thread/WARN] [net.irisshaders.iris.pipeline.transform.transformer.CompatibilityTransformer/]: The in declaration 'vCoordAM' in the FRAGMENT shader that is never assigned to in the previous stage VERTEX has been compatibility-patched by adding an initialization for it. See debugging.md for more information.
[1912月2025 18:45:56.793] [Render thread/WARN] [net.irisshaders.iris.pipeline.transform.transformer.CompatibilityTransformer/]: The in declaration 'foliage' in the FRAGMENT shader that is never assigned to in the previous stage VERTEX has been compatibility-patched by adding an initialization for it. See debugging.md for more information.
[1912月2025 18:45:56.793] [Render thread/WARN] [net.irisshaders.iris.pipeline.transform.transformer.CompatibilityTransformer/]: The in declaration 'viewVec' in the FRAGMENT shader that is never assigned to in the previous stage VERTEX has been compatibility-patched by adding an initialization for it. See debugging.md for more information.
[1912月2025 18:45:56.793] [Render thread/WARN] [net.irisshaders.iris.pipeline.transform.transformer.CompatibilityTransformer/]: The in declaration 'vertexDist' in the FRAGMENT shader that is never assigned to in the previous stage VERTEX has been compatibility-patched by adding an initialization for it. See debugging.md for more information.
[1912月2025 18:45:56.824] [Render thread/WARN] [net.irisshaders.iris.pipeline.transform.transformer.CompatibilityTransformer/]: The in declaration 'vCoord' in the FRAGMENT shader that is never assigned to in the previous stage VERTEX has been compatibility-patched by adding an initialization for it. See debugging.md for more information.
[1912月2025 18:45:56.824] [Render thread/WARN] [net.irisshaders.iris.pipeline.transform.transformer.CompatibilityTransformer/]: The in declaration 'vertexDist' in the FRAGMENT shader that is never assigned to in the previous stage VERTEX has been compatibility-patched by adding an initialization for it. See debugging.md for more information.
[1912月2025 18:45:56.824] [Render thread/WARN] [net.irisshaders.iris.pipeline.transform.transformer.CompatibilityTransformer/]: The in declaration 'vCoordAM' in the FRAGMENT shader that is never assigned to in the previous stage VERTEX has been compatibility-patched by adding an initialization for it. See debugging.md for more information.
[1912月2025 18:45:56.824] [Render thread/WARN] [net.irisshaders.iris.pipeline.transform.transformer.CompatibilityTransformer/]: The in declaration 'viewVec' in the FRAGMENT shader that is never assigned to in the previous stage VERTEX has been compatibility-patched by adding an initialization for it. See debugging.md for more information.
[1912月2025 18:45:56.824] [Render thread/WARN] [net.irisshaders.iris.pipeline.transform.transformer.CompatibilityTransformer/]: The in declaration 'foliage' in the FRAGMENT shader that is never assigned to in the previous stage VERTEX has been compatibility-patched by adding an initialization for it. See debugging.md for more information.
[1912月2025 18:45:56.855] [Render thread/WARN] [net.irisshaders.iris.pipeline.transform.transformer.CompatibilityTransformer/]: The in declaration 'viewVec' in the FRAGMENT shader that is never assigned to in the previous stage VERTEX has been compatibility-patched by adding an initialization for it. See debugging.md for more information.
[1912月2025 18:45:56.855] [Render thread/WARN] [net.irisshaders.iris.pipeline.transform.transformer.CompatibilityTransformer/]: The in declaration 'vCoordAM' in the FRAGMENT shader that is never assigned to in the previous stage VERTEX has been compatibility-patched by adding an initialization for it. See debugging.md for more information.
[1912月2025 18:45:56.855] [Render thread/WARN] [net.irisshaders.iris.pipeline.transform.transformer.CompatibilityTransformer/]: The in declaration 'vertexDist' in the FRAGMENT shader that is never assigned to in the previous stage VERTEX has been compatibility-patched by adding an initialization for it. See debugging.md for more information.
[1912月2025 18:45:56.855] [Render thread/WARN] [net.irisshaders.iris.pipeline.transform.transformer.CompatibilityTransformer/]: The in declaration 'vCoord' in the FRAGMENT shader that is never assigned to in the previous stage VERTEX has been compatibility-patched by adding an initialization for it. See debugging.md for more information.
[1912月2025 18:45:57.063] [Render thread/WARN] [net.irisshaders.iris.pipeline.transform.transformer.CompatibilityTransformer/]: The in declaration 'vCoordAM' in the FRAGMENT shader that is never assigned to in the previous stage VERTEX has been compatibility-patched by adding an initialization for it. See debugging.md for more information.
[1912月2025 18:45:57.063] [Render thread/WARN] [net.irisshaders.iris.pipeline.transform.transformer.CompatibilityTransformer/]: The in declaration 'viewVec' in the FRAGMENT shader that is never assigned to in the previous stage VERTEX has been compatibility-patched by adding an initialization for it. See debugging.md for more information.
[1912月2025 18:45:57.063] [Render thread/WARN] [net.irisshaders.iris.pipeline.transform.transformer.CompatibilityTransformer/]: The in declaration 'foliage' in the FRAGMENT shader that is never assigned to in the previous stage VERTEX has been compatibility-patched by adding an initialization for it. See debugging.md for more information.
[1912月2025 18:45:57.063] [Render thread/WARN] [net.irisshaders.iris.pipeline.transform.transformer.CompatibilityTransformer/]: The in declaration 'vertexDist' in the FRAGMENT shader that is never assigned to in the previous stage VERTEX has been compatibility-patched by adding an initialization for it. See debugging.md for more information.
[1912月2025 18:45:57.063] [Render thread/WARN] [net.irisshaders.iris.pipeline.transform.transformer.CompatibilityTransformer/]: The in declaration 'vCoord' in the FRAGMENT shader that is never assigned to in the previous stage VERTEX has been compatibility-patched by adding an initialization for it. See debugging.md for more information.
[1912月2025 18:45:57.067] [Render thread/WARN] [net.irisshaders.iris.pipeline.transform.transformer.CompatibilityTransformer/]: The in declaration 'foliage' in the FRAGMENT shader that is never assigned to in the previous stage VERTEX has been compatibility-patched by adding an initialization for it. See debugging.md for more information.
[1912月2025 18:45:57.067] [Render thread/WARN] [net.irisshaders.iris.pipeline.transform.transformer.CompatibilityTransformer/]: The in declaration 'vertexDist' in the FRAGMENT shader that is never assigned to in the previous stage VERTEX has been compatibility-patched by adding an initialization for it. See debugging.md for more information.
[1912月2025 18:45:57.067] [Render thread/WARN] [net.irisshaders.iris.pipeline.transform.transformer.CompatibilityTransformer/]: The in declaration 'vCoordAM' in the FRAGMENT shader that is never assigned to in the previous stage VERTEX has been compatibility-patched by adding an initialization for it. See debugging.md for more information.
[1912月2025 18:45:57.067] [Render thread/WARN] [net.irisshaders.iris.pipeline.transform.transformer.CompatibilityTransformer/]: The in declaration 'viewVec' in the FRAGMENT shader that is never assigned to in the previous stage VERTEX has been compatibility-patched by adding an initialization for it. See debugging.md for more information.
[1912月2025 18:45:57.067] [Render thread/WARN] [net.irisshaders.iris.pipeline.transform.transformer.CompatibilityTransformer/]: The in declaration 'vCoord' in the FRAGMENT shader that is never assigned to in the previous stage VERTEX has been compatibility-patched by adding an initialization for it. See debugging.md for more information.
[1912月2025 18:46:06.087] [Render thread/INFO] [Embeddium/]: Flushed changes to Minecraft configuration
[1912月2025 18:46:10.685] [Server thread/INFO] [net.minecraft.client.server.IntegratedServer/]: Saving and pausing game...
[1912月2025 18:46:10.689] [Server thread/INFO] [net.minecraft.server.MinecraftServer/]: Saving chunks for level 'ServerLevel[宣传片2镜头]'/minecraft:overworld
[1912月2025 18:46:10.693] [Server thread/INFO] [net.minecraft.server.MinecraftServer/]: Saving chunks for level 'ServerLevel[宣传片2镜头]'/minecraft:the_end
[1912月2025 18:46:10.693] [Server thread/INFO] [net.minecraft.server.MinecraftServer/]: Saving chunks for level 'ServerLevel[宣传片2镜头]'/minecraft:the_nether
[1912月2025 18:46:31.835] [Server thread/INFO] [net.minecraft.client.server.IntegratedServer/]: Saving and pausing game...
[1912月2025 18:46:31.839] [Server thread/INFO] [net.minecraft.server.MinecraftServer/]: Saving chunks for level 'ServerLevel[宣传片2镜头]'/minecraft:overworld
[1912月2025 18:46:31.843] [Server thread/INFO] [net.minecraft.server.MinecraftServer/]: Saving chunks for level 'ServerLevel[宣传片2镜头]'/minecraft:the_end
[1912月2025 18:46:31.843] [Server thread/INFO] [net.minecraft.server.MinecraftServer/]: Saving chunks for level 'ServerLevel[宣传片2镜头]'/minecraft:the_nether
[1912月2025 18:46:32.685] [Server thread/INFO] [net.minecraft.client.server.IntegratedServer/]: Saving and pausing game...
[1912月2025 18:46:32.688] [Server thread/INFO] [net.minecraft.server.MinecraftServer/]: Saving chunks for level 'ServerLevel[宣传片2镜头]'/minecraft:overworld
[1912月2025 18:46:32.692] [Server thread/INFO] [net.minecraft.server.MinecraftServer/]: Saving chunks for level 'ServerLevel[宣传片2镜头]'/minecraft:the_end
[1912月2025 18:46:32.692] [Server thread/INFO] [net.minecraft.server.MinecraftServer/]: Saving chunks for level 'ServerLevel[宣传片2镜头]'/minecraft:the_nether
[1912月2025 18:46:44.286] [Server thread/INFO] [net.minecraft.client.server.IntegratedServer/]: Saving and pausing game...
[1912月2025 18:46:44.290] [Server thread/INFO] [net.minecraft.server.MinecraftServer/]: Saving chunks for level 'ServerLevel[宣传片2镜头]'/minecraft:overworld
[1912月2025 18:46:44.295] [Server thread/INFO] [net.minecraft.server.MinecraftServer/]: Saving chunks for level 'ServerLevel[宣传片2镜头]'/minecraft:the_end
[1912月2025 18:46:44.295] [Server thread/INFO] [net.minecraft.server.MinecraftServer/]: Saving chunks for level 'ServerLevel[宣传片2镜头]'/minecraft:the_nether
[1912月2025 18:46:44.725] [Render thread/INFO] [xaero.map.WorldMap/]: Finalizing world map session...
[1912月2025 18:46:44.767] [Thread-62/INFO] [xaero.map.WorldMap/]: World map cleaned normally!
[1912月2025 18:46:44.829] [Render thread/INFO] [xaero.map.WorldMap/]: World map session finalized.
[1912月2025 18:46:44.829] [Render thread/INFO] [xaero.hud.minimap.MinimapLogs/]: Xaero hud session finalized.
[1912月2025 18:46:44.832] [Render thread/INFO] [mezz.jei.forge.startup.StartEventObserver/]: JEI StartEventObserver received class net.minecraftforge.client.event.ClientPlayerNetworkEvent$LoggingOut
[1912月2025 18:46:44.832] [Render thread/INFO] [mezz.jei.forge.startup.StartEventObserver/]: JEI StartEventObserver transitioning state from JEI_STARTED to DISABLED
[1912月2025 18:46:44.832] [Render thread/INFO] [mezz.jei.library.startup.JeiStarter/]: Stopping JEI
[1912月2025 18:46:44.832] [Render thread/INFO] [mezz.jei.library.load.PluginCaller/]: Sending Runtime Unavailable...
[1912月2025 18:46:44.832] [Render thread/INFO] [mezz.jei.forge.plugins.forge.ForgeGuiPlugin/]: Stopping JEI GUI
[1912月2025 18:46:44.836] [Render thread/INFO] [mezz.jei.library.load.PluginCaller/]: Sending Runtime Unavailable took 2.714 ms
[1912月2025 18:46:44.887] [Server thread/INFO] [net.minecraft.server.network.ServerGamePacketListenerImpl/]: hanhanyu5014 lost connection: 连接中断
[1912月2025 18:46:44.887] [Server thread/INFO] [net.minecraft.server.MinecraftServer/]: hanhanyu5014退出了游戏
[1912月2025 18:46:44.889] [Server thread/INFO] [com.mo.economy_system.EconomySystem/]: 玩家 hanhanyu5014 登出，本次在线: 152秒，总时长: 691秒
[1912月2025 18:46:44.889] [Server thread/INFO] [com.mo.economy_system.EconomySystem/]: 玩家 hanhanyu5014 缓存已清理
[1912月2025 18:46:44.893] [Server thread/INFO] [net.minecraft.server.network.ServerGamePacketListenerImpl/]: Stopping singleplayer server as player logged out
[1912月2025 18:46:44.935] [Server thread/INFO] [STDOUT/]: [com.mo.economy_system.events.EconomySystem_EventHandler:onServerStopping:80]: Saving economy data...
[1912月2025 18:46:44.935] [Server thread/INFO] [Tritium/]: Server stopping, preparing async world save
[1912月2025 18:46:44.935] [Server thread/INFO] [net.minecraft.server.MinecraftServer/]: Stopping server
[1912月2025 18:46:44.935] [Server thread/INFO] [net.minecraft.server.MinecraftServer/]: Saving players
[1912月2025 18:46:44.935] [Server thread/INFO] [net.minecraft.server.MinecraftServer/]: Saving worlds
[1912月2025 18:46:44.964] [Server thread/INFO] [net.minecraft.server.MinecraftServer/]: Saving chunks for level 'ServerLevel[宣传片2镜头]'/minecraft:overworld
[1912月2025 18:46:45.018] [Server thread/INFO] [net.minecraft.server.MinecraftServer/]: Saving chunks for level 'ServerLevel[宣传片2镜头]'/minecraft:the_end
[1912月2025 18:46:45.018] [Server thread/INFO] [net.minecraft.server.MinecraftServer/]: Saving chunks for level 'ServerLevel[宣传片2镜头]'/minecraft:the_nether
[1912月2025 18:46:45.032] [Server thread/INFO] [net.minecraft.server.MinecraftServer/]: ThreadedAnvilChunkStorage (新的世界 (2)): All chunks are saved
[1912月2025 18:46:45.032] [Server thread/INFO] [net.minecraft.server.MinecraftServer/]: ThreadedAnvilChunkStorage (DIM1): All chunks are saved
[1912月2025 18:46:45.032] [Server thread/INFO] [net.minecraft.server.MinecraftServer/]: ThreadedAnvilChunkStorage (DIM-1): All chunks are saved
[1912月2025 18:46:45.032] [Server thread/INFO] [net.minecraft.server.MinecraftServer/]: ThreadedAnvilChunkStorage: All dimensions are saved
[1912月2025 18:46:45.101] [Render thread/INFO] [ChunkBuilder/]: Stopping worker threads
[1912月2025 18:46:45.111] [Render thread/WARN] [ModernUI-MC/Init]: Gui scale 3.662782727895819 should be an integer, some mods break this
[1912月2025 18:46:45.111] [Render thread/INFO] [ModernUI-MC/TextLayout]: Reloaded text layout engine, res level: 4 to 3, locale: zh_CN, layout RTL: false
[1912月2025 18:46:45.746] [Render thread/INFO] [net.minecraft.client.Minecraft/]: Stopping!
[1912月2025 18:46:45.750] [CullThread/INFO] [STDOUT/]: [dev.tr7zw.entityculling.CullTask:run:90]: Shutting down culling task!
[1912月2025 18:46:45.752] [Render thread/INFO] [ModernUI-MC/TextLayout]: Reloaded text layout engine, res level: 3 to 4, locale: zh_CN, layout RTL: false
